numero_de_cliente	prob
29186441	0.500231232249629
29187730	0.500127102022922
29187961	0.500243599765793
29193101	0.500324508382015
29193281	0.500177763845518
29198891	0.500442934832557
29200651	0.501631094080741
29200770	0.500115683300405
29201701	0.500186327282918
29205441	0.529408407318485
29207790	0.500221114091363
29207901	0.501059496633611
29215330	0.50011567079362
29217500	0.500373416804364
29218080	0.500237824760936
29219250	0.500150900578412
29226090	0.500170925964493
29229250	0.500468444376454
29236620	0.500126859357451
29243631	0.500151875872406
29247850	0.500911920900704
29251231	0.501118379000821
29255740	0.500129281082054
29257551	0.500144773953342
29257790	0.500147216682238
29267141	0.500199591254242
29274460	0.50046897832526
29277081	0.500573860105469
29280480	0.50080335740807
29280890	0.557781226972027
29283110	0.500142048627902
29284331	0.500394663686011
29286091	0.500350491927815
29288251	0.500936250719103
29289361	0.500288844500064
29292171	0.500914507165013
29292180	0.563385934325647
29295980	0.500133627025981
29297201	0.500384266602531
29298431	0.500640024215458
29300881	0.5001711279696
29300941	0.500123447503921
29302760	0.500140669041492
29304511	0.500730642300433
29315630	0.500570468389711
29322410	0.500298127202903
29325391	0.50049148702532
29332120	0.500116563269837
29334690	0.500120427492058
29334750	0.500134854850567
29338140	0.500103958031551
29344801	0.500145077883451
29344861	0.500469181626357
29345860	0.50221127962462
29346321	0.500115667200303
29346800	0.500210071035808
29347841	0.500142681818873
29347901	0.500162388374064
29348781	0.50012354249533
29351010	0.500150527635001
29352931	0.50013693997431
29357321	0.501494533480337
29361420	0.500201044601311
29361471	0.500111400311793
29362581	0.500117664943914
29362871	0.501775929749489
29363051	0.500200637474059
29367201	0.500307692145058
29367321	0.502148796325292
29370130	0.500466423538003
29375271	0.500506892464357
29382060	0.504788885560349
29389550	0.501214266158047
29389891	0.500214385956049
29391070	0.501076330142533
29391591	0.500241754116355
29393401	0.500255327233124
29400771	0.500155277240983
29401360	0.500133280159718
29402820	0.500265215672812
29403930	0.500149271855437
29404571	0.500223717595695
29408790	0.500118327898256
29409661	0.500199104962185
29411411	0.500316035133515
29413051	0.5004457664576
29413760	0.500294169018733
29414921	0.500134077786171
29415570	0.503182254224895
29417030	0.500277489037141
29421061	0.500897090151065
29427440	0.500592557811062
29431471	0.507357552979694
29435681	0.500241205137573
29439191	0.501685304659025
29445271	0.500337365353703
29448491	0.500184375823471
29450950	0.501353498144344
29453171	0.5033544256338
29453230	0.502871069709645
29455801	0.527840258398696
29456390	0.503007713471511
29456851	0.500140619430334
29458431	0.500124273247605
29459541	0.503177640914623
29459891	0.500703594860246
29460540	0.500125211058743
29464170	0.505802659529512
29464861	0.500113589735522
29467500	0.500240800698771
29470250	0.50060220037428
29473640	0.500224650732773
29479891	0.501176467048362
29486160	0.530973364947114
29487201	0.506569181963375
29487970	0.504634984575239
29490720	0.500234498076747
29497031	0.500378925002482
29497680	0.500155448132714
29499951	0.500269703317385
29501480	0.500243309150805
29503290	0.500142737023975
29511070	0.501875845463808
29512231	0.500492578741062
29512880	0.50011136549276
29514870	0.500500408245945
29515161	0.501199236016949
29522300	0.500386637100429
29522821	0.500115524272069
29524631	0.511996621614229
29525331	0.500190080821119
29525741	0.500196557224704
29527261	0.500113876084164
29531531	0.50016902494469
29532231	0.50015710569286
29533760	0.501698390482437
29536971	0.501240734515618
29541301	0.50011542230458
29541950	0.501039126720252
29542231	0.500137608039147
29542701	0.500594322064541
29546160	0.502713377881113
29548850	0.500805779584294
29550191	0.500112757464205
29551360	0.500502898077625
29554631	0.500150476158619
29557620	0.500144625435188
29561130	0.507528478766088
29571010	0.500452652412734
29571531	0.500123112284814
29575511	0.501868658846742
29576040	0.50074169990209
29577321	0.50014978478263
29582300	0.500923800374652
29582590	0.500288898166612
29583530	0.500123214164659
29587731	0.50016091452991
29587740	0.500178708415283
29592010	0.501590785027442
29592761	0.500921513888267
29592940	0.500133084496792
29593291	0.501346233196129
29593760	0.500181148195501
29599311	0.50014628436266
29601531	0.500441451408783
29604640	0.501114744519563
29604870	0.500332571059988
29606800	0.500316555700518
29609371	0.5001275979204
29610361	0.500136373388786
29611301	0.500176281398691
29614051	0.50022346859238
29614981	0.500176127690601
29618961	0.501004097657662
29624461	0.500753621379302
29624751	0.500426653786554
29625460	0.50030544325613
29628261	0.500728849552557
29635041	0.50018051722327
29643171	0.500138205833125
29644281	0.500112573796819
29644990	0.500278751244059
29648850	0.500133753254762
29652351	0.502662037095664
29652941	0.500316041485286
29660490	0.500239329128186
29661361	0.500315550492684
29662821	0.500148673271654
29673351	0.500153661153819
29673641	0.500415274270157
29678261	0.500120659222513
29680780	0.500151577624384
29680900	0.502486499620443
29686570	0.500799635127464
29688611	0.502454031622935
29688620	0.501259918522231
29691771	0.500125852799525
29700661	0.500341998344816
29707740	0.500192187641024
29710311	0.500721838336242
29714580	0.500289710183941
29716100	0.500553981917108
29716451	0.500115673201275
29717211	0.503056463340728
29718150	0.500226516376826
29718201	0.500187157956812
29720200	0.500336951767263
29722830	0.500200325350769
29724820	0.53367088318405
29730900	0.500524582389174
29733351	0.500148076378193
29734111	0.500311545877764
29735281	0.50087214967399
29737100	0.502210949476989
29741301	0.50016816097139
29747091	0.500151728515698
29749721	0.500419082875395
29755341	0.543081959270289
29760311	0.500131123896244
29765230	0.500714392309359
29773581	0.500128917218918
29774410	0.501137053214277
29777211	0.501535083221628
29777920	0.500676152097901
29778261	0.500119071158722
29780251	0.502030271822194
29781250	0.500175402262437
29782010	0.500171620218274
29782130	0.5001551648205
29787911	0.50088115097647
29794991	0.500298085546075
29798791	0.500128348099188
29799320	0.500260328825537
29804111	0.500145502036366
29804350	0.500197859481903
29806391	0.50026480217089
29808620	0.500903059444719
29810490	0.500114609544336
29814461	0.500906577000478
29816331	0.504664357248789
29818851	0.500525491371791
29819380	0.500120323710003
29820020	0.500616787740885
29821301	0.500524286013228
29821421	0.500232682853205
29827911	0.501802321922395
29829790	0.500165338186207
29842190	0.500522817918849
29844410	0.500290394547438
29852651	0.502361135701417
29853881	0.533309051597684
29854991	0.500157850688562
29858150	0.501490520225528
29859841	0.500377225272579
29860840	0.500159691128436
29861011	0.502065402690674
29861891	0.500193108454321
29862950	0.500178168973499
29866280	0.500984639695773
29869491	0.500119923951386
29873240	0.500173590865537
29874171	0.500175223568528
29875870	0.500112925854843
29876340	0.503527007590762
29882130	0.500240462091846
29884470	0.504667186860235
29885930	0.500766381689132
29891310	0.500342610529125
29894530	0.500135762918555
29899850	0.500240481266457
29905051	0.50044264959115
29908031	0.500285884307061
29909500	0.500119802492577
29911430	0.500150330224149
29914871	0.500366344052599
29915990	0.500193270413383
29916451	0.500214908880766
29919841	0.50132936299199
29923701	0.501215160450197
29924991	0.500367950653352
29926451	0.500183818292559
29927980	0.50065642213292
29932941	0.500392970743692
29939560	0.500119498371853
29939730	0.502453942291871
29941421	0.50282094588105
29943770	0.50014502216112
29943830	0.500439493750586
29944291	0.500141482186985
29945871	0.500221036421339
29949731	0.500635380430124
29954111	0.539927621122205
29954991	0.50020732038563
29955170	0.502636699132675
29955631	0.500153678943878
29956101	0.502313436522846
29958210	0.50161157995581
29958620	0.500811165690411
29960781	0.500918786610993
29962070	0.500208440624727
29963881	0.500132996234512
29964991	0.500186768726765
29966340	0.500111040404857
29971020	0.500119923812849
29972831	0.500138173877785
29978620	0.500282128869522
29979620	0.501109195076815
29980260	0.500842499176478
29980380	0.500788538951679
29981541	0.500532584493733
29982600	0.500459477034829
29988381	0.500128634925411
29996340	0.500386759645872
29996981	0.500372116841624
29997220	0.500345265194649
29998100	0.500126376504351
29999210	0.500259337221402
30003770	0.500138379632824
30004521	0.500502231677039
30005700	0.501114216619957
30006580	0.500920472907773
30010141	0.500279223198481
30012711	0.500131781031338
30014180	0.501256236520441
30015341	0.500146970694229
30017391	0.500409315045236
30020200	0.504154033361083
30024291	0.500137171808226
30026460	0.502000869809973
30031721	0.500259188975509
30035341	0.505917471998348
30038510	0.50064580870379
30038860	0.500230916873144
30041541	0.502892163552977
30042421	0.50012520216473
30043471	0.500125195129586
30044650	0.500128030030462
30050551	0.500118667877861
30052370	0.501114110479307
30052891	0.500199108306452
30053181	0.500239438244821
30054180	0.500123092090195
30054291	0.500614731268099
30054351	0.50014569930528
30056400	0.501642058179642
30056571	0.500658669745095
30065341	0.500136934120196
30082660	0.500138405317849
30084470	0.50054402965783
30085700	0.507483174283793
30087750	0.500390156827075
30088390	0.500149023265693
30091960	0.500122034850531
30092541	0.500446879030488
30101610	0.500118380735993
30105290	0.501498380983837
30109091	0.500696864067691
30110021	0.500395158877262
30112421	0.500405766981079
30116161	0.500400858900204
30120730	0.500400571881696
30123711	0.500129177701473
30123881	0.503747809297235
30126751	0.501727800992857
30130551	0.500186333479298
30131140	0.500205537105668
30132951	0.500123293376847
30133531	0.503578488124727
30135171	0.502027816877689
30136631	0.500119055417923
30138151	0.50040044035057
30143190	0.500144974644402
30149671	0.50018725095719
30159501	0.500126423497959
30159680	0.578474092767358
30165470	0.500153877769545
30185940	0.501243805416988
30188681	0.500589781453316
30190850	0.500161724942371
30192080	0.500130545793993
30192310	0.500144675104528
30192601	0.500390980617556
30193250	0.500201950949915
30193301	0.50015403224995
30203181	0.500471084903584
30205120	0.533893409217949
30205880	0.50014511473457
30206281	0.500274097017297
30207690	0.500166471244314
30210551	0.500620289109281
30212541	0.500130794123647
30214010	0.500193228693334
30217861	0.500528509686955
30220730	0.500229282217912
30222490	0.500455665590515
30222780	0.500206407302366
30222840	0.500536153413366
30224001	0.500486259054389
30225120	0.500227630983494
30226580	0.501251316709414
30228920	0.50049458408735
30235470	0.500140420719855
30235641	0.500143703797116
30235760	0.500180074037563
30238920	0.500136239763046
30239381	0.500504770149445
30240261	0.500144622848037
30241251	0.500139656264736
30243130	0.501551637527199
30243310	0.500485242550568
30255410	0.50011974453923
30255880	0.500417950662221
30256170	0.500118776266226
30257281	0.500379403345074
30258630	0.500225085280033
30260671	0.500139532495271
30276521	0.50012521547059
30276871	0.500277080178397
30278570	0.500210462970231
30278801	0.500125141806329
30279450	0.500134571944122
30283651	0.500882813501877
30294761	0.501499926712333
30300090	0.500376309437504
30301380	0.500155771992113
30303480	0.500747049967409
30304241	0.500266632282991
30305001	0.500159045183292
30315231	0.50040208571539
30316350	0.500174568763707
30317691	0.500144958373395
30325240	0.500148048760922
30327400	0.500113636309853
30330680	0.50011695085759
30335650	0.500119257406548
30337810	0.500375327081132
30338220	0.500196649623366
30339160	0.500160879008413
30339510	0.500283069900806
30339800	0.501636981410056
30341551	0.500172625860705
30344821	0.502154079101344
30345530	0.501668033668108
30345581	0.50163593339045
30346640	0.500176047930344
30346871	0.500238353458355
30351841	0.501403483965788
30352020	0.500194183150857
30356461	0.500404513216613
30359271	0.500118194708238
30361201	0.500137276847315
30362661	0.50011439381767
30369450	0.500939134576051
30375061	0.501413261399374
30378220	0.500213189886982
30381440	0.500371046732966
30385991	0.500111603644502
30388630	0.500197705878395
30396700	0.500313458338035
30400150	0.501949018567925
30401790	0.500542085311185
30412191	0.500929719041617
30415641	0.500132758207681
30418630	0.500125718002192
30420500	0.505057528969432
30422661	0.501170964089512
30425940	0.500123168258379
30426000	0.50668092914918
30427281	0.500126481816304
30431901	0.500476418363977
30434420	0.500705986429046
30439220	0.500691246931682
30439920	0.500226000757822
30440791	0.50019134036689
30442781	0.501122741282105
30443191	0.500387424617945
30443771	0.500264473367113
30449040	0.500162159707431
30449220	0.50025567766198
30449971	0.500235003862458
30455650	0.503908391330901
30456231	0.500114147228666
30458340	0.500151462255913
30458391	0.500131195885681
30460321	0.502357890576516
30463660	0.500531658405093
30466051	0.50021231985325
30466470	0.500185160891237
30466871	0.50130542554126
30470851	0.500170684822522
30475240	0.500520337327293
30476180	0.502504981220039
30477990	0.500671212120639
30483361	0.500500055081762
30484301	0.500492237478214
30485010	0.500122349269651
30486530	0.500138666256325
30487341	0.500428727401958
30493071	0.50013480716106
30493370	0.500127845472913
30494711	0.500246515817894
30496940	0.500709215541581
30498690	0.500658377403614
30505300	0.500210705866116
30506000	0.501185171151043
30513140	0.500135921164555
30516470	0.500117604666275
30516701	0.500468902889274
30521141	0.500380248102651
30523900	0.50015635613739
30524480	0.500139980922937
30525941	0.50012289109189
30529690	0.500289752073242
30529920	0.501403671990514
30530800	0.502660815276052
30532200	0.500119248957523
30534070	0.500758241772734
30534241	0.590136599505465
30537760	0.500179335811371
30539510	0.500610954318383
30545240	0.50055825884878
30548631	0.500364723344867
30549271	0.500309623829372
30554600	0.500244403252293
30556000	0.501492628909042
30561321	0.500132487713038
30565351	0.502544017408593
30574130	0.500586318429346
30577521	0.500919898812755
30581090	0.50056971994683
30581671	0.500915561929952
30584711	0.505416235559904
30587461	0.500144383710032
30588050	0.501644010131894
30589220	0.500955052170983
30590381	0.500127616908531
30593720	0.500160854358315
30594301	0.500193892131956
30597521	0.50030667996185
30600040	0.500338732249233
30604241	0.50012083072222
30604370	0.500296699614195
30604481	0.500180751820873
30605650	0.500303729512309
30606650	0.500272172248815
30609101	0.500318778562184
30614190	0.500861285794722
30617060	0.500113805111901
30618580	0.500112844371261
30618861	0.500254187982477
30621620	0.500318198964986
30623080	0.500325289960904
30626880	0.50011037692984
30629331	0.500444549701153
30638460	0.500121082122672
30645181	0.500132831449943
30646530	0.500251479185761
30647290	0.500208036877952
30648921	0.500628236465116
30655121	0.500173761022119
30655480	0.500160582277922
30657640	0.500124677325417
30658161	0.500991974338862
30658400	0.500161985881127
30663260	0.501440076853743
30665531	0.500184816699077
30668571	0.500167882134954
30672611	0.500150107408543
30677290	0.500292007932766
30679041	0.503233287934008
30681321	0.501134120097408
30681791	0.500564912297593
30685881	0.500777822565019
30687871	0.500147398048492
30691910	0.500302522456078
30692201	0.500128833306463
30693430	0.500225247570212
30695130	0.500240270594442
30698460	0.500434840446826
30702260	0.500573106829122
30705881	0.500191211668559
30706240	0.500129671663665
30707231	0.500118308926089
30707931	0.500227504072957
30708281	0.500140270177069
30709570	0.500382188746533
30711091	0.50047336400955
30711321	0.500129601528599
30711851	0.500344993802161
30713900	0.500236728659178
30715480	0.500148333183981
30717120	0.500354550007678
30718221	0.500644901019904
30720570	0.502127573713875
30722030	0.500231889775114
30725480	0.500123395437297
30726650	0.500282724712586
30726710	0.500147854547307
30735190	0.516883072854266
30735241	0.500318330387026
30737290	0.500176601404586
30745770	0.501532383057761
30746710	0.501265594296051
30751210	0.500303522747431
30753260	0.500277297361637
30755420	0.500178817017716
30757940	0.500132855410797
30760151	0.500127650878034
30764421	0.500283715269727
30769391	0.500149161649436
30773251	0.500129253657247
30774601	0.500441014796935
30777871	0.50025121005396
30779571	0.500253479250747
30784011	0.500129677959964
30784071	0.500418958896132
30788051	0.500149643008404
30788691	0.500171217381558
30790570	0.500589860021667
30793081	0.500631754209416
30793311	0.500133526849208
30794020	0.500119056399382
30799571	0.500372270825485
30803721	0.500253566587971
30805890	0.500742359434296
30807991	0.501409661986957
30812970	0.50015530310846
30817581	0.500124494923761
30820690	0.50029815279599
30825070	0.50032592014645
30825711	0.501557924394856
30831091	0.500594759728617
30833900	0.500410222356201
30838000	0.500235309800449
30838350	0.500123213608593
30838461	0.500876961960476
30839631	0.500146000819091
30840741	0.500494850335764
30841151	0.500251797377648
30841800	0.500172549897936
30844140	0.500121927429199
30845950	0.501214921369527
30850041	0.500337167860069
30851381	0.500119004937561
30863311	0.500120429052869
30863670	0.504548577375025
30865831	0.500406446203372
30867470	0.504186385242182
30869571	0.500161892583391
30870100	0.500518801413788
30872210	0.500125842086758
30879221	0.500140390229098
30881040	0.503009173384802
30881151	0.50018367326669
30885301	0.502224312524221
30885540	0.502393953179738
30887931	0.500413550075629
30889870	0.500136155029123
30893021	0.500258789589331
30897701	0.501208415797959
30898060	0.500133248966165
30903670	0.500247619356135
30907300	0.500304672809857
30925130	0.50037322978972
30925310	0.500569510650252
30932850	0.500273510431674
30934200	0.500350538012517
30934721	0.500249690858889
30935891	0.50068638100461
30941160	0.504473684221858
30941621	0.506443706419206
30950041	0.500156340611498
30956531	0.500124360246362
30959571	0.500259247576673
30960980	0.500541662200734
30961800	0.501283583396621
30976540	0.500120695119596
30977940	0.500537042047767
30978290	0.500146720232499
30981390	0.50067068310934
30981450	0.500793264052108
30982330	0.500253609854073
30983611	0.500161217008159
30984260	0.500116218641148
30988350	0.500381303816995
30993901	0.500256742414731
30994670	0.500300755291357
30995430	0.500143831658012
30996010	0.500891270075264
30996830	0.500114700602797
30999050	0.50059034229849
31003611	0.500208890335266
31005430	0.500149497201975
31006070	0.500515704771289
31009050	0.500466847736531
31010571	0.500299311704823
31013021	0.500147850664307
31013431	0.500127723392577
31015891	0.500188509020035
31018060	0.500215362405166
31018811	0.50016746293195
31019110	0.51168864664262
31023781	0.500162766538019
31025191	0.50014247520126
31027471	0.500541860899064
31027650	0.500406949713807
31032261	0.500171084322615
31036480	0.500265528492611
31037650	0.500132413666251
31040220	0.500152264816595
31040690	0.500394399330377
31041160	0.501956212948887
31043910	0.500119540977397
31046770	0.50031829866141
31047590	0.500339817715325
31053090	0.50024200395162
31053551	0.501558041188171
31053850	0.500145515955122
31059631	0.501170515485565
31067121	0.500120975299745
31067761	0.500133926847776
31070511	0.500276852336014
31072680	0.500168137339116
31077010	0.500187666454944
31077411	0.500116348972038
31078931	0.500464913172716
31080161	0.501397048363295
31082321	0.500182492060287
31088060	0.500755465073253
31089281	0.545057336993099
31092270	0.500310591584643
31093910	0.500268862192852
31095011	0.5003063540357
31096771	0.503725194602928
31099580	0.500508343423398
31101971	0.500191652803359
31102091	0.500310803558799
31102970	0.500246541001395
31103150	0.500138789816823
31109580	0.50013944546505
31114610	0.500290743891102
31116301	0.500313533969146
31117181	0.5166649333196
31122321	0.50018960622696
31124431	0.500237952062416
31126540	0.501700355097062
31126651	0.500190186904982
31128291	0.500720210781661
31131510	0.500119956166795
31136361	0.500149513406466
31137420	0.500123598742487
31147360	0.500295331730154
31152031	0.500241488876688
31154021	0.500119258265104
31154141	0.500342635588677
31155541	0.500729495715144
31160221	0.500145722044115
31160400	0.554856388821339
31162151	0.500475023101111
31165541	0.500243742461107
31172330	0.500218989000108
31182680	0.500954750059555
31186890	0.500261153729534
31188931	0.500168625558394
31190930	0.500149720393374
31193270	0.5001283140344
31194491	0.500780653169178
31195891	0.500657552027739
31197420	0.526256149803435
31198411	0.501194710620032
31199341	0.500601513554511
31200691	0.504027297308431
31201101	0.500119092843082
31211681	0.500126730320436
31212920	0.500149020426096
31213150	0.500269588773727
31213970	0.500374428372451
31219811	0.500156781488278
31220691	0.578342712405388
31232441	0.500211941482156
31232860	0.50013098991197
31233961	0.500279975748742
31243201	0.500224996275613
31244610	0.500390092479261
31244670	0.500290185167053
31245721	0.500198262337814
31248351	0.50127483322895
31250751	0.500416886363666
31252911	0.502206613511603
31256020	0.500624615577335
31260110	0.500267715977751
31262501	0.500196819847754
31265131	0.500711410999015
31266011	0.505293460442711
31269120	0.500108809949978
31275840	0.587493836561493
31276190	0.500271850934269
31280810	0.500470874737501
31281451	0.500248897520514
31284380	0.500652018184355
31284781	0.508875236423605
31288761	0.500240357065049
31290571	0.500134268363787
31291400	0.500320796692165
31298360	0.500336858507912
31303970	0.500126484152338
31304910	0.500919395240655
31308471	0.500162269238229
31309350	0.500308849237106
31311810	0.500222919940106
31319530	0.500466517315216
31322980	0.500397048864685
31328530	0.500129106054576
31328590	0.504670486721079
31330571	0.501199451398404
31331690	0.500134402265178
31335021	0.500138738905697
31344201	0.500119406679155
31345371	0.500123990525659
31355140	0.500164040083252
31359530	0.500115049136402
31363381	0.500560153661055
31363791	0.500381269577188
31367361	0.500375127645927
31369641	0.502179217889031
31383501	0.500359524809298
31384321	0.500911905579308
31389111	0.500477565627259
31390990	0.500201903509533
31391520	0.502050926950197
31394611	0.500382472662905
31404081	0.50012329016331
31409060	0.650502822279026
31415371	0.500133057587781
31417130	0.5002034076138
31417241	0.503175053565467
31419111	0.500629577120893
31423740	0.501502954590901
31433381	0.501484336390706
31433450	0.500322304375455
31451631	0.500172323127664
31453740	0.500983810822677
31462100	0.500131536591169
31462690	0.510853239127093
31463031	0.500726607979624
31463621	0.500144439114921
31463860	0.500442822386013
31465550	0.500318029987097
31474141	0.562369743553771
31480751	0.500444952778629
31481580	0.500121216290748
31482280	0.50014020680866
31482741	0.500244149446589
31486550	0.500568280631354
31496840	0.500116353523333
31499820	0.500173213779621
31505850	0.500847997081318
31505961	0.501466902433714
31506481	0.50034238754471
31506951	0.500581693022353
31507600	0.500293769411502
31509590	0.500999343270386
31511861	0.500139884320026
31513680	0.501209961243202
31515380	0.500208709036243
31515850	0.500201999228266
31516131	0.500346762089761
31522741	0.504398536790381
31522801	0.500138117847016
31527651	0.500210954264194
31532041	0.500162478521524
31537780	0.500196889769784
31540341	0.500270913690772
31540811	0.500379399313253
31544611	0.500126420416489
31544850	0.501369624508713
31550231	0.500355889128766
31556550	0.500867564219059
31557600	0.500109303546485
31558010	0.500329275814696
31558121	0.500164420903632
31562810	0.502200065363837
31567370	0.50030340507585
31574330	0.505110295731817
31575371	0.500129690611655
31580290	0.500942549041196
31586900	0.500875740523828
31595431	0.501388014577281
31595781	0.500488615511055
31596670	0.500140781696675
31607711	0.500373800818522
31608010	0.500485937899664
31609471	0.500119935852018
31611110	0.500158082519423
31618181	0.500817823226978
31619710	0.504888191513985
31620000	0.500409988948864
31622220	0.500135367402661
31622630	0.500190489678682
31623271	0.500127013476871
31624740	0.500201042386462
31629821	0.500141887781916
31630111	0.500133796241866
31633510	0.51209520438085
31637361	0.500197117479411
31639770	0.500111125779235
31652750	0.519801108401213
31655611	0.50018757368184
31656311	0.501076250643935
31656371	0.500613640263883
31657481	0.50015407888003
31658651	0.500551201445285
31662630	0.501252906085308
31663271	0.500112028907749
31678890	0.503826034985202
31681290	0.500419677953065
31683510	0.500134785434549
31689351	0.500332508011235
31690470	0.50014760082146
31693220	0.500127714487869
31697780	0.504413245998236
31714971	0.500537526641965
31715261	0.501144122014205
31716431	0.500719744399925
31717370	0.500638955748205
31720701	0.500178198216896
31721521	0.500321572932237
31722460	0.50031058286141
31723160	0.500365382154069
31726661	0.50050898506093
31727251	0.50022814362902
31731410	0.50017269664061
31731461	0.500210500321923
31735030	0.50012251971429
31739061	0.500288214096752
31739531	0.50763611753101
31743451	0.500477801716748
31747430	0.500170434759665
31749061	0.500515263832042
31749650	0.500459904851914
31749770	0.500380272733686
31753340	0.500369748066435
31759650	0.501261249499907
31759761	0.50017816840623
31763690	0.500417407091592
31766260	0.503208870344727
31772631	0.500271274085731
31774381	0.500130726514802
31776551	0.500160978594997
31776901	0.500170183013676
31778361	0.50016608204492
31779070	0.500837453187334
31780060	0.500444780698802
31780351	0.500218095741536
31784211	0.503031102330659
31785270	0.500158358250611
31786730	0.500202991090071
31792520	0.5001213125596
31794911	0.500246054459372
31804791	0.500165154878223
31805270	0.500308560174563
31808780	0.500193922281278
31813400	0.500275938435285
31815611	0.500836495440152
31817490	0.500131896668891
31819241	0.500351148447021
31819531	0.500925473851585
31820650	0.500275541515903
31821581	0.500769270023226
31824800	0.50380816586394
31825441	0.500895800045993
31833400	0.500179094861196
31833451	0.500831381379473
31836440	0.504206098984184
31837430	0.500215226124846
31842691	0.518932614944421
31846431	0.504933347412368
31849821	0.500110230285999
31849890	0.5003055339825
31850180	0.500204245400939
31861111	0.500213028805212
31869711	0.500151686563463
31871000	0.50138983000984
31872631	0.50017100161069
31878370	0.501717650715192
31879531	0.50043658254884
31880821	0.501035247783995
31882640	0.500302606416535
31882981	0.500608944265153
31886551	0.50041211915366
31889121	0.502677398539092
31890761	0.501117333512936
31892580	0.501915371641957
31892691	0.500657432328794
31892751	0.500648185359875
31893810	0.500227378181722
31895150	0.500336581264013
31903161	0.500109122092093
31907260	0.500137535290065
31910291	0.500332811168381
31915740	0.500974330217394
31924971	0.500376747280571
31925680	0.500857973600643
31926201	0.500383665603557
31927251	0.500179347662828
31928071	0.500985327165944
31928660	0.500617753524122
31928891	0.507021859092103
31932170	0.500249123247204
31933460	0.500137983129816
31938020	0.500404390014095
31940360	0.50040122463602
31942811	0.500705221912783
31946440	0.500319103759016
31954280	0.500745034846659
31956090	0.500329062818262
31957320	0.501155689937085
31960770	0.502420992704054
31968840	0.500181101240942
31969250	0.500738723259621
31972221	0.500224035917571
31974100	0.500132897402933
31980881	0.514137600647373
31981470	0.500132603844905
31985791	0.500287258466302
31989130	0.500697054585987
31993981	0.502788710138693
31999301	0.500152799496488
31999941	0.500222008313762
32002760	0.500114161795514
32003631	0.50318818208422
32005381	0.500353856804133
32005851	0.500586753823851
32007431	0.500767426829557
32007610	0.50013492777763
32008140	0.500140340641593
32014160	0.50030643775783
32015381	0.50013335047851
32021060	0.500188700131765
32025911	0.500343655223324
32026790	0.500215763128647
32028490	0.500131346846311
32028661	0.500350711127169
32030411	0.500182664903603
32031291	0.500248143520656
32031470	0.50063654238937
32033571	0.500227034932015
32036321	0.500203080635347
32037260	0.50149136649487
32038430	0.559471614235006
32042281	0.501507462763966
32043460	0.503301193385108
32045211	0.50012685538812
32051521	0.500240077426823
32053691	0.500236430348391
32054331	0.500157630241028
32061470	0.500792655665465
32065851	0.500174556630682
32071641	0.500116471722162
32074861	0.501238419239483
32075100	0.501638618199273
32076210	0.500128800401493
32076970	0.500184150318287
32077200	0.500139725226384
32082000	0.500133816791649
32084271	0.500783899068172
32084690	0.500309723602404
32086321	0.512939323334234
32091120	0.500137112709345
32091820	0.524466258377586
32092350	0.5003838062018
32093750	0.500124339802447
32093810	0.500432648559475
32094220	0.500297688410337
32100070	0.500150916916749
32100121	0.500211179537251
32110070	0.500180104823614
32119891	0.500317489259172
32122751	0.500154604484944
32122991	0.500354870654905
32127961	0.500136998904187
32128900	0.500422658388336
32131821	0.500122028286574
32132231	0.500185428554696
32143170	0.500374622201217
32143751	0.500409414834257
32144400	0.500241934832926
32145330	0.5002535029869
32145390	0.50019484597613
32149361	0.500309464898797
32150941	0.500138987776483
32151991	0.500471754047141
32156321	0.502681157367741
32159361	0.500191616157861
32164861	0.500106028038074
32167440	0.500739543942636
32168260	0.500277123957499
32172111	0.502083124134577
32174220	0.502626647812191
32175091	0.500265860401472
32175740	0.500114150013228
32178371	0.500165609112949
32181291	0.500160071825557
32183290	0.500314098105885
32185851	0.500249894320896
32186560	0.500222815726323
32191770	0.500296361415339
32192171	0.500115048411036
32192231	0.500521694861618
32205570	0.500182848321966
32208951	0.500184625447227
32210591	0.500168326561168
32214041	0.500168857683874
32219421	0.500235130568498
32219430	0.500300675310556
32222700	0.50014490976297
32229020	0.500380899429853
32230890	0.500407697804612
32231061	0.500126449227809
32234340	0.500260961341373
32241821	0.500399793435394
32242871	0.500109160968367
32243290	0.500262308337861
32243341	0.500128619453788
32244280	0.500422947193246
32250890	0.505700355056879
32258550	0.500197515947278
32260190	0.50094662476034
32264041	0.500557007497951
32266731	0.500985334497483
32267551	0.500392745917521
32269430	0.525163386972359
32269891	0.500556835775159
32270950	0.509827132998687
32276731	0.501055903053324
32280070	0.500162867675998
32280591	0.513162181808592
32282060	0.500391508369311
32284801	0.501721006582477
32285690	0.500234198949495
32286791	0.500143459724833
32287620	0.500137198995892
32288661	0.505404751158857
32296450	0.500178643684873
32302111	0.500242469117408
32302180	0.500356584300683
32305160	0.500136820346446
32314170	0.500298912254991
32317440	0.500125737216622
32322171	0.500249204433657
32322231	0.500936591929321
32326040	0.501514078816608
32329840	0.500114754531923
32330421	0.500468259041605
32330480	0.500778280783354
32336091	0.500167194517553
32336740	0.50012509284653
32338960	0.500268767136832
32342001	0.500366495646666
32342470	0.500850665568855
32349601	0.500143885773223
32355340	0.500135981716717
32357961	0.500162373517615
32373811	0.500281393718306
32375750	0.500318623387665
32378371	0.500107087469528
32383640	0.500553488190848
32384981	0.500289116739894
32385861	0.500425072126194
32386100	0.500116566668
32388201	0.502357689375793
32388721	0.500920966411041
32390660	0.500241151394738
32394750	0.500217830948341
32396390	0.500226862281004
32398431	0.500425611758997
32399490	0.50024896531424
32403230	0.500266767824873
32403350	0.500456709345114
32403760	0.500389978832044
32408021	0.500184578408627
32409191	0.50058025759071
32409601	0.5003236446425
32415690	0.500273894053761
32416860	0.50027645641417
32418090	0.500132252789632
32418431	0.50072131176641
32420250	0.500243657048749
32430950	0.500343647349324
32433231	0.500166631522809
32435570	0.500132528204557
32437560	0.500251028550161
32438491	0.500311553431835
32439951	0.502450224367053
32440481	0.500435678084936
32441181	0.506274135037274
32442360	0.500160496437826
32444221	0.500237205598488
32447740	0.500295537838459
32452880	0.500128301042421
32454921	0.50019893454731
32455750	0.500434010531309
32457261	0.500240914271544
32457321	0.500123035014378
32459430	0.500124411355847
32460131	0.500123075553636
32468431	0.52892839465789
32468500	0.502947210090349
32472001	0.500147883981964
32480771	0.500151228835884
32488611	0.50028257629738
32492360	0.500431551291413
32497150	0.500242286611627
32498901	0.500276280071154
32498961	0.500453332681124
32507970	0.500446220253131
32514811	0.500241923775236
32515981	0.500136319344935
32516501	0.500154968293801
32522940	0.500173380138718
32525460	0.500135801403381
32527740	0.500325247541486
32528730	0.500223176337944
32529371	0.502366583231741
32531651	0.50050175139265
32537671	0.500121413093525
32543350	0.500424738453
32544981	0.500651628767209
32545750	0.500290738603954
32545981	0.50742856590191
32554281	0.500154683773199
32554401	0.500122783514556
32554751	0.500120054438726
32556391	0.500160714700754
32556630	0.500456187168915
32557390	0.504035913553969
32558560	0.500755797303683
32561540	0.500434077301721
32566220	0.500117614022219
32568380	0.500397354816791
32571711	0.500877368498221
32573410	0.502244622143559
32574290	0.500146660201443
32576041	0.500343144342065
32576100	0.500238042268342
32576570	0.500562114823029
32577270	0.500726847825834
32579670	0.500115654611525
32586860	0.501124403524328
32588910	0.500538068846774
32591941	0.500155263052855
32594461	0.500400961505798
32595340	0.500261031580011
32604811	0.500197584040988
32613240	0.50017696517229
32618030	0.500140533681829
32618201	0.586368460851411
32620951	0.501243968660536
32625460	0.500425485194441
32625930	0.500697893906374
32629721	0.500853389519999
32631301	0.500304713565915
32634230	0.50048440280166
32634350	0.500154890839238
32639380	0.500185755716959
32654640	0.500122080612202
32656340	0.503839390297436
32660430	0.500104498704894
32664760	0.500426985709694
32666280	0.500491048040991
32674990	0.500138502690592
32678381	0.500328576715551
32679380	0.501334093619325
32682181	0.500123100708959
32682300	0.500156229797758
32687441	0.501519449036978
32693590	0.500383396269534
32693991	0.500279933560891
32703351	0.500470175237209
32703411	0.500112984534901
32703940	0.500118671885225
32705571	0.50133162192351
32713590	0.500128270719143
32716750	0.500160596409754
32717510	0.50023599524988
32717570	0.500162896757962
32717911	0.500140340430071
32723411	0.50019367172908
32725990	0.50020620712801
32727441	0.500113435442584
32727860	0.502943415267321
32729730	0.500314180158695
32737160	0.500516570405491
32744820	0.500472960385788
32747040	0.500413929470305
32750550	0.500247863176523
32750960	0.500480813094343
32753061	0.505874093219986
32754120	0.500199143364557
32756630	0.500115139074011
32760080	0.500359566480593
32761891	0.50042227494357
32769081	0.500205258054726
32770371	0.553734416304656
32773641	0.500277977816779
32774051	0.500142262626568
32774760	0.500294160150036
32776741	0.500500620869844
32777971	0.500118099051574
32779670	0.500194753601544
32780781	0.500221968029617
32784401	0.500202542410272
32785640	0.500237801972298
32790320	0.500154980338693
32791361	0.503538759942042
32791421	0.50247634923097
32791481	0.500283362938713
32793710	0.500317374423818
32795051	0.500423045826793
32796161	0.500204400493185
32797151	0.500661407948962
32797271	0.500131690212249
32800200	0.550254232103085
32806400	0.50231417526751
32807971	0.500142595930912
32809141	0.500348322500046
32811601	0.500128102957224
32814410	0.500157990258522
32820251	0.500672468895475
32820550	0.500110154341495
32821020	0.5003996391177
32824120	0.500182198757782
32824880	0.500124376700372
32825290	0.501035741367482
32830320	0.500133693973534
32837621	0.500119639088207
32837681	0.500192899357342
32840900	0.50047254813629
32843240	0.50016111821449
32844461	0.500190984581159
32847331	0.503943358099993
32848040	0.500308909167844
32853710	0.500316902472858
32855401	0.500120179527189
32856750	0.500707828079258
32857741	0.500293427438338
32859440	0.500249429256623
32859901	0.500405348205768
32859961	0.501087618688536
32861080	0.500485366303288
32862591	0.513592628239479
32863351	0.501059709322133
32865930	0.500180376680119
32866870	0.500137214476806
32867570	0.500352870474038
32867681	0.500559264526415
32869201	0.502260634048587
32871780	0.50012056026471
32871951	0.502858569125512
32872301	0.500180012491295
32874931	0.500508471425848
32875401	0.501443009523528
32877801	0.50013604291595
32877980	0.500607191923629
32878270	0.500172468819024
32885930	0.500398317072086
32887801	0.500135539239882
32891490	0.504523610791758
32892250	0.500306002886099
32897280	0.500588994868163
32898791	0.500211525331735
32904701	0.502441793667765
32913411	0.500137983362076
32915871	0.5005408052117
32916110	0.500152419837731
32917621	0.500176261887916
32918031	0.500240771496371
32920491	0.500313447894821
32921831	0.500167396601403
32922831	0.500870232499744
32922890	0.502199464030327
32923531	0.500629991120988
32934171	0.500441918376844
32934931	0.500123365052639
32936281	0.500359024543274
32936870	0.500141905086255
32939791	0.500431202428647
32946110	0.500161188615429
32947801	0.500149590671008
32948450	0.500146444383198
32952241	0.500257045631256
32952600	0.500162953995837
32955290	0.500178534079591
32956990	0.509745204409855
32959791	0.500107518337722
32960380	0.500323723250855
32962250	0.500897672546805
32963241	0.500328845893793
32963770	0.500248209063061
32966400	0.50018376164816
32972301	0.500132382609944
32974761	0.500281267017318
32982370	0.500444855464899
32984351	0.500333616361026
32993070	0.500167152499426
32993480	0.502513227716957
32997391	0.590987793583503
32998040	0.500119519889777
33000431	0.500191579283201
33001131	0.500169737493395
33003471	0.500216009885436
33005751	0.500179827198384
33011251	0.500880038897555
33012071	0.500272932516187
33014411	0.500140879188754
33014470	0.500560829297388
33020380	0.50129200640637
33025290	0.500130336420546
33030901	0.500177202626616
33031661	0.511793940057864
33041781	0.507170216029553
33042600	0.500451216974589
33045000	0.501994152952874
33048860	0.500198265704247
33048980	0.500117453473156
33049611	0.500397385119947
33050551	0.500274251357802
33056870	0.500332795318172
33057861	0.502198502071654
33058501	0.500233486980213
33059620	0.500122801233879
33062080	0.500166099594056
33064240	0.5001122255231
33065760	0.500115242945352
33067041	0.500120571747212
33067801	0.500135947294519
33068331	0.500245839613046
33070781	0.500264740969087
33073190	0.501241978125424
33074471	0.500293355960557
33075401	0.500150217830191
33077391	0.500338115914454
33089560	0.500231269466897
33091721	0.500272296588401
33096571	0.500191360948223
33097221	0.500424780330151
33099740	0.501428927614881
33100611	0.500129298509259
33100961	0.500500755650154
33102720	0.500238692056796
33104360	0.500114896670733
33105051	0.500151843725584
33108100	0.500159263692521
33115000	0.509125107457676
33116981	0.500201608952588
33121021	0.500528483928205
33122660	0.500132498053068
33123540	0.500528681134069
33125931	0.50018810357072
33126221	0.500110226828693
33132131	0.501359252006744
33140440	0.500125722201576
33148211	0.500299199276329
33149390	0.507841378733962
33149501	0.500158218767651
33151251	0.500182050981412
33157981	0.502570094965908
33159800	0.50037858129282
33164941	0.500128168493847
33168450	0.500220678278032
33174411	0.500157662364644
33174420	0.500243947303219
33177041	0.500270491910558
33178690	0.501009389547533
33179381	0.50015767054571
33180970	0.504773419853016
33184070	0.501075873152984
33184360	0.500229049780974
33186000	0.500205127559758
33186281	0.500180001154995
33188860	0.501108542519195
33188980	0.500142495176785
33189800	0.500370268133401
33195240	0.50138458295383
33195470	0.500177061518729
33201550	0.500119832783033
33206401	0.501173000985409
33208971	0.500175280119197
33210090	0.501554262415051
33212601	0.500301165255674
33214821	0.500441855669943
33217221	0.500399766588374
33220551	0.500241487774165
33220970	0.500115203263944
33221841	0.500365525415526
33223660	0.500283951521562
33232080	0.500742909968242
33236751	0.515113119476319
33237930	0.503032316883566
33240961	0.500374583038065
33242071	0.500503913811736
33244010	0.500283262372441
33244300	0.500731032861876
33245991	0.500201831681189
33246000	0.500442561930629
33246051	0.500692643650889
33246461	0.502094014469335
33247101	0.500398379859577
33251081	0.50017597154673
33252960	0.500563542577835
33254830	0.50211773079326
33255931	0.500122581334446
33256171	0.500709127742916
33256820	0.500422266960553
33259800	0.503859579459742
33265820	0.500236466270527
33266060	0.500190926510164
33268920	0.500441063963125
33279091	0.500391708864725
33284411	0.500491979408868
33287170	0.504050790658389
33290560	0.500252133487127
33290680	0.500383816732969
33292251	0.500260939309764
33293481	0.50143203156898
33295821	0.531848869326556
33302260	0.500270078731121
33305880	0.500790459203049
33307221	0.500121879598681
33307990	0.500125295779
33308861	0.501913978270283
33310270	0.500320774706611
33315991	0.500149442132337
33316000	0.50035353146207
33316581	0.500216924690121
33316931	0.500171425461173
33317640	0.50090463230526
33318041	0.500374510713936
33319040	0.500378327750355
33324190	0.500190648225139
33330210	0.503014089305778
33331030	0.500205512353608
33335940	0.500131201675467
33336051	0.500248449344009
33337401	0.500174440016148
33338050	0.500128407951807
33351380	0.500225587898349
33352430	0.500125690786797
33354881	0.502929325238431
33355881	0.50039686318031
33360321	0.500166607319279
33360791	0.500138726086881
33361500	0.50080019628261
33366641	0.500181815183195
33367401	0.50051070525211
33372900	0.500207039243358
33374301	0.500111719259065
33376111	0.504495540303283
33377751	0.500266304956611
33382900	0.500158959873846
33387221	0.500156261512601
33389630	0.500272418111165
33390330	0.50036460461311
33390731	0.500857611884519
33402841	0.500214463355606
33407811	0.500301564355185
33411961	0.502617709341242
33413011	0.500211933905479
33413310	0.506493668169652
33414480	0.500256935818138
33414600	0.500136267148323
33420031	0.500379897452259
33421380	0.50021374099469
33426060	0.500172981130325
33430680	0.500981150515741
33438801	0.500130651927759
33441150	0.500179860500872
33447341	0.500413001713041
33449271	0.500207681657449
33450270	0.500769165289494
33450911	0.500143116740937
33453660	0.500324559030193
33453951	0.500596735986861
33458810	0.500382290241234
33461440	0.500165943179404
33462251	0.500455858167807
33463900	0.500166161921802
33473661	0.50023702507128
33473951	0.500465370301713
33477230	0.500128839346685
33479391	0.500267662058507
33480211	0.500147616883728
33480381	0.500147917836073
33481901	0.500252939465701
33484660	0.500702691931878
33484711	0.500514297104805
33485061	0.500438937106871
33486231	0.500334972206943
33488340	0.500177192903642
33490031	0.500129189237845
33493840	0.500247792659421
33495351	0.500322361421178
33495471	0.500130325669146
33499331	0.500225728492891
33502730	0.500207462986818
33502960	0.50022915983832
33504720	0.500502681016145
33512021	0.500319484051059
33520971	0.504421795316138
33523430	0.500466265377993
33525650	0.500261129492768
33526530	0.530960701686119
33532901	0.521219624672179
33536240	0.502068633023474
33539570	0.501502807269888
33545061	0.50431986069423
33545360	0.500227807254147
33547521	0.500256120047015
33549801	0.500216216153663
33550851	0.500296349473076
33552841	0.500185410504065
33557111	0.500146333537252
33559980	0.500307867050739
33562090	0.50161902032882
33562141	0.500156111627419
33565070	0.500884455075357
33570450	0.50034264781115
33574361	0.500131520560666
33576240	0.500288820427265
33579690	0.500552139359829
33586821	0.500366997191558
33587640	0.500131282122484
33590390	0.501120089656574
33592320	0.500311873008436
33595591	0.500282630699525
33599340	0.500539001221636
33605301	0.500132870963372
33605531	0.503734109198255
33606641	0.500194862053367
33614131	0.500318320671757
33615651	0.500324893658372
33620800	0.500413176788047
33620911	0.500631939954002
33622491	0.500159943125849
33626761	0.500263114320548
33628110	0.500160405035706
33632491	0.501229134278333
33634780	0.500209307522952
33639741	0.500160285713209
33640681	0.500171328441017
33640920	0.500377821755976
33641210	0.500354176321423
33645540	0.500159735842982
33646180	0.500335162324041
33648341	0.500211261198956
33649921	0.50044455470606
33651031	0.500246232405698
33651560	0.500340607215035
33656530	0.500696876111568
33657111	0.500252926265577
33669391	0.500164959611831
33669810	0.500705328137324
33669921	0.509121602220631
33673721	0.500284003090027
33673960	0.501487975141272
33683670	0.500419871583489
33685591	0.500681083781984
33695250	0.500539781005776
33697231	0.50016407500649
33697291	0.500508478445306
33699391	0.504427923665198
33709511	0.500120458994526
33710220	0.500138100830966
33711731	0.500410155722905
33712970	0.500483045644078
33719520	0.500352218621983
33719801	0.504557629719704
33720681	0.500242653927983
33723730	0.501204634208
33724660	0.50025963404696
33726181	0.500248921665138
33726761	0.500292195637796
33731381	0.504073562875921
33733550	0.500551963493679
33735181	0.50036220646202
33735651	0.500144503298418
33739221	0.500307612861063
33741970	0.500309711572393
33742081	0.500560280857841
33742380	0.500943087311502
33747410	0.500767026940769
33749571	0.500269793204961
33751381	0.500601704747902
33752210	0.50111578055614
33754020	0.500146880179558
33754481	0.500317787848877
33755480	0.502114932560243
33755600	0.501574661457241
33756070	0.502179240232766
33756300	0.500462009815029
33758990	0.502450913864936
33765361	0.50011344838583
33767410	0.500227688685546
33769460	0.500151758441115
33773141	0.500136634866187
33773960	0.501942195382588
33774661	0.500136211155649
33775241	0.501178925458155
33778461	0.500118379774652
33781040	0.52825651749421
33791971	0.500643959102634
33792030	0.501238646799672
33797351	0.500346431107986
33798760	0.500432011707182
33799520	0.501595233785661
33800621	0.518873951872227
33801441	0.500156303504737
33805591	0.500171834188759
33808811	0.500419295086091
33814891	0.501330972762341
33817820	0.500137646334193
33818640	0.5003630072073
33820160	0.500169276514216
33825071	0.612241190771465
33825241	0.5010122453902
33828521	0.500246742940485
33831450	0.500156169676512
33839921	0.500439859144158
33857991	0.500265686287487
33859981	0.500558876114814
33863021	0.500170944282068
33864140	0.505406090676643
33864251	0.500214877412319
33864661	0.500342488077654
33864951	0.50011117027979
33873021	0.50048569409685
33881271	0.503145739731428
33890810	0.500132471555576
33894900	0.500124745272224
33902270	0.500142999767694
33914140	0.500228268462759
33918880	0.500176790290474
33922031	0.50034960100167
33922560	0.501919804448774
33926190	0.500341935145778
33930571	0.502476302995689
33930980	0.500506417655075
33932620	0.500252657460375
33933380	0.500135639152944
33939520	0.501151964294132
33940980	0.500198968228308
33942910	0.500932963980883
33951271	0.500360574068644
33951911	0.501249123964642
33952210	0.50030078584333
33955191	0.500120676724922
33956591	0.500865349552844
33958051	0.500260287305019
33959691	0.500123367888839
33962970	0.500309224995908
33964951	0.500148322278108
33965891	0.500568000569732
33967530	0.500147724242979
33974601	0.503410470251044
33975131	0.500278253329555
33978700	0.500355152235504
33979631	0.50022643909563
33980630	0.500381304434461
33981390	0.500326327265412
33988120	0.50017070988228
33989691	0.500532250664184
33991331	0.500637417057285
33992151	0.500147693118012
33994601	0.500115483648982
34002390	0.500144454773242
34005310	0.505867545591796
34007701	0.500879636174415
34008231	0.500251284560218
34008590	0.500210355331548
34010571	0.500508119194131
34011100	0.500282517737999
34013611	0.50019300537272
34015831	0.500325642105563
34016660	0.501346775702034
34021741	0.501420099146928
34025430	0.500141230619244
34030921	0.500128996163298
34032441	0.500224769588269
34036070	0.500456392905616
34036660	0.500227003967862
34038410	0.500684182965357
34040340	0.500178946028118
34041801	0.500299151656141
34045140	0.500125030156103
34050690	0.500199278030316
34050810	0.501821450616557
34053210	0.500215776604536
34054670	0.503028010566927
34062040	0.501893753836236
34063850	0.500467139114695
34066310	0.500572780886795
34067010	0.510751391212444
34071510	0.500137872879776
34075140	0.500414643460616
34076130	0.500308488525596
34079341	0.501048472927661
34083090	0.500301754635211
34083560	0.50079640416273
34084610	0.501232767540856
34084960	0.500150590741227
34085430	0.500196093945518
34086130	0.500148412008481
34086651	0.500384576064139
34087121	0.500177932230529
34090981	0.500170815698965
34091160	0.500228133895656
34091741	0.500338583146158
34102800	0.503626061989488
34107181	0.500212044276138
34109060	0.500229979459027
34109290	0.500264459741268
34111220	0.500164683898112
34115140	0.50027842960889
34116130	0.503305907705172
34122031	0.500149981849305
34122510	0.501045302254056
34123671	0.500140991408846
34124371	0.500149092524177
34125200	0.50056648481051
34125891	0.500684402068988
34129751	0.500128426121591
34130571	0.500218918039463
34132100	0.500245383924819
34133500	0.500368222803257
34134021	0.502968121890536
34136370	0.500180607767043
34138880	0.500249093292567
34139171	0.500336268885391
34139350	0.518228864260547
34141280	0.501863258569256
34142621	0.500341785780107
34143210	0.500195994823348
34144371	0.500586063971129
34148351	0.500153291757641
34152330	0.500844651986396
34157471	0.500413120833717
34161920	0.500197682512419
34167241	0.500116558436778
34169060	0.50025455366074
34169751	0.500946140708168
34169760	0.501646837656912
34175891	0.5004057945887
34184320	0.500161484688189
34185260	0.500297807452582
34196370	0.500118691902543
34196481	0.500450255130275
34198991	0.500692715206785
34203500	0.500289144550233
34209931	0.500438154467302
34212911	0.501202553987236
34214260	0.500167592024169
34218701	0.500267184508291
34220281	0.501018029929167
34226370	0.500190100567762
34227241	0.50013768643273
34227600	0.500136082335486
34230691	0.500435105738232
34236020	0.500532481110058
34237770	0.500128861915407
34239470	0.500337099290295
34240520	0.500612954250449
34247830	0.500119386837246
34250051	0.500140583988676
34252501	0.50172158109925
34252980	0.500308224048359
34253321	0.500120559275079
34255661	0.500121939342489
34256071	0.500268765425912
34256310	0.500127877853117
34257130	0.500153463359436
34257420	0.500134026959977
34260751	0.503239093413878
34261630	0.503333931328663
34262860	0.500442687523492
34266310	0.500437399275545
34266891	0.500656123648993
34273671	0.612098700540067
34275260	0.500202974304617
34275841	0.500391533204085
34283330	0.500262259953547
34291280	0.5001476593163
34292220	0.500285040158025
34294491	0.500646309932696
34295601	0.500193563508136
34297250	0.500559525521669
34306951	0.500117222234187
34307190	0.500300877381218
34308701	0.500161166548169
34309461	0.500158324410376
34311810	0.500151721373149
34312151	0.503140142473716
34318830	0.500282886274117
34319530	0.500324525667598
34323911	0.500239852321255
34324671	0.500129452493609
34335781	0.500303276035336
34337011	0.50204810565853
34337771	0.50011991523474
34342100	0.50013837944841
34342570	0.500201857999126
34347600	0.502288311110693
34354970	0.503691637740562
34356071	0.500839793564033
34361110	0.500138390128475
34361930	0.500239194488863
34366080	0.500136464466251
34371861	0.501142208096091
34376080	0.500181804941493
34383381	0.50042743222551
34385790	0.500293777441958
34388241	0.500126824081966
34389581	0.501268668551444
34396601	0.500163436754884
34396720	0.501243557945862
34401511	0.500160963556095
34406490	0.500113287117863
34409701	0.501471232472962
34410811	0.500249049313596
34412340	0.500289292291588
34419940	0.50016821455893
34422510	0.500132291776443
34425380	0.500983793364243
34431861	0.50016196115053
34432340	0.500220078728841
34432980	0.500171357809689
34445491	0.5001909626844
34448941	0.500239425376289
34449351	0.500169984721101
34449411	0.500341580405676
34452391	0.514771020956003
34452511	0.500124998090532
34456080	0.502323152877957
34459001	0.500147291495968
34460350	0.500137689000808
34461170	0.500341177150324
34463740	0.500268555907997
34466840	0.500255289827526
34471460	0.500118547793233
34473501	0.5035990669409
34474791	0.50013956707145
34474851	0.500503412304535
34477421	0.500266506816261
34480700	0.500424542754221
34483441	0.500151408206301
34483621	0.50012331651616
34486080	0.500123856765628
34486200	0.500295926465516
34489590	0.539658218677489
34492101	0.501104757422324
34494560	0.520209717088853
34497660	0.50021300884992
34507780	0.500374257566216
34510931	0.500238700814698
34511921	0.500258103580943
34515440	0.500310705711053
34517891	0.500973477251745
34521981	0.500229029110714
34531170	0.50155097388678
34536021	0.500127999906672
34539061	0.502393600468013
34541170	0.500274271422046
34564091	0.500128386204742
34564441	0.539943080084505
34567481	0.500141915607931
34569701	0.500401291590423
34570581	0.500277768093671
34574501	0.500143896479622
34575910	0.500234429733089
34580641	0.501124453366236
34586021	0.504199928206651
34588361	0.500291509338077
34589300	0.500729015876447
34591350	0.500145886639232
34592221	0.500214007628143
34592571	0.500135025275483
34593630	0.500214464230759
34596260	0.500139166714871
34597481	0.500133798285439
34599941	0.500498640347188
34608181	0.501824194513821
34613920	0.501428650207188
34621461	0.501059261355776
34624561	0.500352583075544
34625731	0.50014980827305
34627780	0.500162449962662
34634911	0.500601507785068
34637131	0.500372743913928
34640351	0.500617793224154
34642631	0.500216875213053
34655500	0.500135336224448
34661811	0.500164447237082
34662921	0.50044085973173
34664441	0.500212223975014
34665620	0.500113155368537
34668071	0.500118715802985
34669531	0.500839933292705
34672981	0.500312459465575
34673690	0.500156223126547
34675381	0.500131958029996
34675671	0.504470523141014
34676021	0.500771494933912
34677251	0.500169195274431
34677311	0.504311749350627
34682460	0.500298059257794
34682981	0.501592909391347
34683451	0.504796187529595
34687490	0.500123603477839
34687601	0.501821056907235
34688071	0.500217262366203
34696901	0.500143921287358
34697490	0.50026731227496
34702110	0.500707457676937
34703041	0.500834873661563
34705321	0.505404364991751
34712810	0.500389600960359
34713271	0.500710005538078
34717200	0.500121653281806
34717601	0.500250744610724
34718540	0.500627709746614
34719411	0.500349316669927
34727131	0.500152934556448
34732990	0.500881366161486
34733400	0.500489560528449
34735850	0.500176198177393
34741461	0.500461805699965
34742101	0.500162705598139
34744160	0.501073742957118
34746090	0.500146963028082
34747541	0.500189453940083
34747900	0.505671389755395
34749950	0.500127875420208
34750530	0.500488849821944
34756841	0.500143496033322
34761171	0.500305246751211
34764621	0.511883715093283
34764800	0.500135682250309
34768780	0.500110962466427
34769190	0.500530403581847
34771000	0.500526940507717
34771051	0.500156679086918
34771640	0.500144876121161
34779890	0.500463427267052
34782981	0.500135652055286
34785261	0.502577600912391
34786961	0.500145214910413
34788430	0.500143896484874
34791640	0.500250497222823
34795441	0.500210416955157
34796551	0.644347151299283
34803101	0.501876101860604
34805970	0.501636966884683
34812110	0.500135249853661
34815560	0.513691108459109
34818891	0.500128120986038
34819190	0.500125658580202
34819471	0.500228948918285
34821871	0.50012767960723
34823630	0.500217964038197
34826320	0.500174520817302
34831000	0.500113559864291
34839881	0.500189163007148
34846671	0.500454602274377
34848831	0.500148198551869
34848840	0.500216610909709
34850471	0.500174260761252
34852700	0.502549501063571
34858490	0.500246517209802
34860061	0.500149508165635
34860940	0.500174692512846
34863400	0.503404787751539
34867021	0.510274156270271
34876321	0.50014913791678
34878900	0.500214090660553
34879190	0.500183974044739
34879941	0.500722970195739
34883861	0.500121029667082
34887550	0.500430108606361
34887670	0.500212284817048
34895151	0.500471072906521
34895270	0.50019471182126
34895911	0.502504117693577
34903981	0.5001308272017
34904741	0.500390439569249
34917431	0.502832035966196
34919361	0.502404178887211
34922700	0.500126754047353
34924160	0.500118552070153
34925561	0.500109656675345
34928370	0.500199216944987
34933041	0.505936216133374
34939310	0.50049272084842
34945330	0.500887266758604
34945680	0.500165733115898
34946970	0.501037042284205
34948370	0.500234177254382
34949250	0.500391218529686
34950821	0.500110538371654
34952341	0.500648687675103
34953750	0.500960690645309
34953810	0.50014643129997
34955740	0.500928718695521
34959361	0.50042962626757
34960351	0.500124355971147
34963870	0.502590615008569
34963930	0.500668622770022
34964971	0.50101043393226
34966611	0.505141363016473
34969720	0.500237015247779
34971240	0.500269528197089
34971581	0.500361128679902
34974630	0.5004861354385
34981761	0.500416587719774
34988780	0.500124773444607
34990001	0.500117660727264
34993810	0.500235142098864
34994331	0.500127699314757
34996270	0.500465608320021
34997260	0.50022352999998
35000651	0.500237554701372
35002350	0.500120346713764
35002580	0.500181219706402
35003050	0.500203181928147
35003921	0.500176884622248
35010890	0.500125460745617
35015441	0.512520741305126
35017380	0.500326878490993
35020420	0.504554693857578
35024101	0.501886937903345
35025621	0.500515856391834
35025971	0.500152751340769
35026381	0.500119978703994
35030360	0.500252346091843
35033990	0.50016800367048
35037790	0.505091547296992
35039651	0.500168650442372
35047790	0.500342124243493
35048610	0.500126644192729
35050061	0.500238886719358
35051470	0.500134244591002
35051641	0.500289910549321
35054101	0.500182386219186
35057141	0.500227924498934
35057201	0.50013390782781
35058610	0.500480827554231
35062751	0.500283442402599
35070420	0.500178489779349
35070480	0.500132744376891
35070890	0.500584386130368
35071351	0.500582251888505
35073981	0.50014199263374
35074750	0.500300854259601
35077500	0.509159342099491
35078601	0.500162666570202
35078900	0.500142818696269
35079771	0.501182965713407
35082760	0.500558116330096
35086091	0.501214816839846
35088260	0.500192940063628
35088960	0.500483050378787
35089011	0.500140285603702
35095271	0.507399008665274
35100121	0.500172502038323
35100360	0.500184106853611
35107841	0.50013378183573
35110241	0.51064936367803
35115040	0.500138787548364
35124161	0.502063197376248
35125271	0.500492175178577
35125971	0.500908305406218
35126851	0.500354626200143
35134101	0.500139973723222
35134451	0.500282662490659
35141411	0.500131808416537
35142521	0.500200728838393
35154511	0.501920642210243
35158021	0.500113240494141
35162060	0.510376707862696
35163290	0.500747950752704
35163350	0.500637140450314
35170890	0.500302741688686
35172060	0.502600101608458
35175570	0.50032071179537
35180241	0.509746435305135
35186210	0.50105326291532
35189370	0.500124995713765
35191701	0.501139836236672
35193640	0.500119718245421
35194400	0.500926942006213
35196620	0.500184344138677
35198730	0.50040412638223
35199780	0.500665480914695
35203000	0.505002613463628
35211830	0.501182827816597
35218320	0.500189884887368
35220950	0.50169240523212
35227201	0.500847310043749
35228610	0.500278314878094
35236680	0.500245381667758
35241070	0.500263984332848
35242171	0.500606640712402
35244281	0.500195958121708
35245391	0.501067182023886
35246100	0.500159237587643
35246390	0.500534035852451
35247790	0.50025729462425
35250250	0.500283477352059
35251070	0.50025067346392
35253401	0.500137491633261
35255920	0.500122323914097
35255980	0.500127138979388
35256151	0.500109461272181
35256740	0.500124443529472
35258550	0.504687174789533
35262351	0.501565231871348
35265681	0.500214738776524
35266100	0.507048453280878
35266330	0.501016683581362
35267560	0.5001232905514
35269780	0.500837746155594
35275750	0.500374137686336
35280771	0.500246188183019
35285861	0.500237087282995
35286091	0.500304917672134
35287611	0.500391029205541
35293060	0.500266802059649
35295331	0.50020194134366
35296270	0.500494300902479
35299020	0.500156612526033
35299780	0.50017834871554
35301770	0.500160074091776
35302120	0.500166321981163
35303581	0.500441893474275
35303760	0.500492160570242
35307321	0.500289349095925
35307850	0.501862618326658
35307910	0.500177615780456
35309490	0.500353915498069
35310711	0.500132244961708
35313060	0.500203195973929
35315220	0.500124985161945
35315340	0.500837299205601
35317270	0.505148282901615
35320950	0.500113099221877
35324110	0.500766748979202
35330600	0.500269880615184
35333290	0.500113965460713
35333760	0.50042750040029
35341591	0.500135051903303
35343931	0.501006894500221
35350131	0.503964240777793
35351241	0.50058304955765
35351821	0.501548891442237
35355980	0.500458884868296
35356441	0.500763921580539
35358371	0.500122586600567
35358781	0.500116190812208
35362641	0.500422988127256
35364460	0.500129535458937
35371770	0.500152483721712
35376510	0.500169398974048
35381540	0.564145478318704
35382471	0.500135705837412
35385921	0.500590605283963
35386860	0.500110507470259
35388380	0.500291372559026
35389430	0.5084310343861
35390310	0.500299471465229
35396911	0.500168072913504
35398021	0.500126212061257
35399371	0.500548100236369
35400370	0.500153615174255
35400600	0.500298720648727
35401711	0.500178882689001
35402940	0.500107395430691
35408141	0.500187321540665
35412240	0.50022687684448
35413461	0.500285255920996
35413820	0.500170444455762
35416100	0.505415952614145
35419490	0.500258322645318
35420430	0.500364086251221
35425400	0.50399971564068
35425511	0.501006548022792
35429960	0.511353884784724
35430011	0.500381743928884
35432710	0.500314444543449
35436160	0.500347941483238
35440601	0.502642114647239
35443521	0.50028399502258
35445400	0.50035643657014
35448380	0.500283597700111
35457390	0.500107258437384
35459781	0.500227025830304
35463291	0.501518364290952
35466800	0.500385722173297
35467800	0.500432474110168
35472061	0.500102239811826
35475221	0.500236977463175
35481070	0.502647854387419
35482181	0.500134004815009
35482830	0.500351580545667
35484811	0.501846594369324
35489900	0.500131526636188
35490080	0.500197000323714
35493231	0.500547898448323
35494811	0.500151351193862
35499610	0.500115515751648
35502351	0.500169094040813
35502710	0.500180016618467
35508090	0.500139228661625
35508141	0.502865420636265
35511660	0.500275706516557
35513291	0.503847450113169
35513410	0.500216471765521
35514691	0.500182252701772
35515631	0.50034182205111
35516271	0.500675932150097
35520780	0.500127950082132
35521190	0.501101667453583
35528491	0.500133508126104
35529610	0.500629946253118
35529730	0.500137114666954
35530831	0.500656265423098
35533291	0.500552305804496
35539960	0.500537854128701
35540131	0.500180025271001
35541831	0.500486808880249
35546510	0.500479767069121
35547441	0.500398300352725
35547450	0.500188393403693
35547911	0.500880850272763
35557860	0.500134822890179
35561831	0.500309256040551
35566920	0.500556831950537
35568030	0.500232490640009
35568850	0.500473948858001
35569781	0.500115135776738
35572770	0.50057279868797
35574051	0.500761327305376
35574290	0.500253900328808
35577330	0.500133265321521
35577381	0.500116768993461
35584171	0.500129550543762
35590951	0.500691514432266
35591241	0.501198548389617
35592360	0.500518883844441
35592411	0.5005625063811
35593411	0.500613682178543
35601651	0.50034423752031
35606741	0.505785472981352
35613710	0.500133829594473
35614060	0.500232923421098
35617441	0.51909025257034
35621301	0.50035700783925
35622531	0.500853883527968
35623061	0.500122668627183
35626681	0.500928565042947
35629440	0.500240949235892
35636861	0.500154530119898
35637621	0.500338568303702
35640541	0.500799715620808
35642651	0.500669354864747
35645751	0.500150070044297
35647860	0.508112702564299
35649670	0.500347881001199
35649841	0.504902591151143
35650960	0.500204801901365
35653001	0.50060320562109
35653710	0.500863521011387
35658731	0.544766394532895
35659380	0.503516115890832
35660371	0.500167780766857
35662950	0.500159723782873
35664231	0.500191931187306
35664410	0.500138649061469
35668210	0.500792312619546
35669260	0.500153025598453
35671370	0.500195176908724
35673940	0.500327050688615
35678740	0.500620039507941
35679030	0.503724544026022
35682711	0.50059736395301
35686571	0.50079554638861
35687800	0.500232526731426
35690601	0.500138467801748
35699141	0.500576620767285
35699670	0.502427394314242
35703240	0.500356225152405
35704470	0.500237023482182
35706451	0.500285287659437
35711720	0.500571332526295
35713291	0.500194236585259
35716511	0.514322119907625
35720251	0.500360141963762
35722121	0.50031358693383
35722531	0.501575281918142
35723291	0.500230291038368
35726451	0.500160237724266
35726870	0.500812099023272
35729090	0.500191194686784
35730610	0.531278731898717
35734470	0.500274971813217
35739081	0.503541457839978
35751771	0.500151205098383
35757561	0.500156087119207
35759440	0.500754221710993
35766460	0.500244251252266
35771891	0.500306263956347
35772531	0.505526265582062
35774111	0.500342653002304
35774820	0.5029703243734
35776451	0.500117982604486
35776631	0.502326828971756
35788151	0.500201796126097
35788970	0.500338016340579
35789090	0.501482074896057
35789261	0.50033052015224
35791481	0.500208860776887
35792181	0.500147903768203
35794171	0.500377266895952
35795751	0.500211103145572
35801840	0.500110693903899
35802181	0.501059328210893
35806870	0.500233061525476
35812771	0.500152805171006
35817211	0.500245562264104
35824991	0.500131365139106
35831490	0.5030183698073
35833360	0.501579991899323
35837980	0.500376357427366
35844351	0.500127261984408
35856981	0.500156986289049
35859090	0.500244713653591
35863480	0.500116636045736
35866170	0.500373605998922
35872831	0.500131533367843
35873941	0.500300467028394
35874530	0.500130559596477
35878501	0.500417196995224
35880440	0.50139036926664
35886571	0.500482187839266
35886750	0.506050563471688
35893540	0.500370085987233
35893881	0.500177274989283
35895350	0.500230869220817
35896050	0.500837643531927
35897920	0.500115327702218
35900371	0.500208608334067
35901661	0.500207844395626
35903770	0.500130687838277
35905000	0.500176130082329
35906580	0.50014270550238
35911080	0.500294773945439
35916580	0.500706878550589
35917101	0.500121908502211
35918091	0.500125223430774
35924180	0.500222624881106
35926221	0.500165828769724
35926631	0.500257908777411
35928851	0.500171437682193
35931951	0.500179828529381
35935640	0.500454972386661
35938851	0.500143488505348
35944180	0.502049555875202
35945581	0.500709728426952
35953121	0.501482326146904
35954650	0.500188466310033
35955060	0.500341312613108
35956110	0.500138500709001
35958621	0.500130446658787
35960090	0.513969000895242
35963130	0.500109977325069
35963941	0.500434034490901
35963950	0.500194074773615
35966460	0.500145268779348
35968510	0.501061978666234
35984360	0.50072361482225
35986110	0.500382489395683
35987280	0.500517933040086
35990790	0.501231097787719
35991431	0.500219148175689
35991490	0.50042302083524
35992840	0.500375984116279
35995171	0.500128072768222
35997050	0.500524844316118
35998390	0.50019231181139
36000901	0.502501954480999
36009680	0.50018466499594
36019970	0.501807020839306
36023301	0.500260226684987
36025940	0.50047112419653
36029210	0.500124664145122
36030850	0.500666336701357
36040261	0.500122566735154
36043480	0.500133423311266
36044590	0.500300906627537
36044710	0.50102908144838
36046631	0.520519121425894
36047750	0.50023807756058
36051200	0.500261389177812
36058630	0.501011580101757
36059031	0.501524536580113
36063660	0.500178860901979
36065871	0.502011587905002
36067690	0.500310419178166
36068211	0.501320174169328
36071721	0.500249851141705
36074471	0.500218744704851
36074701	0.500171246291228
36076990	0.500177811212077
36077460	0.500709114025984
36085060	0.500197210723279
36090150	0.500127396984999
36091900	0.501960895433785
36094531	0.51264485890407
36103591	0.500370774004362
36107050	0.501403005771258
36108510	0.500392332638348
36110910	0.500124185636527
36112831	0.50081752521076
36113660	0.500612781586554
36114881	0.50018584931248
36115880	0.500298891721171
36121790	0.500271924400498
36124830	0.500305795409747
36127750	0.500227444336301
36128391	0.500323494274783
36128630	0.500356666912361
36130551	0.500226225913562
36131320	0.500130149836
36131901	0.500131969414562
36133190	0.507567072187901
36134650	0.502058455840103
36137451	0.500306846546468
36139971	0.530152362612508
36145291	0.500688871555331
36148630	0.502959644277811
36149390	0.500689731079152
36153421	0.500196068604488
36155231	0.630169591562431
36157110	0.500202398504898
36164181	0.500583409286784
36164300	0.500309689756159
36167580	0.500120900994183
36174070	0.500368007351343
36175001	0.507966532493716
36181200	0.50387419559008
36181431	0.5003341338039
36189100	0.500123441894346
36192311	0.500594989911921
36201081	0.500249888803646
36201260	0.500389709133663
36203020	0.500179177402796
36203310	0.500233704333951
36208741	0.500185570807722
36209681	0.500165867830655
36212900	0.500261365132226
36218160	0.500880582398498
36230330	0.51376068650516
36231790	0.50110439834543
36232371	0.500268279458531
36234241	0.500395768264593
36235351	0.500166336821052
36239100	0.500491322591184
36243720	0.501060444146588
36252900	0.503073258394929
36253720	0.500241121583089
36259510	0.500210646520233
36263951	0.500182038515542
36267170	0.500598590761558
36268750	0.501755750440705
36271491	0.500127096239137
36277401	0.501038465098229
36278511	0.500166808118295
36281790	0.518111574313445
36282311	0.500240800363603
36285530	0.500771195319548
36290560	0.500325741477493
36298921	0.500113219191798
36299501	0.500493270027046
36301150	0.500164057134999
36302721	0.500129286752943
36303361	0.500120411432981
36307281	0.500255640419037
36309570	0.538844450150085
36311790	0.500114070331349
36313020	0.500155378081576
36313831	0.500123014698188
36316470	0.500526970649962
36318280	0.500716538472892
36319100	0.500130551730652
36319860	0.500158562675371
36323191	0.500235262514504
36327401	0.50014303527319
36331150	0.504959367802951
36332021	0.500265861589567
36335590	0.500311805652939
36337640	0.500235341552211
36337811	0.500416402435111
36338750	0.500524259611407
36341790	0.50024858543528
36344540	0.500125434469511
36345300	0.500130932534438
36346231	0.500288222604272
36348221	0.500107063206538
36348571	0.500331428979283
36351611	0.500156789922795
36352260	0.500270548330009
36355420	0.500233865669762
36356530	0.500965618245738
36362550	0.500140306364785
36366530	0.506590365690485
36369160	0.501817490796417
36371961	0.500113481203959
36372140	0.500568294270913
36374540	0.50018505734212
36375701	0.500909803696932
36376180	0.50012449379407
36379331	0.50120804875168
36384950	0.500698335456845
36386701	0.500422845948275
36387631	0.504529455865551
36392781	0.500805651668001
36393490	0.500240877585167
36398750	0.500156680503761
36400270	0.50207077948357
36402380	0.500136573477883
36405830	0.500109725013771
36409451	0.50010873911164
36411910	0.501792563004113
36415240	0.500272031676285
36422200	0.500347307279631
36427580	0.500419147003997
36430040	0.500154310852037
36430851	0.500153222310712
36434600	0.500499563782157
36435241	0.502762961645942
36440040	0.5002480179499
36442021	0.500417362639914
36442960	0.500234943284313
36443831	0.500324860992904
36447871	0.500225045359039
36449160	0.500529324560573
36452790	0.500154115878582
36454310	0.500182349523258
36455411	0.500129027660336
36456940	0.500141797802521
36464651	0.504330049738393
36467931	0.50031710868645
36468930	0.500685432331238
36470390	0.500156291091881
36471321	0.501122818738231
36474711	0.500189461522476
36476351	0.500246980080601
36484301	0.500165174989608
36487461	0.500136661759616
36488400	0.50414929401718
36490151	0.500588716465717
36496710	0.500215160522391
36498110	0.500124811831885
36499750	0.500311102507801
36508161	0.50101844100049
36511671	0.500317249074406
36513490	0.502598966538416
36519041	0.500123299279416
36525420	0.500109654806096
36540100	0.501968391345184
36540911	0.506607007782666
36543601	0.501495226156728
36544771	0.500331432659427
36546821	0.500263000609908
36548050	0.500209553168534
36548290	0.500176872473847
36551270	0.500164934834362
36551330	0.500133601159758
36551851	0.500248283790677
36558460	0.500782726576062
36562670	0.544356666982536
36563550	0.500128617192728
36568341	0.500135890923428
36571620	0.500113753883967
36571671	0.500231123540265
36577290	0.500123086870118
36580971	0.500120501713784
36584071	0.500122296413949
36589571	0.500329463927695
36592150	0.500133301444632
36595830	0.500124207754014
36597991	0.500114371495512
36599690	0.500141819972185
36599741	0.500147141947155
36600630	0.500226611868879
36602261	0.500210744564731
36603260	0.500835125022981
36608290	0.500225174766307
36611800	0.500153876669447
36617461	0.506376737653327
36619041	0.500691772778396
36619571	0.500230854056187
36622970	0.50012644717012
36623900	0.500163302162399
36626701	0.500503722202681
36629511	0.500333924243219
36631791	0.50033131595109
36637521	0.500183514997255
36640561	0.500193003439227
36641731	0.51882016328726
36643260	0.500550328028607
36644370	0.500401579705043
36646830	0.500336064675393
36652090	0.500629806102541
36653380	0.500249677999188
36654140	0.500175589830861
36656360	0.500296917968448
36672150	0.504338332994623
36672201	0.500143283641973
36672850	0.501395018715494
36675480	0.500369994085392
36676531	0.503978799626363
36678700	0.500147905101744
36678751	0.500176119435384
36681381	0.500261608630698
36681971	0.50048717491876
36691791	0.500401687053908
36692491	0.500171267464397
36692970	0.500129155606463
36694780	0.500317217878464
36695591	0.500926503548484
36696710	0.500859521772581
36697530	0.500348568117797
36698700	0.50023604028449
36700741	0.500168465939197
36704550	0.501346787186737
36705651	0.500321991382055
36706480	0.500122696844642
36709400	0.500148648747427
36712560	0.500315078502008
36713021	0.500977676455891
36716360	0.500158494912712
36731441	0.500802396717694
36731791	0.506267806260379
36732731	0.500976645696484
36734490	0.500150827921865
36735241	0.500161495453192
36736001	0.501166922522084
36736181	0.500172579626114
36736300	0.500186487064929
36742791	0.500209072042797
36748811	0.50037730061655
36752150	0.500121402832961
36759170	0.500125473264077
36760271	0.500390303783482
36768051	0.500312550462862
36768581	0.500118199604908
36770920	0.500958100253337
36775891	0.50036403625578
36782791	0.500150856805748
36783551	0.500267018263731
36784891	0.500454671119315
36792620	0.500151578242709
36795950	0.500118138699448
36800280	0.50011457242433
36813320	0.500322307648933
36814541	0.500260933436829
36814601	0.500187350991168
36816061	0.500396679126871
36817180	0.500170519829063
36818880	0.5001271970041
36820511	0.516222098251593
36822031	0.500443131480522
36830340	0.500130726996637
36831681	0.500201844845928
36837761	0.500126702416527
36839520	0.500320409813451
36841091	0.500128604755384
36841681	0.500330663718886
36843201	0.500219532213041
36847120	0.500184282640694
36847411	0.50057830676778
36847761	0.500122015960548
36849110	0.500181928232537
36851621	0.500134411523875
36868051	0.500181668090176
36868060	0.500121922625006
36868350	0.500271290342701
36868581	0.500233829564276
36873081	0.500184309674985
36875011	0.500557512833414
36887650	0.501217093354387
36890981	0.500401570126229
36893901	0.50131356415818
36896591	0.5001729115925
36899221	0.50014175619297
36901220	0.50024037803536
36905951	0.500238085466588
36906190	0.500114063257072
36906651	0.500255994583343
36909811	0.500577608930482
36911331	0.500411872801581
36913201	0.500120310774025
36915011	0.500292763149805
36917360	0.500288230154777
36920221	0.500404229944344
36921860	0.500569341892859
36929520	0.500217557169246
36929870	0.501638156982106
36930391	0.543335363383299
36930571	0.500135158566746
36941510	0.500136647948609
36951681	0.500170734626272
36957061	0.500405296933788
36957360	0.500653689377005
36961041	0.602251297948719
36963970	0.500340412088161
36964670	0.50025322940098
36975840	0.500360422320996
36978820	0.500195605475224
36979051	0.500451765920936
36981621	0.500380649612928
36982791	0.54586863838905
36984260	0.500814011096457
36987420	0.50029196714072
36994661	0.500220101037485
36998120	0.500146060705664
37000691	0.500347134564031
37001971	0.501763113042419
37002330	0.50022332711153
37011980	0.500120605607657
37014081	0.500571673691595
37015780	0.500642085139433
37019990	0.5001396203072
37029691	0.500537832569095
37030340	0.500217666175676
37033261	0.500433084457033
37033680	0.50050563191766
37036711	0.500118226705164
37039640	0.500528119397545
37047061	0.500528616188279
37047710	0.50081214993114
37049811	0.500157510246016
37051041	0.500144681856678
37053500	0.500448968839255
37053551	0.514184480559754
37053671	0.500126365526934
37054901	0.500183902446677
37056481	0.500618833935431
37059700	0.500115554233873
37061331	0.500221072708518
37061451	0.50028175789868
37061801	0.5002075238787
37062791	0.500123710261304
37063440	0.501464302040449
37068231	0.500287836750129
37072740	0.50271768149688
37078821	0.500595032558718
37079700	0.500427429885803
37080751	0.50022324668887
37083791	0.50014804916245
37085430	0.500761721222877
37086540	0.500142398323357
37087360	0.500130447696165
37091690	0.500305985925812
37094081	0.500645936553568
37095661	0.50012008534316
37096771	0.500418533680943
37097420	0.568892180326812
37097941	0.500423295646031
37102971	0.500834325586884
37112911	0.500375488231352
37114901	0.500522216799542
37116301	0.500492938416395
37118880	0.500154306787818
37124551	0.500385414525313
37129470	0.500216465581468
37129880	0.501233319570535
37130631	0.500804517346788
37131161	0.500139835756222
37132160	0.500247651894319
37135191	0.500344292476908
37138710	0.500249337962943
37141050	0.500296247213859
37141980	0.500161285180158
37143031	0.50012148173461
37145200	0.500283457282224
37149231	0.500173896895045
37151810	0.500125050943829
37155610	0.500222624986408
37166780	0.529231356963904
37168180	0.500499189321767
37170691	0.500452325895663
37171750	0.500115821438286
37179470	0.500163478749578
37195251	0.501301339462429
37196481	0.50018398326367
37201391	0.500215990567489
37205200	0.50046644406066
37205721	0.501078182989137
37205900	0.50026376088053
37208650	0.502537610859088
37209931	0.500188958268244
37211101	0.500124856517427
37214380	0.500499937053388
37214560	0.500301963551039
37217130	0.501201251447293
37218471	0.500134630596315
37218821	0.500587905507351
37232331	0.500231941135949
37234491	0.500276058567446
37235721	0.500133945521382
37236891	0.500899099497366
37239521	0.502492366690646
37239991	0.500489824213799
37240401	0.51360828010734
37241921	0.500912659287029
37243151	0.500186376968147
37244380	0.50057992758793
37245730	0.500237752129138
37253390	0.511135423100606
37253680	0.500993935542996
37253740	0.500467551979743
37255491	0.500135923348416
37261161	0.500131698584977
37261690	0.500347190832987
37262980	0.502420615892088
37267540	0.500202491733786
37268821	0.500249648253982
37274210	0.500121791834626
37276430	0.500123735095772
37277421	0.506905229222954
37284500	0.500295686326687
37285721	0.500222787526924
37288121	0.500362565278352
37288240	0.500429307819622
37288300	0.500386248041188
37292340	0.500490149890554
37292690	0.500314202914543
37293381	0.501004010331694
37297190	0.500379129829716
37315320	0.500219326622098
37319530	0.50014216362533
37321981	0.500416172125977
37323621	0.500224583845786
37326430	0.500168033075027
37329880	0.500792988400781
37331631	0.500351008502182
37333971	0.501168273234778
37343851	0.500137487699042
37345380	0.500404536382732
37347600	0.502896397581089
37351921	0.500359678613977
37359001	0.500312186511155
37359761	0.50011949955063
37366661	0.500197006583762
37367370	0.501302646086655
37369291	0.501148437425708
37369470	0.501648057141687
37370341	0.500187393418059
37370760	0.500139304175383
37371341	0.500247857833918
37371810	0.500150070364905
37373860	0.500122140729964
37375901	0.500499928536457
37376020	0.500174937590236
37379240	0.500546427498361
37381460	0.500108837006747
37381990	0.50014379007729
37383851	0.58112037634888
37384261	0.50022861872104
37385090	0.501683703722806
37385491	0.500273189310994
37386200	0.500214002661575
37387071	0.500538607045925
37390820	0.500142751180849
37396490	0.500142191274775
37396891	0.500160595263998
37398591	0.500127634382144
37406721	0.506443688335117
37407190	0.500150342208508
37407711	0.500131592705946
37410461	0.500728587271512
37413151	0.500138518080174
37418950	0.50091535707753
37425781	0.500860455710146
37427011	0.500278447984005
37430120	0.500260688842119
37432861	0.500691372256496
37433220	0.501937084387826
37440470	0.500123340821235
37441341	0.500373894553982
37441810	0.501011115712126
37443621	0.500218438166101
37451290	0.500601279068198
37453271	0.500111941761931
37456021	0.500216637027315
37456260	0.506084967704655
37460410	0.500246963091269
37466021	0.500141878863706
37467020	0.500455183715677
37468070	0.500292084083337
37470700	0.500150494511648
37470991	0.500792894769276
37478950	0.500838217882747
37479590	0.500781928821591
37480120	0.500126038115433
37483980	0.500556833540781
37486781	0.500156042427951
37488070	0.500151397780811
37488361	0.500387888953085
37489001	0.500581230797736
37490000	0.500342660999451
37493100	0.501897722421522
37497481	0.50011310812779
37505491	0.501026596130869
37508241	0.500482132910003
37513100	0.500180510741985
37514270	0.50012876724706
37522110	0.500214519174272
37527020	0.500403146451716
37531751	0.500127896798754
37532050	0.500196412359754
37535201	0.500120805810078
37536380	0.50011622412234
37539420	0.500161648505025
37555500	0.500512574260219
37559070	0.502377538311272
37561341	0.500175991122315
37563971	0.501042822765862
37564731	0.500237000004529
37568651	0.50027333396311
37569360	0.500140676553401
37584731	0.500371523343327
37585731	0.500376201445626
37588831	0.500160665958565
37589061	0.502492785443617
37590231	0.500315792558694
37590351	0.500338379131631
37590761	0.50053105240501
37591051	0.500232968477434
37595440	0.507148728501971
37598130	0.500177461167095
37600820	0.500830296973227
37601230	0.500260312268783
37604330	0.500157717174925
37604680	0.50028849749511
37605150	0.500171123951279
37606431	0.500791065459016
37609130	0.500214712477913
37610590	0.500161349275376
37612221	0.500118289103444
37613160	0.500344027960733
37619830	0.501084015775964
37624971	0.502410862571239
37626260	0.500793668951087
37631691	0.500834433786322
37633220	0.501238941094651
37633391	0.501909946975873
37636491	0.500672855907692
37636901	0.500799407661568
37641230	0.500442703504899
37642631	0.503268478117519
37644561	0.500130641845037
37648250	0.500742281346108
37651470	0.501238359823057
37660291	0.558437390764804
37663391	0.500202099143238
37670821	0.500147909617018
37671820	0.50047613927738
37678301	0.500272502171125
37682520	0.500177816379906
37686030	0.500216084755754
37693980	0.500132533834461
37702221	0.500713510900923
37704740	0.500132913551487
37711401	0.500140863946797
37713331	0.500355437754356
37718250	0.502469883544465
37721171	0.501316185241854
37721700	0.500254666617819
37723391	0.500317118364352
37727140	0.500325407710912
37727960	0.500194671113686
37728011	0.501232820216354
37731521	0.500177913212595
37733801	0.500518129652693
37735321	0.500444883456487
37736790	0.502032708191759
37737490	0.549592829163743
37741290	0.50022501312231
37742221	0.500325920045498
37763981	0.50022717153411
37764271	0.50024458024262
37764630	0.500137597095604
37767661	0.500363882660429
37767721	0.500410512671584
37770471	0.500145473259293
37770761	0.500243727022947
37773101	0.500161139930179
37773921	0.50615315766745
37777140	0.500688484299816
37778071	0.501676199212787
37778430	0.501493681471386
37778951	0.500631335733578
37781811	0.500205597474394
37784331	0.500121215744448
37796201	0.500605419923965
37804100	0.500566438051399
37804561	0.50139437168152
37805210	0.500108229062345
37807610	0.500163453422853
37808720	0.500248454465321
37809651	0.50017359262828
37813870	0.500143128339231
37819830	0.500140056571648
37820531	0.500391716726336
37827081	0.500216872370002
37833161	0.500131337357362
37834100	0.500136696339177
37835390	0.500365325611164
37838481	0.500463523566807
37842350	0.500538019199504
37842871	0.501462734479298
37846790	0.500459484327734
37847841	0.500266617041618
37850591	0.500361691395798
37852000	0.500481208223511
37854570	0.500330656889581
37857200	0.500584874247228
37867030	0.500720731282464
37867841	0.501447125795998
37871180	0.51036041877548
37871590	0.500355392712176
37880591	0.50523088725772
37892410	0.500125833127118
37894211	0.500222218971918
37902580	0.50018429305126
37903691	0.500166560432868
37906551	0.500175442302861
37907311	0.500141907896584
37908900	0.500415763225942
37913511	0.504631424993471
37914101	0.500156057858395
37920420	0.500123540699438
37921411	0.50050828715061
37924570	0.501373173338869
37927081	0.500444492579463
37927491	0.500135734819441
37928721	0.500763449839489
37933520	0.500607334835309
37933571	0.500877902991946
37934041	0.50031308512267
37935160	0.500723344276773
37939370	0.500685017656423
37939831	0.500187702051854
37944511	0.500398433200458
37947730	0.500656228074684
37957021	0.500190835841845
37958601	0.500331288682535
37961650	0.500222804745482
37969131	0.500575289887995
37975911	0.500564556629102
37976441	0.50066092359768
37980770	0.501415681522957
37982000	0.50026010313914
37983460	0.500750563242506
37983870	0.500225820234804
37987500	0.503022731370266
37988311	0.500122067678156
37994041	0.500272236260477
37995860	0.500283833183224
37997961	0.500502930106396
38008191	0.500288217468002
38008200	0.500264416295414
38008260	0.500559428557595
38017090	0.513365396304061
38018951	0.501254282827775
38019600	0.500486949498148
38019840	0.500183078563171
38021710	0.500195293751581
38026261	0.500153109337703
38030770	0.500521449042164
38031761	0.500555027831353
38034690	0.620898240642213
38035561	0.500157231445006
38036270	0.50018424000235
38037431	0.500385500708649
38037440	0.500479770175962
38037910	0.50100327210237
38040881	0.505567621438386
38043990	0.500732695082293
38046261	0.500134200995244
38046731	0.501208357317637
38047201	0.501137530613446
38049370	0.500290743378479
38053051	0.500127563674829
38053870	0.501863060223136
38053930	0.502058069886539
38056150	0.500206082802379
38056441	0.500498385441416
38061061	0.500352455055313
38063110	0.500220369586999
38064741	0.500147537392557
38068191	0.507525186799247
38070190	0.503335300999365
38070241	0.500142433153368
38073341	0.500118669046772
38077380	0.501132572888045
38079660	0.500190812430408
38079780	0.521959176435418
38079891	0.500525576733829
38080950	0.500128580613917
38085860	0.500250830690121
38088610	0.500183361509731
38088670	0.50017949933138
38091471	0.500199296564551
38093580	0.500122048274811
38094221	0.501612558415484
38097090	0.500118073789794
38104460	0.50308412506979
38105561	0.500126219414598
38107261	0.500260216784553
38108311	0.500187900286957
38110540	0.501729170217191
38116680	0.500113847642866
38121240	0.50015464213263
38121471	0.500333568637457
38123640	0.500487427417434
38126620	0.501780448195006
38132641	0.500193957373011
38137261	0.500985515821404
38141710	0.500182304244297
38143051	0.500265194876483
38145271	0.51620406089693
38146740	0.500347566645016
38148320	0.500116387106094
38149490	0.500242979427837
38155211	0.500158655449343
38156211	0.5025206129242
38157970	0.500469906928374
38163521	0.501351702825562
38165041	0.500194896929844
38167141	0.500119409624365
38170310	0.500140521626459
38170711	0.50066199603134
38173281	0.502498207796941
38176381	0.500183753178139
38176621	0.500616073349508
38176860	0.500242246905031
38177560	0.500188321492318
38178081	0.500232345387105
38181010	0.500397703375512
38181070	0.500137059695678
38181941	0.500420059319835
38182291	0.500177962007691
38183871	0.500221277958426
38186441	0.500211006129408
38188081	0.501879228618711
38189661	0.500152740663284
38195690	0.500149023786238
38199140	0.504895252337614
38203640	0.500293407401586
38210711	0.500106162413756
38210720	0.50387771879181
38212240	0.500261520304996
38221010	0.500117925328682
38224341	0.502049261194286
38224810	0.500241910553497
38226450	0.500247386428844
38227321	0.5019842133721
38229891	0.501864250572599
38233640	0.500213545953593
38235041	0.500168955251134
38235391	0.500194182810427
38237090	0.500344893361571
38242300	0.500126642979088
38246160	0.501315558972467
38250660	0.500125698755971
38251591	0.500198928954335
38252470	0.504944977402912
38252761	0.500460159843032
38253051	0.501711441524529
38254921	0.50048046278288
38271190	0.500581291633308
38271540	0.500466620010355
38278260	0.504268863578688
38278431	0.500159445551387
38283820	0.500204665770862
38284460	0.500115747561991
38284981	0.500562704205318
38285690	0.500247175995399
38286681	0.500172346632655
38289490	0.500618205013477
38291190	0.500403154845065
38301181	0.500213301944423
38301941	0.500537578731705
38304050	0.500321933150159
38305220	0.500186424508604
38309721	0.500594728095326
38315451	0.500295946897526
38318850	0.501365463287331
38322650	0.50073397189913
38328150	0.505738687326229
38329140	0.500891667731692
38329840	0.500208975887795
38333111	0.500130793257234
38339140	0.500247786881159
38339200	0.508560009108143
38346151	0.500292721084129
38348850	0.500205514180013
38349721	0.500166782563616
38350430	0.502975279844628
38351941	0.500384865824854
38353991	0.500390975349441
38356160	0.500852928368108
38356501	0.500130839265966
38356510	0.500334366865537
38357560	0.500395001541357
38358030	0.500113228788329
38358440	0.500168399862429
38358850	0.500176682718269
38359251	0.500284263764671
38366211	0.500129569829756
38367680	0.500770785440245
38368901	0.502327889632204
38369781	0.5002942067506
38373171	0.500158691246271
38375391	0.500160979102928
38377731	0.500126800539713
38378201	0.500533814308691
38382180	0.503663871373071
38382770	0.502353385783229
38385391	0.50245892480288
38388551	0.50030402302295
38389610	0.500135050185998
38404930	0.50071548875374
38405280	0.500120583629953
38409610	0.500186872437484
38417321	0.500141536598166
38417970	0.50014972345726
38420840	0.500345837900711
38421011	0.500122930059616
38422010	0.500335255745181
38422351	0.500248230409414
38423351	0.500198368620301
38424051	0.500121288033217
38424580	0.500191179261651
38425161	0.500255167982237
38427971	0.500131350309456
38429491	0.500512257546903
38433171	0.500436983997687
38435571	0.501468914786485
38435801	0.500318324712454
38436280	0.500266519799648
38437381	0.501056137476908
38437561	0.500187715289711
38440541	0.500682260800435
38443991	0.501410299284429
38445750	0.500392880670557
38449550	0.50138794042968
38461591	0.500813361195784
38466971	0.500260372714611
38470311	0.500594499061493
38470481	0.500377101544562
38470960	0.502833003543697
38472001	0.50118330644533
38472881	0.506471809211262
38478500	0.500171985706715
38479030	0.500141232476927
38480191	0.500885787708575
38482411	0.500259028351472
38482761	0.501224314924628
38484290	0.500471972246389
38485810	0.500168522991297
38488850	0.500151959664133
38490131	0.500732310796444
38490481	0.50013121574784
38491241	0.500615287196277
38493581	0.500119797217894
38494171	0.500130373642919
38494401	0.500282467271075
38495451	0.500827273010877
38500430	0.502174796026989
38500601	0.500475553099005
38500900	0.500500098963652
38502010	0.500255332024335
38507510	0.500125674939853
38507561	0.500503484008008
38509021	0.501313308643379
38511370	0.500694657792713
38513530	0.50036954667159
38527100	0.506318577150116
38531310	0.500953816173697
38531831	0.500158815134448
38533530	0.500129529539388
38535990	0.501163814156657
38536690	0.500179424082462
38537920	0.500214207155552
38546160	0.500222249122331
38549201	0.500376428420328
38557681	0.500171162033585
38565870	0.614507078052215
38570721	0.500915020161219
38576050	0.500193657666439
38576810	0.500353693310451
38580191	0.500210962179115
38582181	0.500284080586956
38583650	0.500392993046562
38588330	0.500905606308265
38594111	0.500310760916402
38595401	0.516728431171489
38596280	0.500367584415369
38597271	0.500166571633527
38599551	0.500673734282535
38600601	0.500196151093737
38604401	0.500152256869031
38606810	0.501420389850096
38609320	0.526791975610029
38617271	0.500441036805101
38621370	0.500326608459764
38625341	0.50038752225809
38625981	0.500299711124205
38631831	0.500165925447972
38631951	0.50023660148548
38632250	0.500141278046734
38632480	0.502886915910382
38635230	0.500198607860946
38635870	0.500252873955619
38637630	0.50062902555251
38640610	0.500470932098239
38641011	0.500191697603695
38642241	0.500154244229058
38651541	0.500124361627575
38651720	0.500455775166861
38654760	0.500194723962823
38656801	0.500443357478452
38666921	0.531502443810013
38668330	0.50011985167629
38674410	0.500375942550951
38678270	0.500190936059909
38683941	0.500112494216586
38684231	0.500287500083236
38684820	0.500175182680003
38686101	0.50027767491568
38700260	0.500460399455321
38701011	0.500258181763674
38707510	0.500954679105008
38708800	0.500259228448453
38709901	0.500362664360115
38712711	0.500147389390323
38713061	0.500173087294549
38713420	0.500420403357067
38715640	0.500329450533552
38725111	0.500306812942712
38728211	0.500243198631828
38732301	0.500555626865177
38732651	0.500118195063881
38732890	0.500208496000086
38733181	0.500169894926129
38733471	0.500466385072758
38733710	0.500111498662034
38736161	0.500692054683024
38740491	0.500155655468562
38743531	0.500748402680058
38745580	0.545250876867921
38747971	0.500229084294079
38749210	0.50213919966987
38752250	0.500377342148155
38758860	0.500340977263424
38759141	0.500495431776351
38759790	0.500229669344265
38761071	0.500202850426839
38761251	0.500164092627444
38766520	0.500132706663174
38768800	0.501333627009712
38774991	0.500304445101816
38775341	0.500137056839209
38780021	0.501342301275599
38781831	0.500116763113219
38788911	0.500146338240432
38792361	0.500261333110158
38796861	0.500216559599065
38797160	0.500322445990824
38797741	0.500184636585518
38800491	0.500124328092289
38803300	0.530353763891792
38804650	0.50020987143348
38812011	0.50013038566663
38815060	0.500227833069873
38819500	0.50090850260897
38825990	0.501535684533545
38828561	0.508151046995284
38833770	0.500171030619865
38835760	0.500530748170387
38842950	0.500336923592846
38843821	0.500264492499851
38843830	0.500151113114952
38849620	0.500163778977435
38854581	0.500160349968136
38855760	0.500289033155178
38859381	0.505093703892665
38861490	0.507580050695817
38863950	0.500804349843823
38870491	0.500682090216292
38874991	0.500483382208246
38875880	0.501451796560841
38876930	0.500106971927682
38885871	0.500491777289802
38891951	0.500174622336969
38895470	0.500284895567604
38897400	0.50064015782961
38901541	0.500517110932197
38906401	0.500279054997627
38906571	0.500394899191412
38908681	0.500384559902977
38909031	0.500162888727513
38910090	0.500139154120613
38913190	0.500231811864509
38918040	0.500771426372651
38926640	0.500132848787252
38927750	0.500140209571604
38929740	0.500125563139186
38930141	0.500137252709691
38931021	0.500140744216021
38932421	0.500292726368543
38934010	0.500143382250207
38938561	0.500363259406714
38940910	0.50013704339721
38944300	0.50011035908524
38951021	0.500762204376731
38954360	0.500150138406331
38973361	0.500205643586135
38974291	0.500169339923174
38975701	0.500110043608567
38975940	0.500167314662277
38980030	0.501256080789778
38981490	0.50031259211469
38986281	0.502538839491839
38988621	0.500472577147125
38989740	0.500364952939638
38992720	0.500393126286717
39002310	0.500149425568695
39003771	0.500238228135419
39004650	0.50048633550297
39007511	0.500154996269667
39012080	0.501039951213871
39015820	0.500890759636198
39019210	0.500105320671377
39020150	0.500672448610693
39021960	0.500126401054919
39029211	0.500127032980416
39030030	0.504583765827396
39033361	0.500472340697046
39034300	0.500114450561782
39040440	0.504573331181333
39045820	0.512713710622393
39047981	0.50042188518705
39048980	0.500449592980935
39049091	0.500505852036943
39049501	0.50016537342429
39050201	0.500162577316535
39057580	0.5001975080093
39061320	0.500693214714374
39068570	0.500744745922275
39071311	0.500442174244083
39074001	0.501311284985576
39075940	0.500643077188458
39075991	0.500137552477898
39085470	0.500294831354239
39086521	0.501495546871502
39086691	0.501403453690799
39090201	0.50080525319968
39092131	0.500887129941068
39098160	0.504000104656991
39102490	0.500733246202201
39106640	0.500952200457576
39109151	0.50036322613842
39109680	0.50060498766231
39120261	0.500212606562088
39121790	0.500245928453911
39127810	0.500190378427509
39129851	0.501551053000323
39130031	0.500285082066547
39134821	0.500342398356836
39136171	0.502026291211824
39146231	0.500307115927252
39148921	0.50016014637467
39155180	0.500126480794745
39156751	0.500202246600878
39156820	0.500302692744305
39159501	0.505002315800049
39160740	0.522764841580343
39161030	0.50014213910892
39161850	0.500326148261375
39162311	0.500130551403782
39168570	0.50019684957957
39172251	0.500534942503902
39174711	0.500129368446732
39175061	0.500162791537713
39176871	0.500901084558492
39177921	0.5001529270889
39178050	0.500123151196425
39182960	0.500745188886112
39187810	0.500274321866137
39190441	0.505322487705746
39193720	0.500138447317842
39193780	0.501952811866619
39194480	0.500724370791011
39196811	0.510390728742796
39198400	0.500165021069036
39198801	0.500137523471303
39199091	0.500724866486275
39203951	0.50155355020845
39205821	0.500119300523041
39206231	0.500191160904674
39206521	0.501800636579549
39213020	0.500143384653335
39215001	0.500157616554934
39215710	0.500179625294017
39221320	0.500162502086085
39222670	0.50033625974668
39223310	0.500722910302338
39226700	0.500481766351983
39227230	0.500124324085932
39228690	0.500131265303112
39228750	0.501019982991779
39232601	0.500980719243641
39232900	0.500207636629178
39234881	0.575424388556373
39234950	0.500251436507412
39235940	0.500348760843304
39236641	0.500126929541491
39242781	0.500152370387403
39247631	0.50020777308838
39258451	0.500118615787323
39262251	0.507518386390953
39262550	0.500140185476553
39267221	0.500315101163456
39267930	0.500147530518883
39268861	0.500811916340583
39273780	0.5008558864799
39278221	0.500163591792898
39278631	0.500386252207518
39282251	0.500243755689806
39283191	0.500131008136282
39284711	0.500512211309352
39288161	0.500205911845037
39293370	0.500266190163983
39293900	0.503651822858378
39294301	0.500207075306116
39296871	0.500296650489483
39298110	0.500149550286755
39303541	0.500131303951563
39307401	0.50208044142918
39319220	0.500126114990875
39321090	0.500419354508523
39327760	0.500179372560178
39329451	0.505611019475721
39329630	0.500184332966709
39330851	0.500123273433931
39331150	0.501657423403823
39333430	0.500141276340123
39334310	0.500110451175508
39334831	0.501944020858754
39338691	0.500337410587055
39341201	0.500149810940284
39343601	0.500265266456716
39344660	0.501581088682744
39346470	0.501985362784247
39346641	0.500140517918603
39349630	0.501002349294326
39358161	0.500328085598936
39362030	0.500498802192327
39362200	0.500423059378486
39364361	0.500545086807063
39368221	0.500122603899603
39369160	0.500295285663732
39374720	0.501179480200599
39375761	0.500233836979258
39378221	0.500357576646011
39380561	0.503521637937733
39385181	0.500151449871553
39388050	0.500108824567758
39391680	0.500289837080333
39398810	0.500162843545204
39403951	0.500376132960733
39405821	0.500672508231806
39414891	0.50019069077472
39416590	0.502003517963208
39419041	0.500121595563222
39421970	0.500142728484516
39423020	0.500479113401255
39424421	0.500129667578968
39428460	0.50036447763057
39434011	0.503680851116601
39434720	0.500155481567479
39434831	0.500126328636671
39442491	0.50013216073615
39444301	0.501503505962741
39445121	0.500483043371444
39446761	0.50018497032411
39447991	0.500323912063034
39448870	0.500424263496348
39453430	0.500116384216145
39453900	0.500173199806839
39454250	0.500607588848994
39458520	0.500431795729442
39459280	0.500121578483164
39459810	0.500237094293763
39460681	0.50012036195087
39462021	0.500130985211766
39462961	0.500126345170214
39467060	0.668466231173905
39471671	0.500322633607723
39474891	0.511129391006962
39475420	0.500168704859556
39475711	0.50062142420101
39478401	0.507298085625588
39479921	0.500162380152257
39480621	0.503222368507308
39481731	0.500196467951997
39482380	0.500666841320482
39485190	0.500603884520379
39486940	0.501064835460259
39490800	0.500507613890763
39491390	0.500326352351627
39492500	0.500111971203611
39496881	0.50120395533248
39497111	0.500201025489909
39499391	0.500130144167296
39499511	0.5006689069293
39511031	0.500458336928
39511671	0.500443622041933
39513490	0.500595149925488
39514720	0.500117089469964
39517000	0.500259012251793
39517231	0.50491087814038
39522030	0.500162990297608
39522850	0.50044086740975
39526061	0.500668311668037
39526701	0.500132665478007
39529110	0.500302215304969
39531800	0.50013880352755
39534481	0.501790811309626
39535890	0.500194615770905
39538691	0.500293576842
39541270	0.502225138293746
39543081	0.500986851104992
39544541	0.500207796533718
39548051	0.500315368019489
39548170	0.500251706192237
39550621	0.500185940347247
39550630	0.500511158030292
39552551	0.500119482058163
39553730	0.501536187062852
39554370	0.500208044256266
39556001	0.500158905502015
39556531	0.50013144877814
39563730	0.500408741943438
39566941	0.500146288983295
39567461	0.500256912357044
39570220	0.502833530824644
39576770	0.500648335815647
39579571	0.500124037392793
39579861	0.500514722864053
39582910	0.500358967002853
39584891	0.500119019200398
39585190	0.500703912595452
39589050	0.500502314743861
39589451	0.501304277655051
39589981	0.500929506991236
39591791	0.500251304461211
39592440	0.500209560068178
39594191	0.500118114705849
39597240	0.500169833231636
39598631	0.500216092705649
39599101	0.502647319926863
39599930	0.500163062792387
39600570	0.500137041578517
39602141	0.500295135533377
39606591	0.500481832998689
39606830	0.500420605842462
39608290	0.57829601263663
39621091	0.500422428360683
39622261	0.500168263543733
39626531	0.514276754521371
39630100	0.500168130931916
39632210	0.500111864124596
39632321	0.500337824142213
39633260	0.511686038391448
39635771	0.500122725893198
39636650	0.500264544412673
39637351	0.501816641204288
39639571	0.500153752650025
39648521	0.501148355519117
39648580	0.500181729849829
39651330	0.500141763425337
39652961	0.500123955083854
39654780	0.500184739684665
39655711	0.501182063902667
39659511	0.500169621898214
39660621	0.502180544892662
39661100	0.500363173681833
39663960	0.500311102347192
39666010	0.50014990893924
39675011	0.504062827848571
39678521	0.500251397291411
39679631	0.500204520505612
39680220	0.500262631220902
39681561	0.500764897774378
39691040	0.500196642761425
39692791	0.50027522268731
39695250	0.504455984866043
39698410	0.500173334952382
39698990	0.500117602330749
39701740	0.501232672704672
39702270	0.50017677838851
39702620	0.500261042229018
39703090	0.500169795564201
39704541	0.502104569372885
39705361	0.500370025645437
39707180	0.500409454500665
39708871	0.500292837243112
39710391	0.500364628616009
39714541	0.500698112439885
39717180	0.500137506255387
39717880	0.50036618426913
39723320	0.501005420700055
39725071	0.500336125855819
39725891	0.500131796756136
39726190	0.50014730016164
39727231	0.500246062092814
39728401	0.500149436297647
39731330	0.500243837254842
39734080	0.500219314394008
39747300	0.500409020372785
39753090	0.502092937657093
39755301	0.500688232179058
39755310	0.500372717889739
39755541	0.500194289456396
39767590	0.506228404911541
39771160	0.500342105351905
39772500	0.501954358414046
39778820	0.50158257683235
39779161	0.500766939828897
39780861	0.501787101476046
39782560	0.500275165717449
39784371	0.500349685451575
39784490	0.500531177011951
39785481	0.501622283610309
39785951	0.500270932955165
39788521	0.50012381660923
39801911	0.500631551609243
39802150	0.500166652112253
39804431	0.500385855081077
39806941	0.500247223458021
39816361	0.500155723189993
39819290	0.500303504541138
39822791	0.502890881755465
39824431	0.500274325281906
39828171	0.500136459002026
39830050	0.500125911197704
39830630	0.500256922949855
39834311	0.500127779046367
39835421	0.500336581180904
39843201	0.500288529145837
39848180	0.500372925687594
39848880	0.500472597035668
39850460	0.505537264312719
39851911	0.500255337626665
39866181	0.500109720841791
39866591	0.500281758770966
39868171	0.500746623469376
39875430	0.50015223147897
39879930	0.50381762083458
39887411	0.50151420047602
39889290	0.500228754300463
39892911	0.57528827160883
39893910	0.500627909854552
39900750	0.500209868483717
39905310	0.500232066337963
39906190	0.500382384852427
39908231	0.500733814854645
39909691	0.500132904262097
39912620	0.50020671098369
39912791	0.500109303791638
39916600	0.500145180341835
39920861	0.500214688747294
39922441	0.50035142415814
39923270	0.500378161881574
39929751	0.500149819267795
39931280	0.500117676193244
39932100	0.500151756017019
39934730	0.500285346967676
39939811	0.511250193723197
39940281	0.500784109665376
39942911	0.500181880948874
39944021	0.501101809680249
39945071	0.500601001181862
39947471	0.500450989335712
39949060	0.500260976105257
39949171	0.500328933251544
39952680	0.500203178345038
39956190	0.500889052067095
39957411	0.500744859045126
39961101	0.50098874318098
39962860	0.500357285738206
39964960	0.502004610472928
39967010	0.502096912017601
39967651	0.50015003513413
39970870	0.500191604558736
39972271	0.500409395100915
39976130	0.500138691116201
39982920	0.500142127267654
39996481	0.500640601963384
39996831	0.500168564418046
40003201	0.500375991504648
40005541	0.500177276235407
40011630	0.501861425963472
40012441	0.50328316911863
40017941	0.501613861884563
40022211	0.500599164063965
40024850	0.500408434056558
40027130	0.500122048219328
40034790	0.500411365831683
40046541	0.500129760003815
40050981	0.500746000493428
40051280	0.500303195503475
40052331	0.500158069154897
40057471	0.500275141925764
40057540	0.500111466382161
40062740	0.500535330133967
40063091	0.500221306354729
40066720	0.500323129722809
40072911	0.500230501874274
40076421	0.500666544336276
40078240	0.500250192399414
40079000	0.500977703810319
40081630	0.500157358932959
40083321	0.500149040603307
40083970	0.500174301775933
40085140	0.500336798475856
40088701	0.502485762414039
40101050	0.500233398419029
40101741	0.500191138875419
40102211	0.500326339858938
40109051	0.50014226961165
40110341	0.500354761969104
40111511	0.500129515157124
40113441	0.500133963248772
40114431	0.500301321096815
40117480	0.500207826267954
40119871	0.500156240464665
40121221	0.500287636753524
40122681	0.500131251689521
40123740	0.501203921722648
40125670	0.50044283446036
40132331	0.500216173654395
40135960	0.522912709062139
40139111	0.500982701822262
40145721	0.500161180716139
40149231	0.500900344107165
40159530	0.500332591831759
40164081	0.50140219951843
40166080	0.500122186328335
40169521	0.500672462224693
40171101	0.500215237861934
40180000	0.500149116327255
40183561	0.500227069198323
40188411	0.500884246175325
40193381	0.500191415875222
40196720	0.500330305388048
40199880	0.500166018472701
40201511	0.500593839977589
40205790	0.50016320809438
40208070	0.500136513977779
40208531	0.500443299226682
40220230	0.50705724492142
40226080	0.500252184420853
40230170	0.500492898936781
40230931	0.500114057233522
40236251	0.500188410749343
40243441	0.500120799302854
40244551	0.5001327308813
40255491	0.500208376063815
40256020	0.5001305714593
40259991	0.50023441804843
40260691	0.500363193941318
40260990	0.500404249874947
40267950	0.500304146115727
40271750	0.500141862959598
40271990	0.500165054399422
40278061	0.500109243369038
40280401	0.500424205091515
40283031	0.500916774576584
40283441	0.500828389607509
40283501	0.500243144342413
40285610	0.500136989859324
40286140	0.500330861271163
40286550	0.500180531311256
40287831	0.500684804054564
40299120	0.500235599019401
40299880	0.500179091398902
40300871	0.500182655807838
40302681	0.500117837930009
40306610	0.525089554426536
40308121	0.521489997900217
40312160	0.500206657829897
40313510	0.502441066855411
40315431	0.501509622812984
40315781	0.500241162732018
40315901	0.512425614485526
40317660	0.527411772811873
40324500	0.501439849637027
40325781	0.500902935130978
40326140	0.500273750491161
40334261	0.500627586844421
40335781	0.500522775564762
40336311	0.500466881755115
40338540	0.500331757033296
40344091	0.500145046956676
40344791	0.500196650096996
40347541	0.500359450500834
40348010	0.500402224185317
40352280	0.500131793485142
40353621	0.50059038171464
40357430	0.501084770783492
40358130	0.500216511620029
40359881	0.50014930530443
40360521	0.500190381916347
40360871	0.500381221181506
40361290	0.500305636981378
40361640	0.500212466330172
40361990	0.501007656181387
40363510	0.50019783718286
40365431	0.500144432026511
40366430	0.500326797895537
40367020	0.500249605081625
40386610	0.500180310832742
40386670	0.503265238652858
40388591	0.501350958597909
40391870	0.500631567584758
40393501	0.501052434311516
40393621	0.500451150875775
40394851	0.501093492090425
40398480	0.500164726322008
40399061	0.500727830628769
40399761	0.501437139334797
40401580	0.500182274683696
40407191	0.50016042391316
40420581	0.500151007004447
40423331	0.500472981323357
40424671	0.500145048642118
40425261	0.500390345109044
40427011	0.500158916477274
40429650	0.500173640065539
40431221	0.500357627023783
40433630	0.500351747959231
40433800	0.502252888920688
40433980	0.50067386918848
40436140	0.500275913505537
40440000	0.5002641309779
40441871	0.5001622251766
40443220	0.500168450858945
40443630	0.500263402745786
40446431	0.500256993438928
40450820	0.500229257945611
40453690	0.500702449060081
40457831	0.500393546958661
40461170	0.500641864852626
40465150	0.500607630066983
40466841	0.500623167380993
40467421	0.500502143232952
40467541	0.500148889130864
40467720	0.500364741792845
40470111	0.50080193650215
40471990	0.500709671257058
40472221	0.505991822498397
40474740	0.500197883499439
40479591	0.500428089710098
40480291	0.500118858220701
40480641	0.50039531169
40481281	0.500392871238754
40484151	0.500733266665982
40488540	0.500134851446087
40489471	0.500196944284592
40495201	0.500273637776491
40498600	0.500558786894581
40500180	0.500240372204427
40500530	0.500141305806915
40500590	0.500134463467973
40501990	0.501838043918267
40508540	0.500136256584206
40509770	0.500128283235807
40510940	0.500126250507534
40514091	0.500160126856287
40515500	0.500135527506276
40516790	0.500858192454022
40521051	0.50035431064271
40523280	0.50039338501512
40525850	0.500449366544043
40527900	0.50150347700339
40530240	0.505582605004016
40532221	0.500197102864567
40535381	0.508665556647565
40536021	0.500576652544113
40538241	0.500119364237372
40542170	0.500309246255354
40553621	0.503012766614973
40554270	0.500471503817147
40559710	0.500280322966314
40560411	0.500706578367058
40563690	0.500213986411793
40564860	0.519802435036504
40566201	0.500248695725688
40567370	0.500140048728843
40572101	0.500228150618955
40577191	0.500602622124531
40584390	0.500911033767981
40587780	0.500122695103551
40589881	0.50021018892946
40589941	0.500417852314419
40590180	0.500506437717413
40593511	0.535347026799216
40595261	0.500116949172555
40595270	0.500491335484614
40595611	0.500830475728213
40596201	0.500282882684161
40597371	0.500165466655312
40599821	0.50033745295306
40600880	0.50015855501576
40600991	0.500200066886129
40603400	0.500151754072674
40604040	0.512013225754821
40605150	0.501969520258998
40605560	0.500290009195072
40606551	0.500158838980782
40607780	0.500419230547903
40607951	0.500942401734362
40610001	0.500228072650955
40611051	0.500420850780998
40614271	0.500301080768443
40614510	0.500371108700158
40619241	0.500363207266195
40622221	0.50040660006669
40628600	0.500173384310334
40629061	0.50019028613979
40631991	0.500122469746685
40639890	0.545274860551823
40643690	0.500189016605748
40650761	0.500284808681725
40653451	0.500731479211759
40654510	0.500130896456912
40657200	0.500754735639749
40657601	0.500505549932084
40658131	0.500225163013006
40663050	0.500181040061518
40664390	0.500610448129877
40664800	0.500271363488868
40672401	0.500194332086525
40672460	0.500315304546177
40673460	0.500246117031566
40674151	0.500118471454216
40679250	0.502276918817907
40682460	0.500697632338865
40685851	0.50254380729889
40694331	0.500215927367811
40702751	0.500572428253181
40703161	0.500132089466754
40703870	0.500121281740111
40703921	0.500335995980408
40706431	0.500945165345102
40706730	0.500252142321028
40707431	0.500142971220299
40709190	0.500511402679774
40712401	0.50403276139375
40714450	0.500121268054076
40715560	0.500561057727693
40725620	0.500205257367381
40728481	0.500881543530281
40731350	0.503490723655173
40735731	0.50015715664653
40741880	0.500294549053104
40741940	0.506889886074967
40742631	0.505420145333337
40746081	0.500115951571855
40747431	0.500128768529571
40750761	0.500243965701756
40757960	0.500267114346113
40758421	0.500268223341358
40767081	0.50014765072731
40767200	0.503068460661085
40770531	0.502486309388001
40772751	0.50029645031612
40779190	0.500142639811825
40779301	0.500195528756316
40780471	0.500356415031416
40780591	0.500200936588256
40781701	0.500581865073458
40794331	0.50790943615832
40796090	0.50109582311566
40798481	0.502035884449242
40800881	0.503376726778235
40802700	0.50017813396131
40807311	0.500128386684052
40809771	0.501002602799478
40823101	0.500198144523538
40823810	0.500172421460967
40824451	0.501762168696709
40825330	0.500210181579882
40832640	0.500235305927484
40833400	0.500330031306364
40835040	0.500133975426223
40839071	0.500140840729545
40842521	0.500301595385784
40845851	0.500645028792867
40845860	0.509615961256045
40852171	0.500265041576977
40853460	0.500155847628891
40854681	0.500145224964146
40855800	0.500184765788642
40859310	0.50024981173542
40860411	0.500468785471386
40867260	0.500208706378636
40869361	0.500217324232568
40870010	0.50032863571837
40870941	0.500172667960954
40872350	0.500130474631357
40876500	0.623377096492536
40881701	0.500122093996277
40884630	0.500134014836172
40885561	0.500484027202318
40886090	0.502494600412169
40888200	0.500146389562492
40889711	0.500504786245375
40892811	0.500739018318158
40892991	0.500482672714246
40896321	0.500118825711129
40903981	0.500250984321278
40907320	0.500119215810625
40907380	0.500147942347261
40907431	0.505603810415015
40907850	0.500628294972186
40911351	0.526256889614426
40911411	0.500215073052178
40913930	0.500340539437135
40919361	0.502231451620347
40922581	0.500174674525392
40923170	0.500143686494241
40924980	0.500363479043643
40929541	0.504366495360408
40930830	0.500163015084623
40932641	0.500749297466599
40933520	0.500651828370986
40933870	0.500340460260526
40935390	0.500299583503977
40935681	0.504043027695842
40939541	0.500149755787485
40941761	0.500540425105827
40945100	0.500135926374022
40957030	0.500137781963932
40957670	0.500372466457034
40958840	0.500755817627784
40965621	0.500576989916244
40965741	0.500335838484869
40967790	0.500572283612842
40970770	0.500766054077499
40973700	0.500115050118358
40974870	0.500129795830243
40975211	0.500320388505438
40976091	0.500486814985807
40976390	0.502563497325476
40976851	0.500189374264381
40977671	0.500575689733273
40986031	0.500213620468451
40992521	0.501575291710856
40995561	0.500396151209798
40996731	0.500232673382557
41003170	0.500233617036083
41006151	0.500593776336755
41006441	0.500231960349401
41007560	0.500671611004076
41007841	0.500130110471904
41017201	0.500191142587624
41022060	0.500114251829324
41024870	0.500154333973818
41024981	0.500307352028868
41026851	0.500421381120171
41029421	0.50058288895725
41034520	0.500371855301335
41037500	0.500360676272672
41038730	0.500365742450723
41046381	0.500273276811148
41047491	0.500530132149599
41049490	0.500193972632008
41053281	0.500427024161227
41058081	0.501219483877271
41058960	0.500226581232638
41059900	0.500177372114861
41063051	0.500130719039541
41072351	0.500222087567848
41072820	0.500260508481104
41073000	0.503861394438513
41077731	0.500120594955757
41079080	0.500888449193877
41080890	0.500577581304437
41083871	0.500143622436189
41085570	0.500325531379056
41086971	0.500193995362276
41089541	0.504353921920774
41093521	0.500144742676873
41094460	0.500309947501076
41097270	0.500141622800697
41100250	0.500120434830941
41106851	0.50174580370715
41109071	0.500153171627156
41117961	0.500137490046678
41123811	0.500141213270287
41124340	0.500160514797591
41125690	0.500119397145774
41131121	0.500995290667755
41137270	0.500429467767256
41140771	0.501095163201883
41141821	0.502261294058423
41142351	0.502253428972781
41142470	0.500212120195102
41144930	0.500364769802457
41146271	0.500386898361283
41147261	0.500316010450888
41152300	0.500199566742271
41155690	0.500159359347737
41157850	0.500588158782162
41158491	0.500257999661163
41163700	0.502181415345939
41164101	0.503939364898613
41166441	0.500131988674156
41171420	0.503325872595412
41174580	0.500507812818818
41177330	0.500195096135232
41181061	0.500345553961094
41183051	0.50013857015084
41184161	0.501611702647893
41185690	0.502259069455685
41187910	0.501822993116807
41188090	0.500732294010061
41189020	0.500207071295772
41193401	0.50199506051228
41193751	0.500133709320551
41195861	0.500499126763903
41196501	0.501908485054102
41197270	0.500327946897631
41198440	0.500137384502795
41200310	0.500243811944007
41207500	0.500361779888031
41207671	0.500111526756963
41213000	0.50021307359922
41213521	0.500205307121278
41215570	0.50072494807858
41216561	0.500194122588978
41216621	0.50231868899374
41227910	0.500131290725486
41230481	0.500227921684945
41233000	0.500137346210304
41235050	0.500135850842934
41237150	0.500289744754037
41241420	0.500121977729907
41245801	0.500263549004915
41249260	0.500224277234424
41258500	0.500167574302548
41259610	0.500126385490739
41260600	0.500126457601742
41260951	0.502962972387281
41261301	0.500188747901153
41266681	0.500157693533414
41270951	0.508081875468712
41272291	0.500203072845742
41274401	0.500178355613529
41277620	0.500390255124641
41279021	0.502096675867391
41281190	0.500517040844586
41285571	0.50105831799883
41285630	0.500107109186726
41288261	0.500325445320585
41289371	0.500430398804637
41291181	0.500121678917872
41294341	0.504738096048287
41297330	0.500158676741141
41297740	0.501454018684453
41299081	0.500186629300537
41301420	0.500123614881978
41302061	0.50036219973486
41306911	0.500203856806832
41309781	0.500145601018745
41320490	0.500655369186553
41328440	0.50025563422377
41328671	0.500115150105711
41331660	0.502158495237951
41344170	0.500109703892736
41344631	0.500311659553184
41351190	0.501819666764567
41352360	0.500389178313705
41354051	0.500363938045909
41357561	0.500184055284479
41360831	0.500148481367492
41362591	0.500176111232284
41365801	0.500880525921541
41367091	0.500215391125293
41367911	0.500405151473256
41380900	0.500370845124995
41383521	0.500554703904857
41386331	0.500109915939056
41395631	0.500420064627624
41396160	0.500488068914502
41396451	0.500314097618558
41398261	0.500158177440936
41398611	0.500450416784183
41399790	0.500547937794692
41402770	0.501245647787901
41408731	0.500249938117196
41411190	0.501825211544575
41419960	0.500134012579549
41420601	0.500141573371028
41421310	0.500118668747071
41422830	0.500640599648823
41430490	0.501130524066253
41432830	0.500559280871041
41432890	0.500550035113751
41440430	0.500145659815425
41445460	0.500295812343681
41446331	0.500577864301237
41446920	0.500167537855719
41449730	0.502445218580799
41458500	0.500239752775088
41458970	0.500231877017359
41459491	0.500420799885377
41465400	0.511556429623647
41469610	0.500312180966662
41470960	0.503643546959363
41473761	0.503335449209157
41474880	0.512036895174462
41475520	0.501958201134618
41477501	0.50023832929221
41482241	0.500239196361647
41485511	0.500272337566946
41487091	0.500123478414152
41489021	0.500194856399313
41491370	0.500258929642778
41492830	0.500345413297512
41494700	0.500141934125916
41497211	0.500310622991084
41497271	0.50056022259334
41507980	0.503243026917931
41511541	0.500738608626901
41519431	0.510463380391528
41525691	0.500129517619013
41527160	0.500470983196777
41527450	0.50023593537698
41527911	0.500258705245882
41532241	0.500172122181824
41533180	0.5077476773101
41533761	0.500354193373555
41534521	0.500192209062312
41534760	0.50217484975652
41535230	0.500281473626996
41535341	0.500138040642397
41537800	0.500347054527986
41538390	0.500132389721423
41538560	0.500167076711524
41542420	0.500183984797313
41550550	0.500665192477423
41554880	0.500182430065788
41560320	0.500652434986885
41561310	0.50012712658224
41570670	0.50039640641234
41572651	0.501297880977222
41572890	0.500112597921773
41574120	0.500128661027471
41574991	0.500150534554928
41577160	0.50017024043679
41577220	0.500425090369359
41578680	0.500411775519976
41585401	0.500447727726175
41586221	0.50041104372941
41589090	0.500136360411296
41589551	0.500416427825642
41590661	0.501207809635277
41592130	0.500163208995442
41592711	0.500125885263414
41602181	0.50025425529941
41602890	0.500171416261707
41605870	0.518615734762489
41611831	0.50013293609009
41614461	0.500295451464503
41621771	0.500149639270132
41625751	0.500188029336172
41632181	0.501239618568084
41636041	0.50013907969531
41637570	0.500383680459768
41639671	0.500543166074179
41642130	0.500163940145633
41646750	0.50032876072346
41647280	0.504299087272463
41647920	0.500542559066052
41656861	0.500308915715219
41660661	0.500363036614967
41660781	0.500485525830781
41662771	0.500131794932198
41667621	0.500181296286141
41671071	0.545169835157745
41673881	0.500169555789178
41675401	0.500199427663664
41675461	0.500333472900913
41678211	0.500395677845475
41679790	0.500514204448078
41688441	0.500350908030577
41688791	0.500144718995609
41690311	0.500176346895994
41692720	0.525564518647511
41695000	0.500842855710251
41697741	0.500150273177368
41709270	0.500347963495313
41714761	0.500603745319706
41716520	0.500203300360924
41722310	0.500378876759357
41722600	0.500125275215266
41726101	0.500746082344079
41728091	0.500213836127123
41733480	0.500243491765285
41735640	0.500344193239497
41737451	0.500288729347243
41738091	0.501124023255933
41741550	0.500733031030479
41743540	0.500132813693123
41746691	0.504022924402726
41758450	0.502483324647963
41758800	0.50010391706315
41760201	0.504612186967638
41765051	0.615961985547837
41765700	0.500113805740802
41772301	0.509036947890732
41774061	0.505585835354484
41777220	0.500179676387296
41782370	0.500930945918617
41782780	0.500154117218084
41782950	0.500526632159877
41784761	0.500335982531461
41788911	0.50205311367494
41799270	0.500231095221065
42039971	0.500285780999464
42271611	0.500879074102042
42410800	0.543320362583256
42634900	0.501634943512443
42671510	0.501221902508923
43068360	0.500112651281392
43202980	0.500176237801508
43531171	0.500587414798777
43652520	0.502782960387015
43742700	0.500118679738146
43935220	0.500250907975314
44021001	0.500133695443752
44178081	0.500138695226481
44200891	0.500393258353656
44539560	0.500128940393809
44578091	0.500608440225972
44790551	0.500629338599853
44855521	0.501000330203173
44879501	0.500134001374353
44969450	0.500190808659191
45485190	0.501118720457565
45639460	0.502920491123089
45789461	0.500165533291004
45926780	0.500746430119652
46000350	0.50036203559845
46280590	0.511983940296087
46645270	0.500369037879853
46670710	0.500343968849896
46693221	0.500554470270827
46873281	0.500256069215693
46928491	0.500162173160174
47019661	0.500237042680956
47081190	0.506892380528029
47536221	0.500201853291181
47672541	0.500488203141832
47677101	0.500319734961245
47741721	0.500169364893877
47776700	0.500141210794176
47983840	0.500342033445611
47993601	0.500154485712873
48348350	0.500681459676107
48408410	0.509434645798125
48481920	0.500273635388063
48508931	0.50012551589954
48651041	0.531027621332716
48698530	0.500280314873237
48908121	0.500395170955133
49161870	0.500358465271301
49179010	0.500109950783409
49206730	0.500182033139508
49214381	0.500123192748066
49287601	0.501854106797925
49319821	0.52158799008892
49367900	0.50012938446375
49450471	0.500174960252366
49451871	0.500439734558544
49552461	0.500134655597605
49640411	0.500472840876118
49855570	0.503710860884415
49946681	0.500229902511038
50105930	0.500153406910648
50141890	0.500142819709664
50229380	0.500536119532294
50392181	0.50043925204859
50405811	0.500240725433576
50418791	0.500708220976444
50467510	0.502155894651297
50467920	0.500508376511205
50471900	0.50281925125077
50475990	0.502249794631309
50480730	0.500156247719372
50488920	0.500178860761811
50496110	0.500363233750921
50497160	0.500162168238382
50498151	0.501931398912992
50509731	0.500165390809854
50518800	0.500522924392958
50522831	0.505496392831494
50525760	0.500402999095362
50526631	0.519959459802037
50529611	0.500198209225952
50534351	0.500144234580887
50539731	0.500463340757742
50540380	0.500200764054312
50547511	0.500292354212607
50554120	0.515485566475253
50560670	0.501088662628624
50569731	0.576460935627519
50575470	0.500169650310119
50576290	0.500120041951418
50576401	0.500258638515096
50578570	0.500118326537079
50580790	0.500207127016257
50583531	0.500281909928235
50589731	0.500134667668405
50592780	0.500131963202416
50606401	0.500134598494145
50611601	0.500457303656251
50613301	0.500115151004158
50620901	0.500108059546725
50631550	0.500203734433586
50641900	0.50043467991862
50644121	0.50216059390887
50644300	0.500213255370202
50644761	0.500177183325707
50656870	0.50012226168117
50657520	0.500178927455998
50658681	0.500277656070416
50660910	0.50024651283405
50661260	0.500246326802802
50670201	0.500473881885067
50679151	0.50015177400092
50681550	0.503678500345339
50682140	0.514520189384144
50690380	0.500373123784471
50690440	0.500309715692859
50702550	0.500130594162602
50703711	0.500364482095466
50704881	0.500573473568776
50708271	0.501844307721835
50708570	0.500511202262033
50709851	0.501243524157492
50719270	0.500360221361306
50726811	0.50030369817684
50727930	0.500238407493892
50728920	0.500671861307627
50729800	0.500165631027326
50731841	0.500561673806555
50738220	0.500146023523486
50742140	0.500366627816222
50742200	0.500541316677341
50744471	0.500376136297395
50746051	0.500404239529199
50746111	0.500764103112491
50750210	0.500222927786076
50751551	0.500435702686949
50756811	0.500349119251004
50756871	0.50094523103677
50757921	0.500729854502896
50761141	0.500156303925095
50761371	0.500152868246861
50764480	0.500281953932064
50768391	0.500117631391984
50774480	0.500203303903302
50780850	0.500347240762787
50783130	0.500486091480801
50783370	0.500121979732161
50787050	0.500838201761741
50789851	0.506340830623431
50790791	0.500115909034988
50793711	0.500341856046771
50796990	0.551089717015633
50797161	0.500153618343254
50799441	0.501027573219526
50799920	0.500210931314721
50801841	0.500135114577356
50801901	0.512367474756427
50802721	0.501988771927129
50802891	0.500175439922261
50805060	0.500625918778082
50805590	0.5002487321724
50812131	0.500232014742279
50812721	0.5001709129993
50816581	0.500129025186231
50816760	0.500210280695446
50819390	0.500250901338257
50819800	0.500223193742335
50822311	0.500155992286496
50823011	0.506439004458551
50824241	0.500904317055069
50825240	0.50012374210722
50833891	0.500154792706072
50836811	0.579913289201771
50839441	0.500337413747255
50841781	0.500622590172826
50852960	0.502678220310767
50854651	0.500124991603725
50855641	0.503139574629065
50857810	0.502789096323818
50858980	0.501099967831377
50861551	0.500208345530292
50867810	0.500253783030036
50868391	0.500205211300316
50869390	0.503145847552384
50869510	0.500355677914685
50875710	0.50012543308357
50877990	0.501539840062329
50879851	0.50022863072567
50887571	0.505878778308372
50893831	0.500205220844104
50894181	0.500273496914988
50894651	0.500135201969755
50896931	0.500118787767697
50901671	0.500269122976122
50902960	0.502545903425822
50906521	0.510385010962517
50907290	0.502062977953339
50909621	0.500752368848087
50912900	0.500168199235017
50914301	0.500129735911885
50917110	0.511941986608829
50917221	0.500189804278698
50922721	0.500201415962758
50923191	0.500302112100284
50925061	0.558932520491182
50927580	0.500140554062439
50928340	0.500116559739894
50929211	0.500952003536259
50933191	0.500143595215897
50933421	0.500234596659633
50938110	0.500526801521257
50947520	0.500194919360716
50957631	0.500204733548146
50961961	0.500144714997976
50964830	0.500122307552012
50964950	0.500355177412609
50965761	0.500122742642012
50970620	0.500413280018043
50971141	0.500334714454778
50972781	0.500138789438753
50974600	0.500356209223272
50975471	0.500224649905543
50976171	0.50040275435834
50980851	0.502804421866749
50991380	0.501795368669572
50991790	0.500154580964021
50992550	0.500249097368173
50992730	0.500153939024999
50995480	0.50023520219418
50997281	0.500370728340213
51003131	0.500299396341303
51007401	0.503949670991694
51007751	0.500195563747782
51008281	0.500425168152578
51011731	0.500677316228931
51012661	0.50019738947613
51014190	0.50093553477586
51017521	0.500298503219882
51017751	0.500337511313204
51018281	0.50015859966606
51021201	0.501640807814521
51023310	0.500842011003774
51027930	0.500241722351636
51028861	0.500350492412588
51035710	0.500333089418396
51038221	0.500155404765705
51043191	0.500256069974471
51043370	0.500543141917329
51045300	0.500602208720803
51046240	0.502491077552767
51046931	0.500177147526519
51047580	0.500656848437886
51052380	0.500147546540306
51053311	0.500293169488571
51055941	0.500699796138118
51056240	0.635451949077169
51056581	0.500200051577131
51060091	0.501456284843293
51061611	0.502726107318375
51062311	0.501928121073732
51065360	0.500199697662017
51065830	0.500138136605071
51065881	0.502724970441081
51066581	0.500129987012389
51067341	0.500345824485693
51067691	0.502098040453544
51068930	0.500431410919288
51070100	0.500627028667827
51073960	0.500165660031612
51075241	0.500231853854857
51077521	0.50015668500057
51084711	0.500147680342408
51087811	0.500111137924105
51089041	0.500137539409803
51095890	0.500156094846844
51096761	0.500160116525266
51103550	0.500152121690259
51108751	0.500123326549852
51116761	0.500129960543228
51117051	0.500195296758242
51122021	0.500209527088465
51125950	0.500225165197604
51127931	0.500270802812321
51129801	0.50036082673214
51132730	0.500391258655847
51137521	0.505324297207217
51137880	0.500160578153886
51140441	0.500137280530727
51140501	0.500197536055951
51142431	0.500122517766449
51144020	0.500356299913174
51146291	0.500164763314127
51146351	0.50034282561823
51153781	0.511622930317329
51156701	0.500166990829441
51158170	0.500507722921314
51161210	0.500120002862272
51162440	0.500393446422095
51165360	0.500119689668382
51169630	0.500165541075916
51169690	0.503116826246188
51171441	0.500125269322329
51171680	0.500175029775822
51174361	0.500316240972704
51175950	0.500322405799219
51177060	0.531622851693135
51180271	0.500205474408566
51182790	0.500121819280295
51184720	0.500167672324642
51185420	0.500438648643469
51186300	0.500132863011091
51187290	0.500556229955646
51190570	0.500107459462699
51192491	0.500129095569943
51192671	0.500691729243397
51194951	0.500224386878521
51196010	0.500305635002537
51202380	0.500231738447754
51205010	0.501217188919724
51212910	0.500197134524443
51214840	0.500141813589009
51215361	0.500126834204029
51215830	0.501183068276972
51216180	0.500532560122206
51217171	0.500279050960796
51218401	0.500269889582539
51220681	0.537587469767494
51225591	0.501118426447888
51226180	0.500997785770161
51228281	0.500125246933343
51231210	0.501795064527417
51238461	0.50289941050503
51240211	0.500142397610942
51240271	0.500139535571621
51240630	0.500245276830024
51242150	0.500266437728922
51243311	0.500249516549493
51244430	0.500182133400741
51250280	0.500535162137409
51261501	0.500243994579147
51264481	0.500257438821703
51264840	0.502346161909173
51264951	0.500274626819115
51265361	0.50028559826525
51269520	0.501937632711449
51271390	0.500151307159202
51273610	0.500157035504545
51276420	0.505513562486028
51276941	0.500237900892017
51287880	0.501210175515142
51294080	0.500397892245789
51304490	0.500247574470436
51304541	0.500264346639588
51369110	0.500896679395003
51374020	0.501907825475083
51374131	0.500354179137832
51383440	0.511472576690787
51386130	0.500523519696432
51390630	0.500113427156584
51398470	0.500125405744282
51400630	0.509871754343276
51402441	0.50042183289923
51402560	0.501176911475883
51404721	0.507234000016233
51406830	0.500229595489622
51411501	0.500159261057184
51418231	0.500232107974159
51423141	0.500262505903755
51424371	0.500191588141854
51425370	0.501765702917261
51426480	0.500148988390938
51427300	0.500420252419218
51432560	0.500190206275179
51433841	0.501072474623806
51438231	0.500123606448525
51439281	0.500133216900677
51441040	0.500607909330245
51441390	0.500194133401707
51448171	0.500201073422031
51461160	0.500280788374932
51462330	0.500325814981762
51464670	0.500114285688477
51465310	0.500530844286493
51470571	0.500239440036022
51477770	0.500135344193232
51479640	0.50088304194064
51496711	0.500129722267733
51498521	0.500164556919469
51503440	0.50015193267604
51506480	0.50014774374322
51521630	0.500592605780418
51526890	0.500122022594399
51540690	0.500132315017984
51541211	0.500217284927826
51541271	0.500197515099439
51541911	0.500614431094048
51542390	0.500139213914006
51555771	0.500165831201509
51557531	0.504504808438552
51561280	0.500317267327046
51562620	0.501474404321034
51562740	0.500134055321558
51566361	0.500129251127135
51569111	0.500246610591919
51570280	0.500419046647206
51577881	0.500216317703998
51578880	0.500391474946067
51584610	0.500143945223517
51600340	0.500126579310786
51606361	0.500124741781758
51608231	0.501696914197056
51610691	0.500292311640395
51612031	0.500605682961653
51615131	0.501407337364442
51620631	0.501322946385765
51623790	0.500162135583546
51624311	0.500627004872659
51625370	0.50022014135929
51626190	0.504765880945557
51627881	0.500410403576996
51634380	0.500166647350914
51637300	0.506208362601347
51639751	0.500365040066486
51645200	0.501706959314533
51646720	0.500131866759407
51650691	0.500726801895508
51656361	0.500347724376243
51657651	0.500193247331853
51658581	0.500139714027559
51658931	0.500431386582259
51659350	0.50029882204041
51664260	0.500323618387068
51665541	0.500163996516922
51670341	0.500266769733759
51670861	0.50026032410415
51679640	0.500375270033702
51684380	0.501883370403023
51689000	0.500146746381921
51690631	0.500930017081714
51693090	0.500153064529228
51701741	0.500195157643242
51703620	0.500173382724554
51704021	0.50011202697765
51708231	0.502020186597508
51709521	0.500117989781963
51710810	0.500115255672133
51714380	0.501092273555421
51724030	0.502778166698072
51727360	0.500215843239721
51728300	0.500290407465261
51738940	0.50011752748358
51740401	0.50015286889067
51742621	0.505647445871976
51749820	0.500393510933629
51752510	0.50737626946798
51755080	0.50091610770062
51755191	0.50015394891037
51770811	0.500206558660789
51772681	0.50027066489396
51773321	0.50307098147622
51773970	0.500991764679
51775311	0.502544579028711
51777881	0.500139499910394
51778291	0.506677554427618
51782151	0.503131932704101
51786370	0.500345144307269
52038591	0.500495232386504
52041520	0.500746083587832
52046900	0.500353194101103
52050410	0.500676333561265
52070871	0.500825617196484
52076601	0.500518068788277
52081990	0.503121333878497
52093570	0.500334541083249
52094390	0.500133768306457
52102041	0.500139000878214
52104330	0.500471945075254
52105320	0.50037417740978
52108241	0.500600609055288
52109761	0.500150873562213
52110231	0.500138829383554
52120350	0.500173493726699
52121930	0.500160583890425
52125611	0.500177823629538
52126781	0.500940439676068
52127421	0.500157458208648
52127601	0.500336241435365
52129590	0.500245713059188
52135671	0.500884076695457
52136140	0.500339566609997
52138181	0.500129907020926
52138190	0.500203472950518
52138651	0.500324499197303
52139420	0.503328491859646
52141290	0.500179275672565
52141990	0.500153975859151
52148660	0.500161855040545
52151000	0.500199886003895
52151691	0.500305967026541
52153741	0.500456496888055
52156311	0.501193026409387
52156661	0.500489871266959
52157490	0.500199122114586
52158361	0.576901024243387
52160530	0.504890832841048
52161990	0.500114597789049
52163271	0.500444792068109
52170410	0.500112703084454
52188310	0.500139821002903
52188361	0.501301240123271
52193220	0.500188730035042
52194151	0.534034962384131
52204330	0.50096922931427
52210650	0.500219074202947
52211811	0.500923798842667
52214561	0.500492112361123
52215551	0.500842750846121
52217140	0.502334363873685
52222580	0.500234327857173
52224680	0.50025156602998
52229830	0.500173379113578
52230641	0.500187999435575
52232281	0.500814331693751
52236021	0.500147250830694
52236380	0.500178015979298
52240581	0.500164300386672
52240641	0.501256943141694
52241000	0.500177180307396
52243340	0.500408887022681
52250240	0.500119773843948
52250300	0.501270651117374
52255381	0.500141850291302
52255731	0.500358228518474
52259130	0.500662345951278
52277900	0.500301576498889
52278711	0.500492676555099
52280180	0.50103861968584
52295261	0.500215489912523
52301461	0.504400279034734
52305381	0.500156008609496
52306440	0.500144333595094
52311470	0.500214647714475
52323750	0.500173539113338
52344160	0.500400061391913
52348720	0.50059089499106
52359181	0.500226837416852
52362631	0.501078717392211
52367960	0.500425754445373
52368421	0.500177426738621
52376790	0.500498620854117
52378020	0.500133226207842
52382230	0.500210264779708
52383161	0.500275313626746
52389531	0.500541435685365
52395151	0.500598541613819
52400061	0.500131772643538
52412110	0.500551149267134
52412461	0.500292553232032
52413870	0.500149016240455
52420061	0.500354617386404
52426611	0.500579252194611
52431180	0.50023193990453
52432111	0.500565424318698
52436150	0.504460623323751
52449480	0.503261836237085
52455450	0.521492166016426
52458550	0.500127851080516
52462760	0.506047374339372
52466731	0.503342043149447
52471991	0.517071550184663
52475501	0.500184369787945
52483170	0.50013733375742
52495390	0.500265566870146
52498601	0.500118828181305
52499361	0.50280076516547
52502230	0.500215247559517
52507841	0.503829243775678
52509720	0.500139065983486
52515501	0.500384979876776
52531351	0.500546760294581
52532350	0.500212600481456
52539771	0.500706179292032
52541171	0.501372828407704
52549660	0.500705180968882
52558490	0.509936269935261
52562990	0.508703338872947
52564331	0.564509591702472
52565971	0.50020174718787
52575570	0.500268997555749
52580890	0.50023388308615
52582751	0.500364046066191
52586970	0.500139166819595
52593580	0.500145779845375
52597260	0.500460764911348
52601880	0.500153945013433
52614741	0.500630663018012
52617781	0.500188090825976
52623870	0.500186692362852
52624331	0.500577745590133
52626270	0.500171892322567
52630420	0.500340045785261
52631641	0.500140935262253
52638840	0.500173396219069
52653110	0.500276985943213
52655501	0.500835639841569
52655800	0.500225746973724
52660130	0.500362534643522
52662060	0.500135198914637
52669310	0.50015569195762
52669481	0.500220907027301
52670941	0.500220156513379
52671770	0.501317539546739
52679490	0.511042890446575
52685570	0.50174751364649
52689250	0.500295009997082
52690181	0.500553040558954
52690301	0.501583062087503
52699780	0.500517360231016
52707560	0.501092738204894
52711881	0.500151011810979
52719071	0.500244006155757
52737321	0.54842982651155
52741710	0.500700125608158
52744810	0.500326277457509
52747090	0.567382724224674
52750651	0.520427838481298
52754161	0.500143978207195
52756561	0.503086143406155
52756971	0.500252498582224
52759661	0.500448417019885
52763751	0.500281086322219
52764520	0.500346208384777
52764571	0.500149095197407
52775510	0.502629508012585
52790361	0.500345351449647
52792880	0.500336371080253
52795391	0.500246839929808
52803700	0.501277103585941
52812530	0.500322113931485
52813760	0.501923917790142
52817551	0.500324591016147
52817791	0.500870088671387
52823341	0.501427439232169
52836450	0.500521500574588
52844161	0.503083402216371
52844170	0.500592404393692
52856911	0.500141728980242
52858021	0.503209140145628
52859541	0.503199036404022
52878090	0.500472700473856
52878380	0.500314521794488
52880600	0.500527011452364
52881181	0.500427868634387
52882701	0.503590738420607
52891540	0.500827964396954
52897441	0.503046895501751
52898320	0.500344053037575
52898841	0.500110906990788
52901130	0.500140349834154
52905801	0.500530175741855
52908431	0.500327774523974
52912360	0.500135700369841
52912641	0.500137068578735
52916220	0.500302480375825
52920020	0.516427258849138
52922411	0.500145921312739
52926100	0.50017975801476
52926740	0.508607826224233
52927680	0.500138288255333
52929140	0.500157388436813
52930840	0.50023402122915
52933120	0.50098404934255
52934520	0.500354180126188
52938440	0.500338806405944
52956100	0.528622186959278
52962590	0.500323917692843
52963641	0.500157534209356
52966331	0.500175057529328
52974230	0.500915761445405
52980430	0.500342191361552
52981660	0.50026007698871
52982701	0.513526737916442
52985870	0.500842689697795
52988500	0.500279811184515
52993701	0.500119343033293
52997091	0.50070497382318
53001540	0.502230080780074
53009371	0.500242516437513
53011181	0.506776109494279
53020131	0.501124854209786
53020840	0.500225251561788
53024760	0.500123262030099
53030831	0.500370749978592
53042351	0.504615368052933
53042411	0.502388894060851
53045221	0.501205986915576
53045571	0.500371179430076
53048970	0.500811611050149
53049491	0.500120428354717
53056331	0.501847722514613
53057860	0.50052528120168
53066100	0.500190014167206
53082821	0.500786435755771
53092300	0.5003329553848
53095631	0.500251070407809
53098030	0.500139166851397
53099670	0.500348703170361
53105631	0.500131863990313
53115861	0.50013507905721
53116041	0.500122799138843
53142300	0.506866565686683
53148090	0.500175888138166
53149850	0.502202425027685
53149901	0.501654521666076
53151071	0.500329735930193
53156400	0.500117015328484
53161370	0.50080165396023
53169021	0.500154882834739
53169201	0.500211903251394
53177911	0.500537877833956
53180191	0.504376349835991
53183991	0.504421477350866
53184290	0.500121177121603
53184700	0.500832427314946
53190951	0.50024337461523
53191250	0.500306862326969
53194350	0.50052290202775
53205050	0.500569527992945
53207100	0.500706957570301
53215401	0.500352856291792
53219081	0.500608071842611
53228150	0.500517868595885
53233240	0.500285621107518
53233360	0.500206540862327
53234470	0.500497387246214
53236511	0.503769024812873
53251490	0.500544066063732
53255930	0.50016462091936
53272070	0.500250764157785
53273411	0.503874099524014
53276981	0.501212658606817
53277920	0.501679801659824
53281831	0.500198676047907
53283240	0.50012247461788
53292941	0.500172903451272
53300610	0.500377576274661
53304880	0.5010995140711
53305290	0.500349965697173
53305401	0.500156916718316
53307160	0.500173124556361
53307280	0.500351181395987
53307391	0.500112314325812
53310371	0.500215649851652
53311011	0.502472505201498
53311131	0.50016656029707
53312771	0.500402860035244
53315290	0.500292788962524
53316801	0.500172014282519
53319901	0.501463885865288
53320140	0.500373040831709
53321840	0.500544576332701
53327570	0.500207661126113
53327621	0.500124029967831
53327920	0.500219650541964
53331430	0.500136607194501
53331661	0.504377896867071
53337971	0.500115458473847
53340491	0.500386690627048
53340721	0.500144907857901
53340781	0.500126993825849
53343531	0.501025331713773
53344760	0.50029774464693
53345111	0.500141556450983
53346750	0.502876055966242
53347621	0.500319191545272
53348091	0.501400527658923
53349551	0.500125585451812
53359090	0.500365864972875
53359150	0.503014254429406
53369671	0.500561739146616
53371951	0.501270143818596
53374470	0.50015044356531
53374641	0.500206876103052
53377621	0.50017571305831
53382771	0.501404310606809
53386170	0.500887018202746
53386460	0.508885259017328
53390721	0.500298818142098
53391891	0.500188974768373
53394351	0.500487992412968
53395640	0.500103987566045
53395751	0.500780598810482
53407861	0.50033486417813
53408510	0.500243264622398
53411251	0.500114338748788
53414641	0.500743157957607
53416870	0.500265405046835
53417980	0.531747419204044
53427630	0.507879196167147
53430030	0.500826648727427
53431251	0.500464902623639
53432600	0.500245630770839
53443471	0.500270685146353
53443941	0.500133103954267
53453061	0.500555246060594
53455290	0.500419706017865
53458211	0.500168205996149
53465000	0.500282674834703
53467741	0.50921899484887
53468100	0.500132874573843
53469740	0.500695307126605
53471260	0.500273729113031
53475171	0.500173348509484
53481661	0.500249806663908
53486290	0.500181863666801
53489321	0.500170901646593
53490090	0.500141133555584
53490380	0.500431285651334
53495171	0.500200512920301
53495350	0.500430928599424
53497340	0.500188355034382
53509680	0.500340142013719
53517041	0.500184413056551
53518561	0.500124117747724
53519620	0.500164031096004
53519680	0.500603709677558
53520730	0.500393329764839
53522660	0.500144329608815
53523711	0.505664760898177
53534881	0.501448487668165
53544360	0.500272339542196
53547921	0.500351145962943
53553361	0.500296637312849
53563830	0.500668815711781
53564411	0.501164174912512
53567630	0.500545936892145
53568280	0.500121683661319
53571320	0.500292712484265
53575111	0.500293255725211
53576640	0.500115145896903
53576700	0.500127446423626
53577451	0.500872800905059
53578100	0.50010999956844
53585760	0.500227566092312
53601730	0.500940175472232
53605410	0.500373274448514
53605530	0.500161578706049
53608570	0.500111833336204
53609091	0.500116312452894
53609851	0.50042363733739
53615530	0.504645447978204
53615590	0.500137474575486
53626990	0.500295286118953
53629091	0.500176322305906
53638211	0.500306406204017
53640910	0.500124566906815
53642430	0.500152146725385
53642840	0.500168594206657
53643011	0.500174144455135
53643831	0.500224566833745
53644411	0.500252592095275
53644830	0.50019464069745
53644941	0.500140000511748
53645410	0.500263354464075
53645581	0.500766757241136
53645701	0.50015500582778
53646521	0.500238990163568
53646930	0.500119941620269
53648160	0.538678812568742
53648510	0.500143059909216
53649211	0.500140299002811
53649450	0.50314437121361
53649620	0.500124412168673
53649680	0.500128118726393
53649791	0.500137199129286
53649911	0.500178555722344
53653190	0.500612115092187
53653831	0.505535415431662
53655001	0.501152141558361
53657281	0.500327906817398
53657400	0.500428749095929
53658741	0.500122823677594
53659151	0.500195209577578
53665530	0.50016993404344
53665820	0.501008936898042
53668681	0.502564449876541
53671440	0.501252328026912
53678160	0.505633645041573
53679040	0.500136530934613
53679740	0.500596756846512
53682251	0.500135196751099
53685701	0.500544746785799
53688510	0.500208891742376
53691141	0.500729714904408
53692490	0.500281508528193
53704890	0.500192803107956
53709510	0.500118972514235
53711440	0.501709898177103
53716990	0.500181106780173
53723950	0.500151265144822
53725641	0.500132666060599
53725821	0.500354761897744
53726290	0.500591210982877
53726700	0.500257757676444
53734061	0.500620896706141
53737161	0.500118822085981
53739510	0.500293436473866
53743891	0.500541432153779
53744531	0.500195459269069
53745180	0.500211732232654
53749911	0.505833457624831
53757110	0.501267140309479
53757631	0.501966996733474
53757691	0.500132018053264
53766231	0.50205509977162
53766640	0.500544204430731
53770791	0.500331948605626
53772260	0.500131990848768
53772661	0.500285526703675
53775180	0.500222392126204
53775300	0.500600055822448
53776461	0.500736320150342
53782430	0.500141091912105
53782900	0.500158387785499
53785180	0.500508734114617
53786171	0.500231333116926
53789920	0.500106404103095
53791790	0.500134600049367
53792541	0.500126366992424
53793250	0.500445234683429
53794480	0.500212850191642
53794651	0.500316441155247
53796461	0.500112899786155
53799220	0.500277538537158
53800680	0.500240819527113
53802601	0.50047394462083
53803370	0.500140922322801
53803720	0.510174436750351
53804360	0.500176540153927
53804950	0.500173813686462
53806401	0.500109599568496
53806871	0.500403364730193
53808511	0.500129228798644
53811431	0.501635094030386
53816811	0.5006465902409
53816991	0.500377862148678
53817930	0.500124299911529
53821150	0.500554544381261
53824830	0.500203145782732
53824890	0.500485275993724
53825770	0.504486104987437
53826120	0.501817813658306
53827990	0.500122364713947
53832191	0.500558563834864
53839271	0.500157153792194
53840210	0.500755563960005
53840731	0.5019237616569
53841141	0.500188195144307
53841431	0.50012421876103
53841850	0.500144545513913
53846291	0.500142467564656
53846521	0.500153011168069
53848110	0.500147301106472
53849331	0.500140269799013
53849630	0.500116021514352
53850330	0.500124690627452
53854190	0.500265164093404
53856940	0.506954722074452
53860740	0.500155760501738
53868400	0.500175351438271
53872251	0.509335003784635
53873310	0.500218684791392
53879271	0.500132634870565
53880680	0.500196944948313
53884591	0.501815275767833
53885070	0.500120463826949
53888520	0.500588773013932
53891961	0.502101691451238
53896060	0.502364610376473
53897051	0.500891704526804
53899971	0.50041173785999
53900031	0.500153472502829
53900040	0.500132880906978
53918460	0.50037493326363
53919280	0.500716982166812
53934011	0.500189884470838
53934831	0.500339478907406
53939741	0.500140552151645
53942380	0.500183864142385
53946641	0.500179115857122
53947000	0.501525199232443
53956351	0.500158216972259
53965471	0.502077323973331
53971791	0.500145615082198
53976240	0.502981325277268
53986991	0.500457382901629
53989391	0.506008766398534
53989741	0.500782349702943
53992081	0.500329151689225
53994660	0.500287232484659
54002260	0.500182386437118
54004301	0.500130856984423
54007871	0.500112676528707
54008170	0.500212239801966
54008400	0.500145970710162
54008460	0.500139241739699
54010680	0.500129903112849
54014780	0.500415150185257
54027350	0.511007011439469
54028751	0.500110992161657
54029160	0.500127392277108
54030441	0.500219721719331
54031970	0.500124050987229
54033311	0.502647359096812
54033661	0.500125329883156
54038281	0.500126295596657
54038631	0.500433542308743
54042901	0.500162086330688
54045010	0.500192371211144
54047350	0.500498452143423
54050501	0.500120622591825
54050621	0.500212844628389
54051620	0.500152723555128
54061970	0.500325717116704
54062440	0.500222761921815
54064011	0.500248277564644
54065190	0.500521693672993
54067521	0.501928567465403
54068281	0.500581614028901
54069570	0.50011105210432
54073781	0.505985478972046
54079340	0.500576866698825
54080971	0.505050395450986
54081620	0.500607187720149
54082910	0.500341909144946
54089801	0.50033195893992
54092021	0.500349340720066
54097111	0.500138853486961
54098631	0.507174516616041
54109741	0.500127149679179
54111680	0.500196048973046
54112551	0.513668198501466
54115651	0.500200903216124
54121501	0.500161778914958
54123721	0.525971807083518
54131150	0.500130672242636
54131970	0.500197239816564
54143251	0.500216732260622
54144421	0.500373740777291
54144660	0.500263229339642
54149861	0.50022713474377
54157231	0.50012438300546
54169101	0.50020390737797
54170151	0.500129256540037
54176830	0.520964250624868
54177000	0.500188890153557
54182970	0.500118057764403
54184080	0.500887170359844
54186360	0.500166541732081
54187111	0.50035287428084
54188401	0.500205981174396
54192731	0.500319761421852
54203730	0.500153722985077
54204191	0.500325162742503
54206710	0.50042718321915
54210920	0.500138116320735
54214891	0.500790633254911
54229520	0.50611585195619
54230971	0.500669824289402
54236181	0.500146619264149
54240220	0.500125229272433
54240340	0.500135971181798
54243021	0.501049919682364
54243790	0.500180866914732
54247001	0.500222742485856
54247521	0.500256480080637
54247641	0.500239459683086
54248051	0.51277249428112
54251100	0.500159009235017
54254900	0.500153177092322
54264311	0.500504033782873
54266761	0.501283086620502
54266770	0.500525711585993
54267180	0.500128657661751
54268410	0.50066560242867
54268640	0.500136300247306
54268871	0.500176404851543
54269520	0.500127371827155
54273670	0.50035554787685
54274960	0.500193795093832
54278580	0.502534890072287
54284251	0.500365663981388
54288751	0.501504967999369
54292031	0.500202840013981
54292381	0.500137532550636
54297761	0.500275576529438
54299101	0.502898596540713
54303431	0.503736475822004
54306770	0.512280598435601
54307351	0.500248696211577
54307880	0.500160735626242
54311621	0.503375477378739
54316821	0.500166121113414
54320750	0.500132909520785
54323371	0.500149956295324
54326061	0.50060504747206
54328060	0.503118514214877
54329990	0.500585560788432
54330220	0.500219394290547
54331390	0.504464954305043
54332150	0.500115921904618
54337291	0.500140478141662
54339511	0.501425902786906
54340220	0.500876197463368
54345711	0.50098158746081
54345720	0.500142628604783
54346881	0.527348214894742
54351920	0.50013103735479
54351971	0.500655933507947
54353790	0.524094312614356
54354721	0.500162640475404
54355071	0.500185406080631
54355891	0.500187560134758
54356531	0.500121098752463
54362330	0.501199879730726
54365891	0.501291735208671
54368171	0.501761078421873
54370861	0.500139135664312
54380041	0.500123996618822
54381160	0.500751714955429
54382791	0.500621913740064
54393670	0.500201139881147
54399520	0.500383860422557
54402680	0.501329468164806
54410391	0.500276669380618
54413491	0.500792829381549
54415020	0.500180150705343
54419700	0.500143151867206
54422791	0.500171275972757
54434021	0.502147324432612
54435891	0.500504693590561
54436651	0.501225436949951
54442381	0.500152830619929
54443611	0.500147679454515
54448581	0.500698142851075
54449811	0.500978966456546
54454900	0.500107172382264
54455191	0.500119352710857
54455310	0.500128516249176
54459341	0.500135048283352
54465421	0.500731001681924
54470810	0.508770767062467
54471630	0.500152612412368
54472561	0.500298097036296
54473150	0.511877948008091
54473210	0.500121372737839
54473491	0.500129286309275
54473730	0.500158846239981
54476830	0.500130100059637
54488590	0.500134238879934
54489000	0.500443600000058
54489580	0.500447400750607
54490870	0.603964155522819
54491860	0.500216523779668
54493500	0.500121201034154
54502381	0.500208722590475
54504790	0.553153195877257
54507240	0.500165852160253
54507941	0.500159530667186
54508171	0.500538797796481
54509051	0.500352537390968
54510221	0.501706016942852
54511211	0.503358269067036
54511621	0.500241943640084
54511971	0.500129060208504
54513551	0.500885102858006
54514790	0.500788350671071
54518171	0.500517710014811
54518351	0.500239782529722
54520110	0.50015560359544
54520930	0.500582109986553
54522731	0.500140360329482
54525481	0.502767396036551
54529051	0.500162347474134
54529461	0.500133354491839
54542441	0.500807875595392
54550161	0.50020614642123
54550170	0.500936773311008
54550631	0.505959020233323
54552740	0.500166673301278
54555541	0.500135964611856
54556011	0.500379920304993
54557181	0.500217868666874
54558351	0.501216370032389
54560460	0.500169953883892
54563440	0.500272570857638
54564260	0.500128094007483
54568880	0.500932051369294
54572740	0.508923747856089
54577411	0.502503708207605
54582561	0.500249543409392
54583731	0.502132276008961
54587241	0.500466026042866
54587411	0.500128027309559
54599760	0.500126586959501
54600870	0.500196005876885
54603500	0.500136286473052
54605200	0.500251292924387
54606651	0.500523651564885
54610571	0.500124924226864
54613731	0.507633163392388
54619931	0.500178074663252
54625610	0.500453144467988
54626190	0.500380417345493
54626370	0.500236038683241
54632911	0.500633087822461
54635140	0.500222837927172
54640341	0.500632759329403
54641921	0.504611766669776
54642621	0.500162657328246
54644371	0.503655628604185
54644961	0.500406751556447
54660290	0.500161402295716
54664670	0.50494321314875
54668120	0.50161552190628
54670460	0.500398654881136
54672860	0.500502722255797
54675900	0.500120555781304
54677770	0.500122949486421
54677941	0.500134151317706
54686020	0.500189398609051
54686831	0.500845350515719
54689820	0.519532787147918
54693390	0.502765026049177
54696840	0.500149486651718
54701630	0.500146013246444
54702271	0.500179695081558
54703731	0.500126258580625
54704201	0.50110633364336
54704841	0.500166400298252
54706481	0.500146016319508
54706831	0.501847314416699
54709000	0.500112633616735
54709120	0.500318266755124
54714841	0.500690449773965
54715200	0.510612171738576
54717540	0.500132355710317
54719470	0.500237166567267
54720811	0.502045507187505
54724081	0.508543272019195
54726020	0.504945867048783
54727531	0.500115146984738
54731391	0.501967959575325
54732100	0.501570970292799
54732151	0.500308998807279
54736071	0.502995017576274
54736660	0.503314446535948
54737361	0.512865224870152
54739871	0.500123652268836
54742630	0.500332906586031
54744030	0.500842389873459
54749991	0.500298460523479
54750520	0.500290048023417
54753441	0.501956816640179
54753620	0.501752538813485
54756951	0.500160393473714
54760520	0.500221716317249
54761810	0.500128397395625
54763740	0.500329492890926
54767540	0.50012437352902
54767660	0.500332454139788
54768240	0.501067285910244
54779701	0.500520504037009
54782971	0.500287809260222
54784910	0.500179705975045
54802450	0.500120861720014
54802510	0.500407221083758
54807660	0.500393452049484
54808480	0.502445851896846
54810871	0.500393069344879
54812100	0.50031596493072
54812681	0.501070213582386
54815790	0.500145912806249
54816891	0.501164672792228
54820410	0.500450995794541
54823091	0.50015735522193
54826080	0.500347378583106
54830931	0.500144382857134
54833450	0.501979595280586
54838070	0.500256146955957
54843091	0.500199723185337
54847540	0.500151680459929
54849701	0.500151113268344
54850401	0.500376601419661
54851981	0.500129347256168
54852041	0.500368078290344
54858531	0.501097895015309
54860401	0.50127398746211
54865371	0.500193754409646
54871460	0.500401907696329
54878591	0.500162355241987
54880290	0.500673090867833
54883860	0.500632156395282
54885901	0.501544697719366
54886900	0.500270469463882
54894611	0.500145593857516
54895030	0.500891388622263
54902451	0.500170263561665
54904270	0.52054875443964
54904441	0.500124496418242
54908770	0.500522768179772
54910051	0.500137262511287
54911640	0.500184117114165
54912391	0.500626648638043
54915380	0.500250997408203
54917831	0.500782159566425
54918770	0.500150768777428
54920290	0.500161258682666
54924680	0.500492278027629
54926131	0.500260825684995
54930410	0.500315647686887
54930880	0.500263883702226
54938010	0.500441167624564
54938181	0.501883937306894
54942511	0.500192428587488
54942980	0.500139491938906
54944261	0.500271463524306
54946670	0.500163364523075
54947131	0.500167756501494
54947250	0.50703144906398
54948830	0.500115224355137
54950581	0.501812988596431
54952801	0.500127009880829
54953570	0.500131310054957
54956371	0.501508986040008
54956960	0.500132796505754
54964031	0.500128799335305
54964210	0.500444758570628
54965611	0.500354352917887
54965670	0.500159138140206
54966191	0.500420019251508
54966601	0.500521418612134
54967600	0.500439170685967
54968130	0.500436972079444
54968301	0.500210465392974
54968770	0.50035795091056
54975380	0.500125616962645
54977600	0.500814435683436
54980350	0.500370882168253
54980581	0.500122871448399
54983091	0.500144736229505
54986200	0.500139616350448
54988420	0.500113517956373
54991990	0.511089377769502
54993211	0.500247176138037
55005611	0.500611144615658
55008250	0.500167639068791
55008361	0.500863851934208
55011221	0.501530875844954
55014330	0.500918963562835
55015790	0.500413607100824
55026140	0.51350481924487
55028591	0.501311593018215
55032280	0.500198786885533
55033280	0.500144483008331
55034671	0.500266917690914
55044330	0.500111961929688
55045440	0.500583458762718
55050991	0.500134442299454
55054740	0.500423086933369
55055790	0.500242034012756
55056661	0.500432658500166
55056900	0.500178008857157
55067720	0.500499332584213
55078540	0.501480742362479
55080180	0.500124131016789
55081281	0.500957144947058
55082101	0.500132315138415
55086610	0.500186602672658
55089070	0.500278985060228
55103690	0.500177817067547
55109471	0.500495717748021
55110000	0.500175226429769
55112631	0.500607817094403
55113220	0.500127563710823
55113280	0.50077937370837
55113570	0.500177499925646
55122691	0.500286431584252
55123570	0.502144564802619
55130001	0.500226170026246
55139770	0.500200570862245
55146260	0.500110782631491
55147131	0.505742106010632
55149130	0.500211508077357
55149830	0.500494207689314
55154100	0.511025616896833
55161171	0.500233827415575
55161230	0.500472215261193
55163630	0.503626379141647
55165261	0.500122419990465
55166200	0.506100740048677
55170120	0.500156382242859
55171171	0.504292258231128
55171640	0.507333487608172
55172990	0.500128338959479
55173391	0.500597272397768
55175850	0.500117496548982
55179941	0.500213192362074
55182520	0.50019428234415
55189471	0.50033271911565
55190880	0.501581455611202
55192990	0.500150930342097
55193750	0.500147469968
55194740	0.500144087715833
55194911	0.500383194449934
55196081	0.501165585293157
55197960	0.500158046722581
55206021	0.50020828906835
55211700	0.500143013695426
55215201	0.500161015702832
55218310	0.500465861593568
55218541	0.500158685406796
55219360	0.500168286155994
55229301	0.500207176339907
55230120	0.500121386469487
55237661	0.500283479142458
55239301	0.50041844510595
55239651	0.500711243835714
55241811	0.500245504914406
55248310	0.500349845273196
55251171	0.500110340094196
55254971	0.500238280246777
55256790	0.501588757835131
55260300	0.505438073707876
55264100	0.500271919249162
55265731	0.500139201402691
55268891	0.500296272410037
55270061	0.500157321091725
55273220	0.502897805157117
55275671	0.500633314955912
55279480	0.500646743782612
55286901	0.500767603909986
55287191	0.50076629312878
55289241	0.500505786943986
55295270	0.500206590044462
55297610	0.503099503638297
55306081	0.50066101477142
55306671	0.501571412274297
55316201	0.50016067787465
55320531	0.500377819898728
55321410	0.504775929732214
55323870	0.500135331750785
55325911	0.500197454058159
55327371	0.500384004247338
55333101	0.500236159923541
55334741	0.500450231206477
55338481	0.500223525763413
55339070	0.500145027218174
55339711	0.624311970014714
55341991	0.500181365304049
55344211	0.500609402806723
55344860	0.500142164355541
55353041	0.504417388526359
55353870	0.500198209372152
55359190	0.500437358773228
55359241	0.500527448271192
55361641	0.5001100550671
55361940	0.501893584296835
55362640	0.504684154517928
55365321	0.502218195225136
55365390	0.500324071023329
55366150	0.500133698118011
55370181	0.500168055482758
55370650	0.500164566301112
55371171	0.500275789570871
55375501	0.50230637972258
55375911	0.500541535147635
55381120	0.500469623271326
55382760	0.50024052821759
55385561	0.500410520069995
55392281	0.500156501880338
55393050	0.506400812427572
55394331	0.500125753537319
55394741	0.50089059202307
55404860	0.500140564102143
55405390	0.501670767162134
55405791	0.500192997205197
55412640	0.500500044416475
55413340	0.500291265404915
55413810	0.500127592321606
55413861	0.504499196349857
55413930	0.500209271091902
55414570	0.500131229304634
55414630	0.500178760021131
55416150	0.501092475274544
55418200	0.500151173344604
55418900	0.500266487698862
55418951	0.500314601917414
55420121	0.500123811407594
55426790	0.500449580977277
55426850	0.500611474730059
55430710	0.500137631469599
55434340	0.500170930375718
55434681	0.500148991172704
55435381	0.500155571525471
55440890	0.500886380760004
55444340	0.500156494010673
55445800	0.50031099128624
55449190	0.500118811878742
55450001	0.500244574281411
55450471	0.500220357559089
55451171	0.500141666607578
55453110	0.50019929894075
55456270	0.500730835403368
55457730	0.50013362777161
55458721	0.500184382796333
55465501	0.500132207338079
55465911	0.501446571625409
55466551	0.50183087056968
55467141	0.500109209917934
55467850	0.500641592599916
55469780	0.500463019373139
55470010	0.50036152049774
55471590	0.500113492916167
55489310	0.500202748970445
55489481	0.503452694717923
55492521	0.500241078327445
55494681	0.50036940597983
55495501	0.500196177467281
55498191	0.500335412466886
55498951	0.501119704669384
55499891	0.50013946070411
55501880	0.500130602812316
55505851	0.500286368374429
55505971	0.500148601937187
55506150	0.500392640098935
55506321	0.500198382282531
55508080	0.501816594756415
55513870	0.50016176425845
55520061	0.500323430248095
55526910	0.500337728694843
55528900	0.500420961032355
55532171	0.501610374408775
55536560	0.502205302495659
55537500	0.500405741396228
55539831	0.501313743224576
55557021	0.50048264984272
55557790	0.500790605611089
55568431	0.500580170347967
55568670	0.500147509411448
55570600	0.500127252458491
55575501	0.500506509593689
55577961	0.503337565300521
55579020	0.501087077621518
55579541	0.500271714831788
55581411	0.500531093824484
55584161	0.500116721819944
55584220	0.500263632216319
55586321	0.501176909617517
55590480	0.500752960100751
55590950	0.500587602232456
55593981	0.500160365447997
55604050	0.50012671270247
55604280	0.500575790442532
55617611	0.50014216773108
55618550	0.500200059678791
55620241	0.500183895029813
55620250	0.50010661664287
55620660	0.500146174852734
55620890	0.500170349654028
55621121	0.500290405798514
55621291	0.500328602670825
55626851	0.508265539697553
55630600	0.500146685092912
55634101	0.500223021629424
55636210	0.500112482496093
55637850	0.500147167339497
55641420	0.50015210838749
55641941	0.500225897479823
55642940	0.500423013853487
55643290	0.500117926071854
55644981	0.500251819829025
55654101	0.500238718206445
55655280	0.500129871385275
55656561	0.50033581549949
55657090	0.50017168065958
55662111	0.500246105744458
55662760	0.500178969034706
55662931	0.500139391259604
55662940	0.500554750415497
55663631	0.500134638054746
55665510	0.503347436828533
55667141	0.501034474270918
55674221	0.502909849332494
55680711	0.50148618779979
55685860	0.500279145918533
55688721	0.501377855407643
55694170	0.500152175514203
55694520	0.500142206883421
55694750	0.500213859588639
55696851	0.500274621226739
55698311	0.500685707582732
55704451	0.50020464071647
55705211	0.500404506307951
55706621	0.50029870675451
55708790	0.500133569593732
55713170	0.500242258757223
55720071	0.500844704191569
55722171	0.500279963794418
55727620	0.500164020817921
55730250	0.500195635051993
55730310	0.500308962115268
55731881	0.500129502551941
55732231	0.500221449353633
55732880	0.500232811260435
55733521	0.529722596029246
55734221	0.500318791813298
55734400	0.500583024500946
55737620	0.500127456763133
55739601	0.500131336954077
55740481	0.500283001106764
55742060	0.50015307636047
55743171	0.500125612235884
55743760	0.500136325145645
55744281	0.500210436007625
55745980	0.500128924915067
55746330	0.500129877913271
55746680	0.500394339913668
55748200	0.502732116926969
55748790	0.500146536346635
55753871	0.508299400772191
55758030	0.500142242639382
55760651	0.500127985935873
55763751	0.500511463952064
55767620	0.50853468916949
55770250	0.50013373816688
55770301	0.500367485182541
55771480	0.50250295317797
55772120	0.500126932525738
55774400	0.501632025532192
55780831	0.501029176056786
55784921	0.500126821392283
55787330	0.500555221983637
55788201	0.503078811117514
55788730	0.502046398054602
55791301	0.500550209371339
55792411	0.50011526018941
55797270	0.500274501158394
55802701	0.500322754078292
55803811	0.500265601229292
55803871	0.500169324225039
55805810	0.500108057253521
55811241	0.500539620466333
55812471	0.500122513236353
55814281	0.50028591398303
55819191	0.501578504974931
55820711	0.500192122144627
55821360	0.500136652507867
55821941	0.500414247971632
55822360	0.500559974044667
55830771	0.500140773846192
55830831	0.500401903101839
55831070	0.500882529099344
55834050	0.501419641672583
55844930	0.500789384359348
55848611	0.500141846220852
55849781	0.500208384956749
55850421	0.500324038835413
55851830	0.502076587778394
55851950	0.500905053497107
55855400	0.500125658833938
55855861	0.501752849603678
55860481	0.500208910243285
55860600	0.500218454666522
55865101	0.500183995607421
55865451	0.500148717903392
55870831	0.504878844526523
55872530	0.504791281430732
55876220	0.500296784959966
55880421	0.500494898816611
55881070	0.507499721151945
55889661	0.500677767861229
55890430	0.500122383651404
55890660	0.500113170383297
55893180	0.500376674884179
55894811	0.500116604072543
55895511	0.500124533451282
55897031	0.500118440708224
55898081	0.500561358766072
55904811	0.505242312569694
55906331	0.501632099543668
55906621	0.500133266434084
55908150	0.500159616350062
55911651	0.500163555713534
55913410	0.500186187156249
55914691	0.500369971470635
55917040	0.500412580101771
55924230	0.500204598357576
55930840	0.500453642061527
55934051	0.500159716623926
55935050	0.500216131335253
55943111	0.50014979522011
55943760	0.500139191652976
55945690	0.500458783854692
55950370	0.500227261242716
55951711	0.500364293644527
55953581	0.500412701354432
55957740	0.506174913342084
55958731	0.500326690661845
55960071	0.500827039535713
55963470	0.500154705903214
55965690	0.501473479656472
55973991	0.500311031406725
55979260	0.500298533586035
55982591	0.50015260185133
55983991	0.500352757066121
55986100	0.500437963986046
55987040	0.50013109432658
55991011	0.500138641065672
55992061	0.501155181203778
55994051	0.500677337277825
55994281	0.500384946359166
55996280	0.500152861376815
55997040	0.500173638050858
56003240	0.500270030774117
56004760	0.500491742154393
56005750	0.500401357301457
56009440	0.500897191554153
56011310	0.500200432084199
56011421	0.50035000112635
56017330	0.500122148515184
56017381	0.50015029082098
56017441	0.500308816153843
56018551	0.500496467431589
56021771	0.500252119324065
56022010	0.500989956110346
56022420	0.500139485824328
56022890	0.500824122593377
56028500	0.501992714520679
56028791	0.50020254793639
56038961	0.500777911482305
56039021	0.501000079912721
56042420	0.500318226187297
56043351	0.502049016007064
56048680	0.500182501295526
56048970	0.504254252952225
56049141	0.500209713084042
56062941	0.500147479095561
56063180	0.500226207962777
56063590	0.500401269478974
56064000	0.500124847503669
56064760	0.500182259499432
56067031	0.500318712077266
56068321	0.500126699837047
56069090	0.500553155522312
56070951	0.500597048080306
56072651	0.500154287637833
56074051	0.500439372256533
56074230	0.500246306536619
56074341	0.50019553801953
56075341	0.500138728486453
56075930	0.500259629429416
56076690	0.500248916043617
56076750	0.500117515369513
56077091	0.500120727746537
56078201	0.500360873290697
56078321	0.501306441113625
56078970	0.500269532815295
56080080	0.500232696767156
56080311	0.500160856087252
56080541	0.500127863660947
56081011	0.50010854718228
56087100	0.504022812221557
56087681	0.50021133077541
56088560	0.500478374032983
56089201	0.500221295009701
56091020	0.500162027827792
56091361	0.500298245246428
56091720	0.500122242956513
56093991	0.500194098896606
56094051	0.500249798442301
56094231	0.500141451261276
56095050	0.5002705835265
56095520	0.500882350236774
56100140	0.500162140966375
56101711	0.536789777204731
56103061	0.50012933626735
56103530	0.500529480434285
56104290	0.50045830158115
56104521	0.502710682865953
56104871	0.500291449607821
56104991	0.500481814921785
56105631	0.501254066894943
56106511	0.500237089580569
56113880	0.50163555019904
56121011	0.500261115376073
56122010	0.502303383713795
56124931	0.501498462891297
56125401	0.500298239601389
56125520	0.500773272406069
56125751	0.500122001319133
56126041	0.500242350507106
56127911	0.500397105787073
56135161	0.500854947547424
56136810	0.500113513156023
56138851	0.501339074479744
56139090	0.501228924179077
56146980	0.500196228943851
56148620	0.500481230474839
56151891	0.500251174550005
56154401	0.500112967146404
56154811	0.50022072068125
56154991	0.501591062642903
56159380	0.500160315802433
56162591	0.500189202972753
56166161	0.500653049384273
56169560	0.503331790182132
56172591	0.500298310729764
56174940	0.50086631190772
56180550	0.500649255670582
56182711	0.500182513624392
56183300	0.500135574054937
56186340	0.500110683103144
56191601	0.500237918407555
56193471	0.50047092196851
56197040	0.500117798309779
56199850	0.500118145324359
56200550	0.500173379770455
56202591	0.500179304587853
56204641	0.500265885069459
56216571	0.500914987995027
56217800	0.500168103987766
56219671	0.500273318280385
56219790	0.500141093965075
56221951	0.500436994117788
56222011	0.500138779172226
56224060	0.505893446087587
56225230	0.500553955026212
56225401	0.524115143982212
56226921	0.500179622520823
56227100	0.500183857933422
56228321	0.500174286618781
56236511	0.500165214181826
56243411	0.500128324633609
56243590	0.500158118012286
56244410	0.503177655878763
56244940	0.500501983837354
56246750	0.500966009517305
56246861	0.500323292113321
56247690	0.500238151147548
56249150	0.500936194547266
56252190	0.500140318494227
56253010	0.500547177280173
56255760	0.501176218344452
56256810	0.500116223527523
56256870	0.503782082500851
56260311	0.500327087947473
56262130	0.500308553622278
56263300	0.500370223189815
56267331	0.500418919692872
56272130	0.500345555310753
56273001	0.500159143258985
56274940	0.5003416143492
56276340	0.500494213008289
56279560	0.500413917563312
56281960	0.500277746971068
56283531	0.500247121482681
56287041	0.50013308456234
56288450	0.500343373109538
56288971	0.500136690429269
56289620	0.500349926648635
56293061	0.500278336790105
56293531	0.500194917333567
56305691	0.500173147013781
56305931	0.500256440978052
56306460	0.500602134229625
56307331	0.500151235767735
56307451	0.500331375963793
56307750	0.500112133232691
56311020	0.500139464153566
56314530	0.500428449962057
56316930	0.500460801314216
56319611	0.50013656028342
56320081	0.500359852538365
56321020	0.500268794629899
56325461	0.500296864927429
56328211	0.501127531416044
56328510	0.500127499228992
56328561	0.500322256492679
56329031	0.510682978077142
56330721	0.501884470047297
56331191	0.500121348793797
56338680	0.501353028957924
56339910	0.500118248279083
56340081	0.500135618407343
56340260	0.500135840222189
56341200	0.500136158424902
56341311	0.503598674739856
56342250	0.500320612734272
56344761	0.501030008911274
56346221	0.500135350059999
56348740	0.500398339109659
56351080	0.505112655372465
56351370	0.536866280039433
56351721	0.500207889230527
56352421	0.500162523269667
56352711	0.506492084330833
56355290	0.500176424880604
56356050	0.501181929332064
56356751	0.500229824479902
56364701	0.500110490464136
56366921	0.501085266098762
56369150	0.500570977421456
56369611	0.500136948092398
56371140	0.500649464113604
56371311	0.500150130203731
56371951	0.500456854695776
56373070	0.500125986943594
56373360	0.500187284853382
56373591	0.500272044543515
56375760	0.524546560586359
56382421	0.500121334856146
56387451	0.509204546910868
56388151	0.501235854406956
56388621	0.50012321511279
56394641	0.500167121074747
56400781	0.500169990504768
56405820	0.501774965928784
56407810	0.500288377195403
56408331	0.500183646785992
56410380	0.512410333945622
56410670	0.500107564361065
56411550	0.500190870585783
56416870	0.501251140541478
56417161	0.500445959389281
56419851	0.50019355591467
56428851	0.500120264031521
56429671	0.500134154789809
56429680	0.500285412593575
56430551	0.500134411145303
56430790	0.500237440812715
56431550	0.500113785901119
56432071	0.500263442961361
56435641	0.500364849436446
56440021	0.501411791117555
56440781	0.500372388416139
56440910	0.500129509290028
56448160	0.500174694718501
56451661	0.500183829749089
56453770	0.500154650348286
56463591	0.500122921952462
56464001	0.500860837829397
56464121	0.500119854685932
56468561	0.503022268542261
56475700	0.504227823236084
56482421	0.500133857930409
56484300	0.500123503741681
56484881	0.500174998372635
56494351	0.500336840631745
56497921	0.500408458235613
56502900	0.500421640769605
56503190	0.500120668108897
56505521	0.500163395153413
56510150	0.500171576666405
56514701	0.502461802957393
56514770	0.500189395642212
56516691	0.500431437616452
56517161	0.500338757567314
56518331	0.500124814419729
56519151	0.500204358365816
56522771	0.500130539341157
56529210	0.502226705551793
56535231	0.500106036825276
56542421	0.50194679647235
56543301	0.500131780564267
56554480	0.50089415758465
56568280	0.501862857009682
56575171	0.500199449130595
56593950	0.500646434777649
56594010	0.500965537927801
56602071	0.500305518021036
56606171	0.500207887666277
56607520	0.501331718463062
56612071	0.500887688818772
56617161	0.500594073595581
56620680	0.520558294747958
56622080	0.614901646281008
56623301	0.500135094331059
56629441	0.500512636466625
56633250	0.501195945671149
56635240	0.500232886252454
56635701	0.500125302632266
56639151	0.500254023014275
56648451	0.500708172267376
56648741	0.500116617117822
56649390	0.500729248330776
56651790	0.500653757753958
56652311	0.504637308523124
56654941	0.500835524958229
56657341	0.501852842167482
56657520	0.500545437118015
56658741	0.50080856623783
56659390	0.500136710271991
56663651	0.500161200621772
56669091	0.500137642166005
56672541	0.500618584309774
56676231	0.500126619294237
56683071	0.5001629335577
56685120	0.500255064162133
56689911	0.500547475477231
56691371	0.500126648220788
56696521	0.500903364389425
56698101	0.500444299976857
56700620	0.500621413751428
56701901	0.500303938602145
56705641	0.501698483107101
56707640	0.500164429138562
56712951	0.527406277807255
56723840	0.500159795206448
56725881	0.500357107415748
56726461	0.501059412213043
56728331	0.500123707479274
56732490	0.50835327639287
56732900	0.500565229450933
56733071	0.500504116983148
56737051	0.500198037877286
56741320	0.500346221460771
56744651	0.500184240487859
56745001	0.501670902877652
56745291	0.500134001161235
56745471	0.500205103519566
56746060	0.500220351710226
56746120	0.500368986534994
56746231	0.511793609138373
56746530	0.500223470635022
56746811	0.500234945007618
56746940	0.500134191872682
56747460	0.50012949134506
56749621	0.500168917935187
56749800	0.500130656115955
56749980	0.500206883715132
56750210	0.500139461796729
56750270	0.500262605975904
56752311	0.500113533363066
56754361	0.500338535185902
56758050	0.500135997079535
56763310	0.5001643508035
56763831	0.500130191909743
56764121	0.50015407984608
56768400	0.508853312474752
56771440	0.500810953220852
56773840	0.500600267136407
56775471	0.50016237329009
56776880	0.500134814143335
56776940	0.50046232750206
56779040	0.502759737464516
56787461	0.500277105348088
56787640	0.500120616443394
56791841	0.500146746013699
56798101	0.500258093183471
56798981	0.500195421737634
56802900	0.500140951626987
56806231	0.500162360866877
56806871	0.565233010477153
56812311	0.500171609660565
56815001	0.500241470854592
56816171	0.507170935994189
56816470	0.500174048352076
56820091	0.500128539357507
56835761	0.52317482264692
56836060	0.50980899017944
56839920	0.500211627196706
56848281	0.501466067450096
56853900	0.575321879901841
56853951	0.501131098323416
56857281	0.500157724013918
56857290	0.500470988108503
56857751	0.500205246941761
56863661	0.500273612061905
56869211	0.50011638312686
56869280	0.500136568688973
56869391	0.500150763059965
56870031	0.501305042564946
56870091	0.500111614302444
56870851	0.500302196531971
56871381	0.500166071783699
56873311	0.500219265080096
56875890	0.500205043865823
56878870	0.500325254043109
56880621	0.500150116231059
56884130	0.500726477692626
56888981	0.538284061343359
56892030	0.501419987444256
56892141	0.500231428122395
56892260	0.50119577117535
56893891	0.500121643964826
56893951	0.500449986377916
56894421	0.500149766688193
56895471	0.500219482473331
56896581	0.500135060365139
56896641	0.500196725416293
56897350	0.50017698917171
56904301	0.500143039350734
56906581	0.500706797768317
56914361	0.500622302534102
56921270	0.500919118466334
56925010	0.502303363109667
56925130	0.500192122343191
56926351	0.50017437298582
56928520	0.501082492309927
56929741	0.50024342063366
56935181	0.500330255970119
56936940	0.500159241699611
56937871	0.500236663237692
56939220	0.500346757826848
56944421	0.50015225765066
56951611	0.500165305139763
56953550	0.654271663151705
56959630	0.500229515516018
56963840	0.500443785071967
56971611	0.500298707731439
56973550	0.500640180704138
56976880	0.500114413674956
56978571	0.500413343606099
56978810	0.503310979304427
56979391	0.500229263112518
56979570	0.500139288858856
56989741	0.500439599040572
56990501	0.501453530318284
56991910	0.500444806549875
56999041	0.500164446360777
57003661	0.501748174539454
57010100	0.508925736187198
57012201	0.500437797645679
57016821	0.50088117448939
57017470	0.500382475838457
57018751	0.500185927305775
57019741	0.500153309847214
57024780	0.500215888541991
57027410	0.500438284256211
57036770	0.500381500268655
57038691	0.500149518290257
57039630	0.500204727210283
57041261	0.500750785378191
57045121	0.500711703058829
57045190	0.50014684106082
57045420	0.500116354186692
57073550	0.500127135908483
57078930	0.500686265864925
57085011	0.501938543159629
57085301	0.500590269667755
57089921	0.50018774039733
57090800	0.5001591904009
57093550	0.500123187754383
57094490	0.500299881676582
57094601	0.500340114373922
57098341	0.500515761604431
57099161	0.500291025345634
57100801	0.501286494545684
57102201	0.500142190557193
57102380	0.500127151652477
57102910	0.500474283918356
57106010	0.500221968086235
57107931	0.501217121811516
57109981	0.500828919667254
57111970	0.500120382977172
57113021	0.500120270031899
57113550	0.500255958395837
57113730	0.500146203682946
57116650	0.559962263742474
57118640	0.500670127694264
57118691	0.500180498494439
57119041	0.500119591436193
57119460	0.50011486762946
57126420	0.500340307469087
57130041	0.500125481647365
57135771	0.500654836168319
57138341	0.501879138890107
57140971	0.500355928130837
57143661	0.500242023866299
57145720	0.5005116969734
57154490	0.500146658530657
57156710	0.500151595933734
57160271	0.504259375261559
57163081	0.500139885889904
57165250	0.500401518264825
57166070	0.500228969188772
57168700	0.500327226618364
57174720	0.500211021731196
57175600	0.500350289668928
57176360	0.500288796010971
57176941	0.500121195749282
57181151	0.501502476872008
57183781	0.500227918735353
57185600	0.500264055645574
57187171	0.500223099476226
57200331	0.500187232765831
57202611	0.500155290935138
57202731	0.500136819700644
57203021	0.500144167744195
57203790	0.500147483111315
57204891	0.500171822185689
57205600	0.500123771906125
57207001	0.500825054008001
57207641	0.500188155251148
57212261	0.500200865463418
57215310	0.500122442043948
57215600	0.500145305967565
57217590	0.500122861183389
57220391	0.507665504074257
57220511	0.50014416756961
57231211	0.500582693560566
57235071	0.500116087154101
57236420	0.500178089103005
57236770	0.500778218796869
57237590	0.500125618700706
57239691	0.500637495478883
57240451	0.500219138372392
57244601	0.50011957741756
57251151	0.500168519581099
57254490	0.502754350939142
57255370	0.501840180772418
57255540	0.500541757301661
57257701	0.500333386417575
57257940	0.50037593696156
57258521	0.500267362774328
57264661	0.500125818045544
57265950	0.500531696368855
57266130	0.503861855097238
57267991	0.500133399420071
57269640	0.528085193555162
57271510	0.503198079828972
57274311	0.502479327273686
57275011	0.500799137228187
57294430	0.500385543834908
57296070	0.500793546960318
57296480	0.500507730644852
57296770	0.501584329139815
57306540	0.500269373938351
57307940	0.500148519920921
57310921	0.500166403289819
57311040	0.500339750655867
57311100	0.500382485285994
57323491	0.500324194612008
57324951	0.514114170151896
57325080	0.500150193401864
57331331	0.500159230745628
57331630	0.501069191550054
57333090	0.501866806703276
57333150	0.500144426685543
57334431	0.500112413733314
57336770	0.5008663659538
57352321	0.500684119855321
57353500	0.5006541036419
57356121	0.501140594424285
57362321	0.500131381051632
57362501	0.500464216945052
57366651	0.500425215717833
57367001	0.501598709560336
57368940	0.500404274872419
57376181	0.500115842733547
57377650	0.500373095896784
57378581	0.500128343410715
57386540	0.50124763092369
57389341	0.50108421643806
57393910	0.50013547358462
57398291	0.500122143434121
57408120	0.500130387375464
57410690	0.51307273350977
57415370	0.500322705496243
57420050	0.500188288505902
57420460	0.500159504210179
57422620	0.500138784242939
57432441	0.500126641936782
57434081	0.500459833669363
57434661	0.500119307773446
57435430	0.500145042972405
57437761	0.500454582038172
57445780	0.500199866347404
57448410	0.500219375874172
57448590	0.500312505177407
57456250	0.507070316066781
57457480	0.504185042569991
57460750	0.500268796129386
57467821	0.500141631103333
57468521	0.500123973675018
57471630	0.500156375969482
57472151	0.501383762653031
57475140	0.500283484726741
57479060	0.503950449491739
57479350	0.500232183607591
57481220	0.500124428369475
57482040	0.500464922338172
57484491	0.500153643874932
57486310	0.500323475969513
57488231	0.500943902796639
57490110	0.500140745449345
57490400	0.501823948183173
57491690	0.500272143973909
57492381	0.500125501871631
57495481	0.502110668129521
57496711	0.500295078876634
57507540	0.500324737623001
57507830	0.500158545273813
57508581	0.500176686131822
57517531	0.50065344235416
57522091	0.501736545382747
57529820	0.502994481071593
57529871	0.512165622340532
57530400	0.500349215138162
57532151	0.500151017966206
57532271	0.500159523614781
57539230	0.500245610419672
57540580	0.500166314518837
57541160	0.538276748639637
57549171	0.500139379939072
57552271	0.500431277154461
57557710	0.500338003285779
57558231	0.50016046263497
57562501	0.501474799847639
57563321	0.50030249697417
57563381	0.500143224243408
57564021	0.500130544734829
57564090	0.500130358593442
57565490	0.500149534007006
57565550	0.500122982058326
57565610	0.500120560186406
57565900	0.50014140353662
57566020	0.501208938424806
57566361	0.500127212387934
57566541	0.500167224988447
57566891	0.500308570409717
57566950	0.500277036544309
57567010	0.500131871359782
57567061	0.500143850255902
57567710	0.50038102067327
57568411	0.535537727364819
57568761	0.500125087041382
57568940	0.500126775789042
57569290	0.500113206428432
57570571	0.500114968944328
57570631	0.500141564892724
57570751	0.500146569683257
57570810	0.500276880014304
57571400	0.500136904436304
57571451	0.500133044958966
57571690	0.500123507049792
57572091	0.50012564180198
57572851	0.500155286525452
57572971	0.500150284535133
57572980	0.500110368822365
57573031	0.500142685515915
57573150	0.502188943027793
57573210	0.500268269932129
57573381	0.500113402393741
57573731	0.645823055400334
57574201	0.500139317077625
57574500	0.500129863227874
57574551	0.500274865105192
57574611	0.500121583334233
57574670	0.500301252809194
57574790	0.500115903414393
57574850	0.500154464666844
57575371	0.500285967425917
57575601	0.500185689868138
57575670	0.500193950751288
57577600	0.500164113302295
57578351	0.500217342128491
57578411	0.50012670724616
57578701	0.500653767345352
57579000	0.500174278626435
57579470	0.500136542207513
57580640	0.500990818224194
57580921	0.500153594251547
57580930	0.500171215599445
57581391	0.50014893889797
57582570	0.500245425995239
57584611	0.500959314830319
57584841	0.500150729191253
57584910	0.500134534290336
57589000	0.500107941479291
57592220	0.500367805799009
57592980	0.500910293258666
57593791	0.500242189135449
57601861	0.500159759944136
57604090	0.50019768167919
57606080	0.500141011479284
57606840	0.500683144088543
57607420	0.500291809076421
57608001	0.500549612985569
57616720	0.500469222226845
57617190	0.502629324733884
57617420	0.500363150068163
57619461	0.500131959084944
57620401	0.500157897691209
57620691	0.50013458745552
57622510	0.500180152269314
57624141	0.500665823402939
57624790	0.500121582981149
57625021	0.5137290533081
57625251	0.500884666121489
57627070	0.500715430918934
57630341	0.500921791755128
57633620	0.500131313213771
57634090	0.500134925959542
57635550	0.500166851617487
57637531	0.50017792436579
57637711	0.500599073298624
57638650	0.500133467889964
57640640	0.500142674599853
57642211	0.500171680011773
57642971	0.500256347312202
57646780	0.500244943051232
57649120	0.500305040619917
57650230	0.501774408517606
57650461	0.500216945072232
57653151	0.500219720362281
57653390	0.501273887973849
57655371	0.500140746237687
57655490	0.500321055126498
57656011	0.500229876069452
57656831	0.501207770672909
57657591	0.500116911535517
57664440	0.511802978701764
57664671	0.501779388215704
57665490	0.500124088297798
57666481	0.501781850518032
57667950	0.503628048219727
57670051	0.500216040085055
57671520	0.500146150373049
57676011	0.502994263670372
57681050	0.501100921108842
57686430	0.500166165764778
57686951	0.500705486113186
57688351	0.500721732694311
57688411	0.500573387805632
57688881	0.500293871445307
57690111	0.50245329276003
57690230	0.500143089875149
57690811	0.500157275912239
57698121	0.500239811637559
57702801	0.500134832659821
57703381	0.500177444533407
57708821	0.500121967124284
57712041	0.500132207026979
57712561	0.500312893627993
57716900	0.500137743165911
57719180	0.502823578326492
57719240	0.500328669045772
57726550	0.500217676691091
57726661	0.500170963221112
57736421	0.500327731816882
57736490	0.500405500988514
57737310	0.506135017719628
57738121	0.500124153733863
57741101	0.500189824784847
57743040	0.500104019201806
57747130	0.500148963453304
57749120	0.500144728906897
57750401	0.50623748028522
57752331	0.500156653211696
57754201	0.505056401011801
57754901	0.500187091412086
57756370	0.500188343131892
57756541	0.50016684058833
57756891	0.500138854679969
57757421	0.502110864786549
57757591	0.500403531726268
57758121	0.500153753857964
57758130	0.500119390857119
57763740	0.500445537319743
57771451	0.500698928960082
57772621	0.500350768674151
57774620	0.500867894642726
57780350	0.500766003125927
57784791	0.500151003256351
57790871	0.500155758062903
57793851	0.500119269650704
57798130	0.500453181431578
57804440	0.500158336426598
57807130	0.500525608537867
57810060	0.500451226653208
57811930	0.500242378834514
57813501	0.501206987137546
57815201	0.500242872123212
57815721	0.500329276778974
57822101	0.500317364509396
57823151	0.500381859207535
57840401	0.500460600616212
57841520	0.500677982948254
57841981	0.500506499803003
57844261	0.50021917379852
57845790	0.500138906692552
57850051	0.500329644339762
57852161	0.500127654186884
57856311	0.50019889994004
57861810	0.501220406975454
57863971	0.500136701551194
57869240	0.500403975357881
57872630	0.509347368514207
57873561	0.500329314938538
57882220	0.50013200862142
57882801	0.500330861778575
57891290	0.500190302129396
57893501	0.500115894112583
57896200	0.504516011384141
57896490	0.501018097297473
57897771	0.5019922930022
57914390	0.500167825973912
57921571	0.500307404402081
57922400	0.500145665175466
57924270	0.500575489978159
57934390	0.500116490273273
57936260	0.500124204073021
57938010	0.500135037259065
57940991	0.500150425603475
57948480	0.501342573918548
57955901	0.509430301445817
57956081	0.500787851594697
57958420	0.500139419898629
57959411	0.503188354344891
57961930	0.500453761440243
57963450	0.500165816390283
57964501	0.500168296442275
57965380	0.500445609417273
57965611	0.500132415842154
57965850	0.50078402471931
57966251	0.500135397334467
57967831	0.500158900405107
57968890	0.500148720925891
57969821	0.500192297144278
57976081	0.500151136169922
57977891	0.50024419630477
57979941	0.500122286219898
57983510	0.500140602387765
57983980	0.500122831333088
57986491	0.500248008960026
57987080	0.500156710002374
57994151	0.500182129010775
57995970	0.500417893422904
57998250	0.500116668334572
58003280	0.500255612958858
58006670	0.500289477143684
58011461	0.500151121107668
58012930	0.500120206147078
58013860	0.500128840945244
58014330	0.500120252465651
58014791	0.510849685244413
58015380	0.500263732554872
58015850	0.500628477953408
58019531	0.500135009409128
58021290	0.500136393679882
58027891	0.500122934681184
58027900	0.500143941070729
58028250	0.50041508850207
58034381	0.500355539239334
58040180	0.500229395516569
58041051	0.500620874797425
58045201	0.500252466753979
58045961	0.500332254407033
58060410	0.500122432216656
58060650	0.500277259819277
58061820	0.500123662610905
58079651	0.500309328957973
58080411	0.504899657410359
58082691	0.500143033350239
58086440	0.503245509814423
58088011	0.500240796554863
58089770	0.500447092477698
58092101	0.500419736381316
58092460	0.500575945485917
58093160	0.500356257070992
58097140	0.500427486835904
58097960	0.505934318172941
58105321	0.500215452325699
58105381	0.500160153530064
58105611	0.500138123920614
58111410	0.500297208602218
58112281	0.500546585018456
58119941	0.500851713503329
58120880	0.500261729570137
58131231	0.500379172720891
58136790	0.500719358341597
58139130	0.500213145844747
58141350	0.512534638120445
58155441	0.500201782521324
58158950	0.500152838599011
58163690	0.500416999833137
58166090	0.500121562043929
58176030	0.500119975476776
58176841	0.502484182221815
58183741	0.500567749692742
58185501	0.500145675771456
58189881	0.500152532030831
58192520	0.500181633102708
58193220	0.500149668002714
58193690	0.500168730116043
58200240	0.500556699145227
58200641	0.500199221393796
58205321	0.501053565625725
58205441	0.50013977383945
58211820	0.501192926556987
58212580	0.500137391811426
58226090	0.50012815474293
58232751	0.500811618268279
58235381	0.500144838859078
58237140	0.500150914403367
58238421	0.500347133994911
58238720	0.500152688556357
58243810	0.500203849736315
58245911	0.500315150972414
58247251	0.500145788037872
58251701	0.500138700677548
58252401	0.500752979314665
58254561	0.500352274019443
58255800	0.501243217484144
58256671	0.501561832271158
58256961	0.500560922308208
58259830	0.500219549705652
58260001	0.500366256975281
58260121	0.500124477192184
58263460	0.500368033870912
58266150	0.500159235166683
58266380	0.500170445834436
58267021	0.500121968375198
58276030	0.500630784077272
58276500	0.500121180896821
58276961	0.500523107207926
58279771	0.50026405191611
58280121	0.500168295300269
58283750	0.505671905435977
58285321	0.500207065089116
58290710	0.500139905911893
58291111	0.500126121769234
58292230	0.500115055908887
58293101	0.502336027076602
58294160	0.504016450906037
58295441	0.504791216629835
58295620	0.50077036572698
58300761	0.500496211929176
58304391	0.500684439245348
58311820	0.500274452731752
58313690	0.500144238239284
58316551	0.500191035099933
58320821	0.500148993184206
58321000	0.500362363543809
58325851	0.500124128716871
58330591	0.50207742431053
58334971	0.500192405651258
58335100	0.500151008917222
58338311	0.500267677485843
58339130	0.501423904529603
58341701	0.500167620194043
58344741	0.50023275680664
58350001	0.500327811548619
58351240	0.500196907998641
58351351	0.500129029953625
58352401	0.500300037887226
58353451	0.503243175249276
58357781	0.500118829399038
58360710	0.500146964741618
58366381	0.500918123034868
58372820	0.500119715298094
58373161	0.502256042496165
58381171	0.507226496137031
58386150	0.500121076618914
58396560	0.500676529183959
58397440	0.50078472570714
58398131	0.500295131156037
58401351	0.500193802870939
58405971	0.500225624894526
58406261	0.500225861400224
58409891	0.500146454391439
58415100	0.500197875606011
58425971	0.500157594969302
58426731	0.500136468868305
58427611	0.5001875966728
58432760	0.50060724415666
58434280	0.500154145538135
58437431	0.504771824389866
58442060	0.502338790759412
58442820	0.50027682329945
58444921	0.500155920768797
58449421	0.500708676437293
58451120	0.500173803693042
58452000	0.50053938205126
58455911	0.500281238065227
58458900	0.500116024537596
58462871	0.500111387870034
58463161	0.503557437413368
58463460	0.500201971309652
58469310	0.500530848120378
58473170	0.500305679183167
58479780	0.50611905626792
58481770	0.503918161728913
58484511	0.502084252594671
58486740	0.50026621419894
58489660	0.500825214589529
58498311	0.51207689546531
58501650	0.519878206408564
58508601	0.500128601860419
58509191	0.500182303649476
58513990	0.500397992845968
58518371	0.500406462936207
58519840	0.500660286274877
58524630	0.500138107986595
58525450	0.500558217459747
58532931	0.500147701512813
58535220	0.500242971852404
58552350	0.50016523356296
58552470	0.500194402818931
58553580	0.500488443551808
58558661	0.500409551288102
58562470	0.50013875779466
58562701	0.500113171581408
58563281	0.501588272241017
58563700	0.500264338802634
58563990	0.500562204414792
58564870	0.500139711037596
58565741	0.500874655486666
58565801	0.500552170913764
58566970	0.500322901031364
58567090	0.50014290324636
58568260	0.500918732813151
58568550	0.500481647612591
58569251	0.501244771571607
58570241	0.50024138234703
58571590	0.500119151596853
58582111	0.500179193522313
58585220	0.500252417071645
58585570	0.500133175459228
58585971	0.500608478290749
58591121	0.501334205781215
58591591	0.500418200648751
58594631	0.500623937800999
58594690	0.500123147740367
58601650	0.500244479115401
58602111	0.500124393599156
58602120	0.501176567147617
58602880	0.500307025646361
58610011	0.500232073897973
58610421	0.500447191927424
58612410	0.5701146442638
58616450	0.501194842393672
58624110	0.500581870582703
58625980	0.500293736733343
58627611	0.500235397132813
58630660	0.500134760461186
58633341	0.500137768097038
58635510	0.500162120638947
58638440	0.503349527291622
58639131	0.501073133843703
58643401	0.500141369533804
58645630	0.500171622788382
58645690	0.500543360550792
58652530	0.500395598434506
58657850	0.500122702323192
58658200	0.50024719100194
58660950	0.500302654559753
58662650	0.500191989626108
58669140	0.500821367826027
58675570	0.501430410326709
58677620	0.501354510133727
58682060	0.500474896113528
58682171	0.500173243442801
58683060	0.500124116907707
58683401	0.50409376465844
58684691	0.500245763517008
58700190	0.501027372425067
58708781	0.500858058031942
58712701	0.502262071794571
58714050	0.502491855500709
58714921	0.500378256352202
58715160	0.500434622823106
58724631	0.500405270519158
58725161	0.501241674729022
58728030	0.500120358358724
58729251	0.500798700866107
58729430	0.500146691871643
58729541	0.500535936727692
58729610	0.500526265100923
58730950	0.500415655606368
58732061	0.500125301636841
58734110	0.500133691162122
58735690	0.500693920337252
58737150	0.500143838298014
58739601	0.500149061095185
58747261	0.500840683260376
58755331	0.50784796614004
58759661	0.500661379653149
58760361	0.518609328800461
58761480	0.50038623005505
58762300	0.503837438303705
58763820	0.500641234056451
58767261	0.500165883908534
58772411	0.500380502838297
58774811	0.500884821496601
58777150	0.500209742366356
58778090	0.50038838490258
58782471	0.500155694627226
58785861	0.500981371473114
58788141	0.500714174370213
58791250	0.500488357877968
58795690	0.50019487834669
58803820	0.500143349206622
58805161	0.555133270981287
58810191	0.500593721485376
58811600	0.500141537322813
58811950	0.500204840634021
58816561	0.500375711187064
58823291	0.500159948072357
58826860	0.500382391254405
58827151	0.500832132655155
58830370	0.502529844256156
58833871	0.500148140003369
58834691	0.508258013810866
58846331	0.50031356478247
58849661	0.50036800874795
58850660	0.500130998997552
58855280	0.500123635969662
58862070	0.500201975245744
58862300	0.501346807944331
58865861	0.500114763421356
58874631	0.50153903583684
58875810	0.505196120917717
58876681	0.502779408147639
58882070	0.500180282577739
58899081	0.500168443662134
58901890	0.503185247737863
58903060	0.500322631397362
58909790	0.5003481540702
58922010	0.500133170370446
58922650	0.502287315499023
58934521	0.500331941195221
58935460	0.500154194439231
58940430	0.500846394387562
58941540	0.501220142208187
58943351	0.500422529386311
58943470	0.508304828060232
58951481	0.500518391074018
58952941	0.500113563782409
58953470	0.500125862622884
58955221	0.500110950020464
58958671	0.511159068454318
58958910	0.500566410210394
58962540	0.500135578971709
58962770	0.500399561477465
58964290	0.500232969532613
58971660	0.500158662594887
58974410	0.502107733477748
58978210	0.50021703902656
58978381	0.500124018759664
58979260	0.500155523079951
58982881	0.500128285490005
58984111	0.500354479379704
58985631	0.500235966945175
58987091	0.500158559720308
58987151	0.500224907612105
58988791	0.510436686610888
58998210	0.500158011721078
58998381	0.500318242730558
58999081	0.500155678128702
58999380	0.500316903520584
59001540	0.50046798217259
59003120	0.500481715183118
59007971	0.500281176879817
59008441	0.500156956311798
59009030	0.501638620612515
59011190	0.500156212462411
59020251	0.500118281381757
59023180	0.500234753781659
59039781	0.500117351265055
59041660	0.50387699220545
59044290	0.500532336588995
59045990	0.500817216434793
59046280	0.500465036305252
59063641	0.500137771593854
59074231	0.504689555783822
59078791	0.500355262051639
59089671	0.50047670637566
59098270	0.520837721701031
59105110	0.50035161980019
59106110	0.50018110691539
59113240	0.500461227940507
59114991	0.501297541617767
59118560	0.500111861059265
59119850	0.500110196651695
59121840	0.503225918288356
59122591	0.500157560967871
59124291	0.500764616868563
59124470	0.501681989017666
59126161	0.501225721189258
59126511	0.500157181018127
59127621	0.500169538619843
59131840	0.500126252158933
59132241	0.502386855408091
59134350	0.500232330410928
59135170	0.500208117135623
59136340	0.500180242738956
59141191	0.50057456064961
59141840	0.500140412231687
59151430	0.500118906681116
59151541	0.500263748810385
59155930	0.500148482511043
59157741	0.52025334771251
59159850	0.500507069096432
59162011	0.50038734314812
59169620	0.500183274392938
59171541	0.500147242097791
59171601	0.649566129968466
59171840	0.500213006809685
59172130	0.5003375420254
59172651	0.500139325229123
59177100	0.500221874459353
59182250	0.502687203320917
59193591	0.500286900573161
59194410	0.500180549322183
59199321	0.500447617294905
59205341	0.500114504933895
59207621	0.50010595093317
59207980	0.500365918651261
59209141	0.500199957521674
59210021	0.500252676518804
59210200	0.500112113143685
59214590	0.500252966251942
59219961	0.500405034248391
59220141	0.500123642932543
59231071	0.61823026904087
59233830	0.500386981994504
59234240	0.500148082448448
59237920	0.500126218955508
59239150	0.500143445267634
59240730	0.500192970805639
59241140	0.500365736980253
59247041	0.500139673252699
59252660	0.500184957197581
59257391	0.50079781560757
59257801	0.50016351674887
59261311	0.500381662658026
59262660	0.500114039308548
59265171	0.518433004071098
59265410	0.500121336698835
59266981	0.502133979756558
59267690	0.502318588203164
59269210	0.500754489218099
59270491	0.500123996710776
59271311	0.501780252108657
59277280	0.500126512695604
59279031	0.500198941745457
59279261	0.500165092259087
59284940	0.500155816591975
59285171	0.501425592266013
59292481	0.500165585179282
59292780	0.500198540921413
59293651	0.500280849989753
59304530	0.500156577912723
59306751	0.50012565377388
59310030	0.500139289842204
59311960	0.500115373792624
59314061	0.503587245937652
59316580	0.517083842069163
59319620	0.502978573990562
59320380	0.50035400778802
59320551	0.500201583486244
59323010	0.500362473924473
59323070	0.502108356190295
59324590	0.500237085749483
59327741	0.500167828833893
59335410	0.502162474270107
59339740	0.541164640371015
59343241	0.637658659679926
59343770	0.500271324255684
59344710	0.500182033801565
59345931	0.500330176205829
59347980	0.50013145056466
59350030	0.500531825319231
59352831	0.504409942764858
59353711	0.500177105277687
59357921	0.500125333443444
59360440	0.500122184073064
59363591	0.500178416243175
59364180	0.500176680171559
59365401	0.5001134278611
59366930	0.500255450200621
59369261	0.500199291010585
59369441	0.500283808514369
59376751	0.500108754485906
59377101	0.500125040982815
59379031	0.50013201398508
59382421	0.500263638903481
59382891	0.500140130017762
59382951	0.500150876293314
59384821	0.500276572574703
59387050	0.500433131478686
59387571	0.502103284065461
59388741	0.500129240999928
59396580	0.500190971488449
59399970	0.500153413297999
59402011	0.505384775435479
59402430	0.500296143079599
59403241	0.500145995593764
59403480	0.500200412933123
59412660	0.500136538877273
59414010	0.500309170029579
59414291	0.500166246700348
59418800	0.500117388303166
59420850	0.500601983509657
59422131	0.500226176555991
59423830	0.500206353841687
59426350	0.50013045623923
59427571	0.500223180415157
59428271	0.500401210016452
59430030	0.500115781279466
59430551	0.500318669664014
59432421	0.500798905358288
59434590	0.500161312116341
59435470	0.500294977964234
59436751	0.500144091815874
59441661	0.501032112035307
59442720	0.500442839724775
59449390	0.500363887574548
59450201	0.501634219805018
59451140	0.500130595704195
59451550	0.500162598810338
59453421	0.500373353568176
59454300	0.500172032911068
59456871	0.500164857748023
59457050	0.50020228810545
59457690	0.501455046130054
59459441	0.500161632061419
59463941	0.500121484012595
59466640	0.50037040124756
59472541	0.500230353726465
59472840	0.500498605490181
59472900	0.500120384276362
59477571	0.500374163437438
59483711	0.50046156034606
59484181	0.500226788113473
59488510	0.500219804597449
59492020	0.501682153092666
59494881	0.500154861866259
59495590	0.50741117616882
59495761	0.500271740070148
59499151	0.500279058315921
59513600	0.50016909251414
59518621	0.500180115577556
59519791	0.500149743878233
59522481	0.50013329125846
59522891	0.500354159131116
59526580	0.500333343338367
59530791	0.500323400838739
59533950	0.500336854210839
59535171	0.501894756975534
59541721	0.501907017217505
59541790	0.500154768622464
59543071	0.500230256917667
59544651	0.502224093140145
59554480	0.500233913294946
59567691	0.500167179405183
59568511	0.500132896287541
59569441	0.500263082360594
59570321	0.50024007516366
59572490	0.500166744499124
59573020	0.500170779055871
59577810	0.50013191190099
59582260	0.500130966590908
59584591	0.500204632386466
59594950	0.500142192463048
59599330	0.500452678077578
59599561	0.500136094339614
59603541	0.500143788434087
59606120	0.500202490497861
59607170	0.50012445251413
59612371	0.5002504275989
59613481	0.501064348503218
59614070	0.500579916601153
59614711	0.500672714765529
59615821	0.50035794707832
59616521	0.503757923683561
59618980	0.500136988122405
59621961	0.50011601732717
59622670	0.500133579818192
59626700	0.500140783838132
59626760	0.500136636390552
59628801	0.500129110924951
59629091	0.500224292005426
59632550	0.500213884325656
59632781	0.500151866457715
59633951	0.500879332754747
59639621	0.500149305520429
59643080	0.500121345205863
59643370	0.515500950339978
59643541	0.502834862454447
59644471	0.501735065552849
59644600	0.500295998804619
59645641	0.500344971106875
59655881	0.512894028935416
59659911	0.500184995751633
59660381	0.500141898252764
59662140	0.500407246320919
59664881	0.500279524692506
59665010	0.500261457576872
59666760	0.500117768920459
59667170	0.507223562603756
59673191	0.50045513179646
59673831	0.500434251148591
59674241	0.500186236743275
59675411	0.500460820575991
59676231	0.500151754453979
59679100	0.500125871008942
59683191	0.500141632359917
59683601	0.500172009405065
59685001	0.500460611268752
59692431	0.50089598742211
59692601	0.500145956064552
59694420	0.500784673140924
59695881	0.500161467102364
59698460	0.501483360459002
59701150	0.501401355076362
59702841	0.500310408190977
59708101	0.500446717834757
59712670	0.500157388888108
59715650	0.50013234495271
59724941	0.50042738290643
59726060	0.500709131163886
59732320	0.500158743964649
59734011	0.503011065249066
59734711	0.500161685281623
59735351	0.500118928212457
59735710	0.500169076317931
59737691	0.500151426783114
59737700	0.500125488160841
59745650	0.500404413963988
59746291	0.500119116951633
59748221	0.502102986831283
59749271	0.500183227359018
59751210	0.500747687192974
59753661	0.500421431060569
59753891	0.500325112012496
59756171	0.500203214487457
59756991	0.500122216276392
59758981	0.500204435030776
59759331	0.500129948625586
59760620	0.500117402235477
59771560	0.500277377709837
59778110	0.500160974367917
59778631	0.500127022278281
59781201	0.500119292572873
59783661	0.504196237232801
59785770	0.500111831667124
59787700	0.500252324454143
59791201	0.500254561599012
59792030	0.500153088227059
59799160	0.500130794958209
59800151	0.500146804356542
59803080	0.500178433557151
59803191	0.500159423415136
59806521	0.50014633592559
59806590	0.500395600410859
59807111	0.501408213599109
59813831	0.54873844242378
59820450	0.500146543853663
59823960	0.500122884410608
59825591	0.500359368774148
59828170	0.500285095493028
59828571	0.500169888494185
59829750	0.500151637141862
59831150	0.502856082882389
59836650	0.500128372379817
59837401	0.500624534107904
59837820	0.500137616674078
59840390	0.500117736698616
59840441	0.500269716978209
59840510	0.50016044720145
59840920	0.500506352193134
59851671	0.500286975443114
59853430	0.500167596066104
59855300	0.501759815400033
59855540	0.503017108163511
59858170	0.500419109333767
59860031	0.500150036477671
59874651	0.500794179271785
59876701	0.502921810942186
59877060	0.501506161654702
59881031	0.502075301736221
59882371	0.572202124933552
59885190	0.500287183920151
59885471	0.500134382412622
59887931	0.500512883975458
59888050	0.500130730045554
59888110	0.500343229383729
59890271	0.500183052237095
59892440	0.500463314643824
59894660	0.500781349863813
59896641	0.510411512983667
59897640	0.500156431702323
59904310	0.500194669909435
59910911	0.500443870393779
59911970	0.50022429438162
59912260	0.500575335188617
59913721	0.50063806378757
59914600	0.500528883711341
59915471	0.501284693319515
59918691	0.501636082966222
59919980	0.500116254120068
59920681	0.503015019193934
59921441	0.50014432835798
59922961	0.500243275062798
59923200	0.50535133307252
59924370	0.500154720109566
59924430	0.500175813936347
59927350	0.500129498414057
59929460	0.500372932609242
59932491	0.500170848768919
59932781	0.500259500632998
59936061	0.500281017340354
59937811	0.500345892693873
59937880	0.500600313434697
59942431	0.50042749581066
59943781	0.500322167381389
59947231	0.500116729131439
59947290	0.500114307070214
59947641	0.501763910104667
59948631	0.500586511205151
59949340	0.500115302526251
59949801	0.500146986988733
59952671	0.541898107097444
59952841	0.500514981273883
59955651	0.500514745838627
59960911	0.500475043835287
59961091	0.500115076922292
59962380	0.500126271495043
59962961	0.500125961854557
59967291	0.500366652131962
59968110	0.500295513473273
59969741	0.500423423376273
59970501	0.500129858252934
59974891	0.500120311814047
59977111	0.500129385320835
59986351	0.500194855657511
59988580	0.501000036153621
59993900	0.500507171346241
59994771	0.500271298726551
59994831	0.500839795257408
59998170	0.50040977051729
60000510	0.500136497141743
60001040	0.500322883922918
60006360	0.503195878811876
60008700	0.500221420908159
60009340	0.500165990396577
60009460	0.500297374458592
60009520	0.500143566285043
60010040	0.500252543831018
60010450	0.500118296271532
60012090	0.5019843316152
60012261	0.542329662797675
60012841	0.500363254826358
60014370	0.500160724523057
60018871	0.500319147187177
60020211	0.500199656690627
60021970	0.500565008909889
60022790	0.500126737517095
60024140	0.506653044519776
60024720	0.500172237415165
60028930	0.500365080194438
60029870	0.509648601837584
60029981	0.5003538731905
60030391	0.500186761403868
60033021	0.545096425545848
60033380	0.50414449171522
60033491	0.500159591628166
60033960	0.500122139247127
60034140	0.503541479863401
60036650	0.500222398871505
60036701	0.5025295175309
60041561	0.501160853523827
60042380	0.500831794710178
60044310	0.500268224503036
60045540	0.500202226167008
60046061	0.500141512962801
60050041	0.500154546881232
60054140	0.500222213772371
60054191	0.500536064140053
60056531	0.500391928577196
60057240	0.500660268399623
60059690	0.500124887007838
60060690	0.503444947906369
60061501	0.500796464761675
60067880	0.500119477453397
60070690	0.500126827732094
60073610	0.500116623925257
60075130	0.501559295378814
60078000	0.500581494965914
60080971	0.500151417623087
60082210	0.500149206793085
60082321	0.500139055954391
60083841	0.500226288223803
60087650	0.500183992602162
60090271	0.501566072113818
60091791	0.500118978780511
60095130	0.50018795283641
60096830	0.500145868103436
60099520	0.500152424035322
60100510	0.500165790381311
60102731	0.500451294519694
60105011	0.500141497333163
60105651	0.500379834233272
60106821	0.500298965558409
60110101	0.518608705412112
60111800	0.500144714308688
60113081	0.500125365931545
60118290	0.500549969135942
60118871	0.500200191320271
60120741	0.500804618875872
60122321	0.500436973691254
60128990	0.500217260218442
60134721	0.501122155783757
60138290	0.500157084861582
60139861	0.500911462106519
60141151	0.500140414808661
60141211	0.50026242221987
60142270	0.504938614943571
60148461	0.500146047226199
60149930	0.500109655870663
60152201	0.507119262329772
60155301	0.500139880682058
60158230	0.500153264827461
60158820	0.500178087841543
60160690	0.500192732626601
60162201	0.500167291473848
60163090	0.5001295652267
60163431	0.500164176164943
60167061	0.500274153143137
60167940	0.500151731969267
60176480	0.500579291676747
60178871	0.500125480430417
60178880	0.500151688309769
60179751	0.500157503676006
60181211	0.500159772107472
60186881	0.50038706758528
60187240	0.504505063509885
60194080	0.500458277877273
60195370	0.500132458986672
60197300	0.500160851886669
60201681	0.544730127571129
60202381	0.500240459679247
60202680	0.500543700452832
60204430	0.501097718089596
60204781	0.500141135595419
60208931	0.500446787018425
60209930	0.500162876171099
60210101	0.500161177733519
60211040	0.503602025438393
60211971	0.500128749693447
60212500	0.500203382074037
60216241	0.500250743127535
60220050	0.500233248557789
60221851	0.500134795064841
60222321	0.519102712321181
60224840	0.500463459749988
60225011	0.500121516172361
60225361	0.502067383729503
60231390	0.500167599101354
60231450	0.500228461999633
60234550	0.500242707509731
60240750	0.59679122224317
60240861	0.500152321603955
60241501	0.506939022796708
60243730	0.500881505206416
60244200	0.500328259864982
60245771	0.50020744297384
60246130	0.500166339562713
60248760	0.504282311284453
60255430	0.503457531020831
60257240	0.500143300107205
60260161	0.500202471981629
60266480	0.500500946227504
60267940	0.500272788394793
60269110	0.500354482226859
60269460	0.500491049193525
60271390	0.500782295755612
60275541	0.500875369822037
60279290	0.500248926016683
60283961	0.500456644161602
60287061	0.500189695161409
60288641	0.500218385232641
60289520	0.500777971055393
60290041	0.501347372642966
60296540	0.507847118442823
60299580	0.5031675654533
60304661	0.500170249869882
60306600	0.500129181661608
60307300	0.500677950041839
60310921	0.500366559789818
60314491	0.500121577315919
60318991	0.500253145882403
60319700	0.500114042826887
60319760	0.500175027257083
60327001	0.500148999058374
60327351	0.500142848467008
60327420	0.500149943613474
60331211	0.500128571664165
60333090	0.500464030993295
60333671	0.500123925576694
60333731	0.501212206032286
60336070	0.500147815163567
60336310	0.503850193721269
60336941	0.50096759003182
60338760	0.500198827361718
60343970	0.500133138286028
60344550	0.500851422679001
60345951	0.500122818715754
60348940	0.500256409942943
60348991	0.500118458319396
60351271	0.500206318425521
60354260	0.500156781807251
60354790	0.500138823571654
60356651	0.500351707714993
60359290	0.500343479579905
60360750	0.501071307934974
60366361	0.500116380216588
60371211	0.501721309971233
60372330	0.500525853718995
60375891	0.50013073809598
60378991	0.500126761234021
60379580	0.500309620935882
60380400	0.500166838190991
60384320	0.500187808983447
60385900	0.500381602379424
60387770	0.500210826491029
60388120	0.500230495449923
60390050	0.500482579301302
60393620	0.500164891893444
60398581	0.500194143961069
60405200	0.507596090160557
60409290	0.500108917791218
60410341	0.500146315923782
60421861	0.500140721979734
60422330	0.500216590371472
60423970	0.500247185424467
60424841	0.501011319486457
60426651	0.500613579838973
60427710	0.500276412298358
60427881	0.500140915321197
60428761	0.501557674074245
60430230	0.500383692615423
60431681	0.500241260332237
60432031	0.500168850690904
60434850	0.500585657212284
60437531	0.504706493278992
60440520	0.502000238885608
60440580	0.500473879484402
60442860	0.500215842534788
60443261	0.500486658611039
60444081	0.500120403927128
60444201	0.500198988038207
60444850	0.50026479022811
60452151	0.500141320637878
60457241	0.500430019949987
60460110	0.500144634651455
60461511	0.500169895759232
60463500	0.500672562834418
60463611	0.50016604161722
60464371	0.500158254683282
60471220	0.500143014565247
60472100	0.500770249951899
60476250	0.500136343564007
60477770	0.500245556867872
60477821	0.500432609134055
60478641	0.500216016909691
60483560	0.500241410931791
60484021	0.500508677627963
60486301	0.500851690098409
60492920	0.500700681744138
60493910	0.50021332364698
60497301	0.500195161741508
60497531	0.500135679664432
60500640	0.500210873870883
60504081	0.500799645160536
60505601	0.500180179021088
60506250	0.500264144778662
60506711	0.502193432193147
60507950	0.501835782240941
60508360	0.500155952321475
60511050	0.500133497533473
60515191	0.500192272438343
60519051	0.500506890752014
60519871	0.502973910622271
60521041	0.501031841454709
60524440	0.50017124622959
60526131	0.500443638354623
60526600	0.500384631042271
60532980	0.500112582300541
60540290	0.500848238581675
60542450	0.500571701605502
60542800	0.500146423628172
60543731	0.50245395989088
60544910	0.50231933224145
60545670	0.500161635690823
60547651	0.500933152281247
60550930	0.50031746704146
60552211	0.50032574198019
60553210	0.503422533493477
60553791	0.500577443665616
60554030	0.50017318475391
60557591	0.500235479778546
60557651	0.500165913294553
60558471	0.500146801272691
60562980	0.500180980136257
60568351	0.500125883403517
60569581	0.500198576278253
60573031	0.500136491013613
60574500	0.501279245515899
60575730	0.500113410194219
60577070	0.500110144651988
60580930	0.500134374621111
60580981	0.500131228219148
60584030	0.500212917914106
60584201	0.607784067183535
60588590	0.500254696313599
60590221	0.500120135330849
60596490	0.519671475311831
60600051	0.500108647377787
60606951	0.500191909317385
60607130	0.500197760621764
60607771	0.50010965674887
60607890	0.502153623898995
60612391	0.500133893388916
60612570	0.500215525940138
60612801	0.500400069824181
60613151	0.500249602285568
60616191	0.505084894899053
60617421	0.500447629126422
60624500	0.500156383564993
60624790	0.501714547978125
60624850	0.500125671348452
60625610	0.500576393636536
60625960	0.500733986473767
60629880	0.501046680364293
60630000	0.500227335487171
60630520	0.500110645912084
60630811	0.503630934634266
60635960	0.500166780886434
60636490	0.500198321948535
60640000	0.500158529695945
60640751	0.501719517336794
60641511	0.500229560132693
60644611	0.500205250178691
60644901	0.500151739580365
60646191	0.500172375176833
60651690	0.500877105499745
60653740	0.500172228443017
60655960	0.500252656263671
60656831	0.500149388943399
60658240	0.500273435082744
60659351	0.500189707705701
60663330	0.500140399457665
60668761	0.500164424186554
60670111	0.500248442235397
60670401	0.500377047026631
60670700	0.50020946543435
60672741	0.501202723307209
60674090	0.500400698929304
60674500	0.50029186265147
60675960	0.500178670630372
60677071	0.500211595456768
60678070	0.500151382770508
60681921	0.500301117988114
60685610	0.50014206968666
60689291	0.500125704041275
60691870	0.5001410918251
60693151	0.501199812300318
60694270	0.504951328340763
60697190	0.500161263635495
60704321	0.500123329270155
60704961	0.500166996019744
60705670	0.500510188701626
60707421	0.500124509059952
60710060	0.500123064989274
60710640	0.500206011879213
60711580	0.500334906496331
60714440	0.500583540570487
60716311	0.501571977984967
60719820	0.500310017304278
60721341	0.500524529583793
60722391	0.500357865171894
60722451	0.500612169230674
60731161	0.500163939177255
60748830	0.500644128382295
60748941	0.500955487195015
60766191	0.500177793886165
60773160	0.50564799018998
60775371	0.501959903661422
60777600	0.500177701334002
60785371	0.500128863408069
60785670	0.500196617768754
60788471	0.500715406270061
60800000	0.507616904473685
60802391	0.500656443197766
60805261	0.500813750234262
60808241	0.500744518842541
60808471	0.500458280432769
60814210	0.500405650279616
60816670	0.500146336737549
60818181	0.500301760017719
60823980	0.500145886045023
60833630	0.500230849127483
60844031	0.500201177445557
60848010	0.500166176153523
60849180	0.500958664372909
60850461	0.529806260206471
60852050	0.500120767767558
60855141	0.505440085726742
60868070	0.502534642755287
60868130	0.500159856470554
60879121	0.500226630123496
60888890	0.500307150876434
60894151	0.500565540771844
60894390	0.504059523342797
60901811	0.501210507616322
60906730	0.518259492105942
60906900	0.501056440714818
60910641	0.500196053872674
60930171	0.500125722539029
60941521	0.511911467849989
60951461	0.502313296445427
60967191	0.504920829637767
60968190	0.507840691711163
60980820	0.500307951023872
60992921	0.500165398507233
61002861	0.500147394406018
61018250	0.500406699016299
61027191	0.500245578521333
61027200	0.509989642292961
61028131	0.500153062755896
61039941	0.501085691720551
61061171	0.50604064011627
61062170	0.500808347061162
61062631	0.500125502225581
61066961	0.501306654624995
61079480	0.504245840636027
61080411	0.501512893328258
61096380	0.500164019445523
61096850	0.507556919839469
61097021	0.500398670196456
61134621	0.500341802176254
61140351	0.500169394981287
61141880	0.505219159026046
61166440	0.501484236416352
61173391	0.500259451515879
61174911	0.500789215169237
61181111	0.500358763540086
61188601	0.500502483703641
61199651	0.500333585848625
61201641	0.501502870365303
61202580	0.501534834706796
61206261	0.504468368188848
61209130	0.500328668967509
61209711	0.50012432239776
61220710	0.500263571341545
61220821	0.500123055838987
61222170	0.500825469593294
61223041	0.500136506211141
61223281	0.500124864915842
61229190	0.500207723828256
61233050	0.500266778442866
61242341	0.500167729067683
61260411	0.500381377944191
61261171	0.51050526416148
61262111	0.500591023004934
61278550	0.500157377881292
61279241	0.500271794736137
61294750	0.501235140872711
61302290	0.500714602676472
61312700	0.500297367100865
61334741	0.501202901689293
61342700	0.500462034824058
61346321	0.500249821611991
61351821	0.500506525941142
61371650	0.500139040702117
61376330	0.502758154095538
61384861	0.500336461695771
61400190	0.500206500189024
61410711	0.510097823751452
61415160	0.500606153542098
61416791	0.501770998550804
61431710	0.500135197599336
61440890	0.503316347788196
61445211	0.501113182261743
61447141	0.500866224024198
61474391	0.500467166862124
61482641	0.500114655716114
61485690	0.500281092035627
61487261	0.500374856245977
61490660	0.500392700933278
61492880	0.5003955577677
61506561	0.500112446160587
61518670	0.500833244003362
61522590	0.500170174823934
61532171	0.500146574955879
61532180	0.500551331803441
61532291	0.500125605511908
61533290	0.5001380844491
61547150	0.500571936438974
61549481	0.501234950853776
61557790	0.500720874667104
61565750	0.500299651661999
61582300	0.50062232311166
61603820	0.500138532883412
61607620	0.500322007903383
61608201	0.500362388894183
61610771	0.511178951036627
61613171	0.500386127478911
61614460	0.500887616874728
61616450	0.500127675098144
61618790	0.503533105806419
61626211	0.513622430735978
61638030	0.500857562150009
61641241	0.500147237875095
61664571	0.502662515736264
61665681	0.500134064153756
61675690	0.500512580220572
61699320	0.50029757444472
61704631	0.501694830866432
61720131	0.500388544440482
61722001	0.500137585867232
61725400	0.500134678314043
61736211	0.500163316926485
61739661	0.500136586871905
61759021	0.500571511630609
61766151	0.500180198129119
61768790	0.500838985565679
61777731	0.503448491221102
61790900	0.500490140741095
61808910	0.500344530820781
61816980	0.501340456438705
61824290	0.500133891153343
61831540	0.500145370041672
61839260	0.500175297062138
61864290	0.500944940632751
61874410	0.501737263415801
61905580	0.500169730706913
61914521	0.500599115440666
61943001	0.500206156036805
61968611	0.500236960268591
61993300	0.50326424009901
62003940	0.500203100467272
62015751	0.500203645587501
62027160	0.500170300226681
62059141	0.500153409803036
62079440	0.500612604959592
62085170	0.500163939076966
62088731	0.514694363893996
62091071	0.501438896536243
62099261	0.500296209982021
62106110	0.500159644036776
62106750	0.500552878838305
62109731	0.500377388042163
62125051	0.500200454524821
62156750	0.500469282275927
62160371	0.500112265760807
62162950	0.527622297468739
62163941	0.501792374703177
62164530	0.518225833397557
62175871	0.50087865291368
62176750	0.500292834175537
62191080	0.500249866135095
62198040	0.500412127974607
62209090	0.504203743840078
62209210	0.500234726391458
62224291	0.500224490316407
62229671	0.500330550304703
62271200	0.500177329199777
62276700	0.500618643025669
62285111	0.500387676642463
62288630	0.500115449829675
62289031	0.500150669374096
62297741	0.50014380494692
62301191	0.500176538677167
62309150	0.50013511151196
62310261	0.500143765832428
62317280	0.50065296930708
62323651	0.500403444858259
62326990	0.502082410110665
62337511	0.500173582355771
62357870	0.50023699134039
62367861	0.500161251761998
62370380	0.500220499652804
62385470	0.502326052793089
62398100	0.500523782870871
62449740	0.500207750821929
62454591	0.50841602422244
62463540	0.500133946070721
62468220	0.50356943171706
62472951	0.50169919554682
62480210	0.501246678983248
62517341	0.50015460933072
62522960	0.500414566119781
62523020	0.500938191318103
62533020	0.500224692217858
62536350	0.500215431600529
62536470	0.500180100131241
62536640	0.500590463549464
62543301	0.500288403617185
62546880	0.500815824037956
62555641	0.500138529451178
62572721	0.500363603068567
62573250	0.500551046337275
62581150	0.500265334393808
62587691	0.501559749288275
62588981	0.500296245179675
62595121	0.501226997160595
62605061	0.500240226846849
62611671	0.500251977676351
62625420	0.50015243708288
62626931	0.500375087406931
62628921	0.502546966676214
62634950	0.50019637335986
62638041	0.50177203540053
62638571	0.500601658112303
62648511	0.518492195213714
62650731	0.506903340166477
62651321	0.500724342821796
62654241	0.500194484473815
62658391	0.501413175392252
62661150	0.50041061293493
62669980	0.530515392998489
62673481	0.500308386288061
62680091	0.500519850853424
62680450	0.500364970098437
62682251	0.50348020564455
62685070	0.500466504604162
62690501	0.500278144833176
62695830	0.504529990459299
62720151	0.500211358412667
62726060	0.500556864471554
62726231	0.506288471690242
62731850	0.500126700146769
62732371	0.500156557438178
62732790	0.500138909873602
62745531	0.500828180470881
62748571	0.500233142137856
62758631	0.501895044746893
62760510	0.500151588968982
62775710	0.642143875529247
62778930	0.588283089198999
62782721	0.500125125919366
62783080	0.500353271885427
62786061	0.500150581313101
62796001	0.500149188209723
62803891	0.51472670604757
62812551	0.500128887487336
62820740	0.50035066982274
62826231	0.500120234353045
62847350	0.500217025047032
62864600	0.500360862452201
62873610	0.500154294202258
62884191	0.500818929283466
62892500	0.500182920657323
62897931	0.500695737623664
62921151	0.500164679176718
62945830	0.500203335416512
63057231	0.500269740037298
63073371	0.500231870921654
63077641	0.500309706548791
63131851	0.50020304042582
63136591	0.500644639131399
63141271	0.500322010519103
63160101	0.500392878622748
63180630	0.500156368998948
63199221	0.505443564081403
63210810	0.518296987445498
63218991	0.500302873780841
63245140	0.500394399358655
63251681	0.500647683128042
63263500	0.500190774340879
63279000	0.502374365926685
63291340	0.500155651655359
63297531	0.500177061622115
63298650	0.500212691695179
63306480	0.501102303531599
63315720	0.50048249847306
63327650	0.500255741816012
63331160	0.500173690389995
63333381	0.506633886351955
63346421	0.500620812201221
63354901	0.500449656615653
63377070	0.500194453187967
63396370	0.500217521634627
63398821	0.500651862993657
63400460	0.50028215628187
63422860	0.500124934819215
63427950	0.500235381372894
63442920	0.500147950290736
63462390	0.503863278285785
63490341	0.500560119707094
63498411	0.50013153000111
63511520	0.500204503576939
63518881	0.501365874824102
63520751	0.50129933197275
63532100	0.503008509169398
63536481	0.501222574989039
63540631	0.50011872207697
63581520	0.501235806891012
63584141	0.500278742284811
63597660	0.501361133866592
63600521	0.500165319520372
63613381	0.500452063743624
63614671	0.50030541313308
63618480	0.500140637808817
63631341	0.500464429235425
63634910	0.500290682513974
63637720	0.504091466897917
63644150	0.500783942672051
63665841	0.500156193033907
63686541	0.500549554642485
63697600	0.500932759162556
63703860	0.501303535416618
63708890	0.500239967283493
63715611	0.50155757875672
63733570	0.500142226299134
63740051	0.500329871375797
63745841	0.501061755130328
63747310	0.500137884025466
63752690	0.500185757089739
63757250	0.500145097414485
63757421	0.504017531232255
63758121	0.501135628800106
63763100	0.500109337445245
63763220	0.501925995606311
63768881	0.503027318568716
63771520	0.500139780394576
63774671	0.500860147118864
63778480	0.501860302320139
63785671	0.500863590910129
63785841	0.501185351146235
63812690	0.500505109624234
63818361	0.500184549424452
63820871	0.500155577330529
63826841	0.500170402600888
63826960	0.500137184747297
63829360	0.500110521777257
63833041	0.500471548396919
63843860	0.501321197200276
63878130	0.506502220590113
63885850	0.500126043301209
63893280	0.500132142664609
63894851	0.500244862648219
63895560	0.500261020809252
63897370	0.647074937149383
63900761	0.500259039761668
63904561	0.500392502825996
63913801	0.500165945184049
63916380	0.500337328792663
63931871	0.501013408249638
63932990	0.5007201769322
63933681	0.500317739530073
63938711	0.500286264787507
63941990	0.501001777465281
63949121	0.504141769180114
63953690	0.500117338466763
63958020	0.500115591065261
63973861	0.500644459522132
63986260	0.5017905303214
63986320	0.501128615525619
63995381	0.500273850814823
63999941	0.500255026335487
64008250	0.500407256867902
64010471	0.500441784113693
64011470	0.50016654558346
64011811	0.500914863281133
64022571	0.500510634088743
64026030	0.500295421018092
64039770	0.500501585359237
64040010	0.501743060094145
64063221	0.50047116435828
64064971	0.500125099884737
64069950	0.500146913132849
64085390	0.500140039305109
64096850	0.500540339815842
64098310	0.501290547473825
64099250	0.501558250299252
64112281	0.500363901916478
64117900	0.502131877318856
64119540	0.500130167970856
64120770	0.501385086737676
64125381	0.500175930438031
64142811	0.500274291123504
64143110	0.500114626350165
64143801	0.500456805268999
64146261	0.50045001503454
64153281	0.500124564615557
64162640	0.500484078551146
64165381	0.500131302837027
64168251	0.500121666740643
64188900	0.53814898720736
64191171	0.500124267542326
64197141	0.500177828765233
64199130	0.500540780108356
64200531	0.509404602398084
64202461	0.500141194681005
64204980	0.500150408777943
64206961	0.500295520456249
64213870	0.500323620757711
64221240	0.50036851087383
64227730	0.503337263455454
64230061	0.500119052637989
64245091	0.500167398599709
64250881	0.505758728346853
64255151	0.50020187598705
64259771	0.500637303465561
64260130	0.508377722466585
64264750	0.500125500952493
64268721	0.500462340639292
64269481	0.508756361470659
64272640	0.500137952297182
64282171	0.500211393681471
64288900	0.500168722735825
64290061	0.500171668203506
64293161	0.500346468537544
64295091	0.500480661532026
64297781	0.500414149815072
64298191	0.500573856546358
64304220	0.506595859981661
64305151	0.500158816512898
64307901	0.500170726311372
64309481	0.500116850037156
64317030	0.500155887658464
64318670	0.500131783514309
64326620	0.500114896110515
64327611	0.509059579602476
64328200	0.500252018118107
64331770	0.50016042961381
64333870	0.500201105581153
64339020	0.500163542566568
64341701	0.500121730599865
64341710	0.501413587570435
64345040	0.50018945433735
64349771	0.500181042339683
64351291	0.500151377902462
64352111	0.500118704629924
64354690	0.50015280714187
64359011	0.500783197109561
64362060	0.500181166932497
64362410	0.500182240420347
64364110	0.500613990482446
64369541	0.500146272970226
64370241	0.500558301197377
64371761	0.500338692770108
64373170	0.500139342542718
64374921	0.500145064148249
64376970	0.500485923132879
64379481	0.503349697550416
64383631	0.500282304539247
64384460	0.500128251261408
64391761	0.500410410517076
64392410	0.50017005019315
64393341	0.500232700444278
64394110	0.501868604601652
64395220	0.502251068809176
64399831	0.50012092158155
64404520	0.500152559151898
64404870	0.500178080803461
64405971	0.500136291328897
64406330	0.552368548675979
64406791	0.500141560454358
64407551	0.501531037350659
64409370	0.500127548399372
64410421	0.500116066826399
64411070	0.500328712632135
64412171	0.512037431586244
64415801	0.500119481040624
64422291	0.500156265545537
64422521	0.513059861336757
64423111	0.500126691450987
64427380	0.500236259371357
64427440	0.500355264800483
64434801	0.50048867980952
64441411	0.500145341705126
64444861	0.50011670282782
64445280	0.502621242624831
64450241	0.500133392288829
64455860	0.500116392609491
64459020	0.501518445298356
64461240	0.500125894187013
64463401	0.500341117105995
64463760	0.507404180142172
64464340	0.500455107106407
64466561	0.500151727841089
64470301	0.500311231742924
64472120	0.500293735123361
64474460	0.500168517777384
64474631	0.50081501669417
64475980	0.500314810769755
64478960	0.500298534453696
64479191	0.50038860051321
64479311	0.500131704834351
64479370	0.500136221917204
64480720	0.50018103817821
64481070	0.500174848157257
64485801	0.50020646162
64489891	0.500125943311203
64492761	0.500305679521925
64494571	0.500233894261956
64496621	0.500288621414407
64496800	0.505874625608185
64497611	0.508222584064343
64497731	0.500147196786714
64500600	0.500205399291002
64501471	0.500170108568627
64504400	0.501519529165003
64505041	0.500246420630703
64506441	0.50014272858028
64512291	0.500381852384853
64514170	0.500294418854191
64514221	0.500264454091425
64514981	0.50024827534781
64515041	0.500153545634822
64515331	0.502389603124418
64517961	0.500152645989698
64522701	0.500160547269534
64523051	0.500310077165124
64523410	0.500463109932666
64532880	0.500135687972965
64538781	0.500149719289248
64539131	0.500830526069019
64539191	0.500197263593893
64544161	0.500200848141464
64549311	0.500211127781744
64550011	0.500135407075594
64551360	0.500173409962646
64554981	0.500186498324374
64560301	0.500129284867153
64561420	0.500178976225146
64564511	0.502458667399611
64568961	0.500136042132525
64573760	0.500145555339304
64574990	0.500172773763123
64575750	0.500501842380862
64577321	0.501044588802992
64582940	0.500136968513911
64583470	0.500204473071425
64584290	0.500174708861173
64587970	0.500352665680955
64588850	0.501694818318328
64597560	0.500152742276659
64598611	0.500293965044131
64598910	0.500239144747196
64599200	0.500581278181221
64599260	0.500570997668798
64601941	0.500116015991674
64604981	0.500175994956071
64606040	0.500775953509479
64608670	0.500605077528017
64613880	0.500119441655399
64620080	0.500134424418604
64624230	0.500158859882562
64628611	0.500185905278956
64632650	0.500125517506356
64636980	0.500251123965659
64639311	0.500139294833245
64639550	0.500330835722549
64648730	0.500219736778158
64648910	0.507256436994206
64655340	0.50048791874017
64656040	0.500114739742659
64658671	0.500199080715177
64662291	0.501423895481888
64663521	0.500604757866943
64664870	0.500346061498498
64667800	0.500680880357456
64671950	0.501894360050092
64673410	0.500143308099916
64677381	0.502625838347659
64679021	0.500117638741926
64679431	0.500123450358013
64679670	0.5004000536823
64680900	0.500198107482023
64681540	0.500257321947338
64682240	0.500165632292502
64682821	0.500581030686887
64685460	0.500678427541613
64686220	0.500231572725528
64686860	0.501913015669935
64686920	0.500126898533106
64688201	0.500163326907885
64689610	0.500159933716824
64692590	0.500131223394068
64693060	0.500129756997084
64700840	0.500126863397784
64704631	0.500754094124352
64705520	0.500180222240801
64705861	0.500171832577956
64706630	0.500145010268033
64707381	0.500153506338437
64710831	0.500282823730838
64712121	0.500114419247744
64714580	0.500172635767958
64723760	0.500125618077525
64724281	0.500164747893875
64725041	0.500443534382289
64726100	0.501083638798951
64728731	0.505026195139367
64728850	0.500143831796015
64735810	0.500284323433694
64743761	0.500407532656086
64744871	0.501439806922988
64751011	0.50117153464533
64752761	0.50031059617841
64755050	0.500311704474655
64755161	0.500134503370842
64755170	0.500137356871795
64756570	0.500127433206642
64761890	0.500130004976664
64763120	0.504066026725042
64765870	0.500168195150262
64765921	0.500177681756586
64765981	0.500747967579596
64766391	0.500153736850414
64766690	0.500123074481872
64766741	0.500119694715702
64768551	0.500194189571816
64769670	0.50017209850483
64773410	0.501388625246797
64774811	0.500197742742966
64778210	0.500572949509348
64779431	0.500725737456739
64779491	0.500177971656549
64780550	0.503657266638128
64781720	0.500174688433185
64786681	0.500112801405205
64790951	0.500237909294873
64792181	0.500287198703754
64812241	0.500253390579812
64813820	0.500597668240464
64814341	0.500211563202709
64814760	0.50012115988024
64817211	0.500120821188726
64826041	0.500618667760703
64828090	0.500120835437319
64828261	0.500118197578474
64828680	0.50010991367755
64831711	0.500141804888107
64832010	0.500407668442512
64833590	0.501033180879036
64834410	0.500294904415323
64835981	0.500485644161487
64838381	0.50026133715083
64840140	0.500110392322647
64840490	0.500403580028846
64841370	0.500180695062797
64842531	0.500579633108741
64844051	0.501862712615539
64845751	0.505803717655945
64845921	0.500222424762418
64845930	0.500148635873309
64847911	0.501893698748439
64850080	0.500524803815573
64851950	0.500123898185484
64853641	0.504852630915889
64854120	0.507723723909745
64857621	0.500648312612127
64857911	0.500143527763889
64861020	0.508622584658925
64861421	0.500343292875617
64862710	0.50032780510764
64869440	0.500353845492731
64870781	0.50010879071462
64873001	0.500130227422308
64874581	0.500113152623163
64876570	0.500113705289696
64879371	0.500121958864296
64879781	0.501008072421763
64881720	0.5001854058782
64883061	0.500813840372105
64884820	0.500183094038892
64887100	0.500659907259955
64887211	0.505125142584099
64889090	0.500205214668659
64889961	0.500134604236197
64890080	0.500371561928559
64893351	0.500123428989354
64893761	0.500139285088315
64895640	0.501177709014802
64897151	0.500223941798429
64901891	0.500378385386233
64902301	0.500349433872412
64903001	0.500384283518623
64909901	0.500259337056392
64911600	0.500175222443071
64914581	0.50013677861408
64915110	0.500144947064105
64915281	0.500356206848992
64919141	0.500151327489206
64920601	0.502116321090378
64921421	0.500179527710409
64922890	0.500532754144565
64924051	0.500129050780733
64928321	0.500139191397417
64934171	0.500124906529493
64935230	0.50013277764526
64935281	0.500143711266674
64936460	0.500270777172998
64937510	0.500157718877441
64945930	0.500261887217879
64945990	0.500125043667858
64948270	0.50011842248107
64949320	0.500125732168674
64951780	0.500593439857902
64951951	0.500170101969184
64953650	0.500673283481414
64954820	0.500316478611795
64957331	0.500137728102752
64959150	0.500152456080592
64960311	0.50014094564435
64961430	0.500122371992321
64964991	0.500112779732433
64965401	0.500457209005087
64966460	0.507004300858808
64968501	0.500474273713102
64968620	0.500238928717896
64970730	0.500690777012287
64971771	0.502727375432638
64972190	0.500132436561949
64973701	0.500246361322293
64975871	0.50012694691811
64976451	0.500174720868003
64980200	0.500149291596835
64982660	0.501802481043518
64984461	0.500115219962957
64984641	0.500253790076719
64987621	0.500245298801484
64988680	0.500307813601385
64989500	0.500164528750353
64990380	0.500163995189886
64990781	0.500319970080642
64991541	0.500123568732821
64992711	0.500790937811594
64992830	0.500180133436895
64994410	0.500130381431875
65000311	0.500163270088779
65000841	0.500381411510157
65001780	0.500255079870016
65002011	0.500120740308831
65003360	0.50018404837808
65023240	0.500198508613409
65023300	0.50018137616115
65023650	0.500607525987238
65023761	0.500253730023503
65025290	0.500153266102587
65026101	0.50015626387791
65026161	0.500120448650782
65026690	0.50725782354062
65026930	0.500260698363468
65027801	0.500216452293003
65028330	0.500277289328862
65050730	0.500584878629761
65057220	0.500257737817694
65058971	0.500623804119638
65072011	0.500247775759306
65072771	0.500330019709569
65078390	0.5653524116835
65078911	0.500353799549528
65079090	0.500162384054213
65079731	0.501266892717348
65096750	0.500413055945456
65105760	0.500185945213977
65111541	0.500258345956667
65116631	0.500237002589
65118920	0.500142944828002
65125290	0.500412275312387
65126230	0.500152026847161
65126810	0.500135397213724
65127331	0.500155520368937
65146870	0.500322451214648
65149560	0.500155507730378
65168160	0.500148057649315
65168570	0.500131596459804
65171900	0.500167086037072
65172430	0.500121942120854
65199441	0.500162795929009
65200850	0.505822605894165
65205931	0.500974074820559
65217511	0.500180549665455
65219031	0.500131035163783
65219680	0.500179753939641
65222891	0.502258823303949
65224650	0.500151467531873
65227161	0.500119049752877
65247861	0.500128205666922
65248860	0.500424064075855
65249560	0.500833379191826
65258621	0.500292489630334
65267400	0.500155288505102
65268391	0.500161513033822
65268510	0.500136395275651
65269561	0.500303481227429
65271021	0.501205203017911
65275231	0.500127245359921
65276700	0.500135481593416
65276760	0.500133774580014
65284420	0.50020164520863
65296051	0.500146871248392
65309860	0.500198001269399
65310551	0.500662929258097
65320500	0.506632267512597
65320671	0.500159303447262
65341431	0.50070702612843
65343310	0.500341359978313
65345530	0.501222697209948
65347520	0.500343789890254
65349381	0.500500560120025
65355180	0.500312255308041
65362891	0.500527899690674
65363660	0.500460542332128
65367110	0.500775120731943
65369971	0.500132119810031
65374061	0.500732365591197
65393720	0.500133441437505
65393771	0.500337122998675
65394130	0.500413735762572
65397400	0.501919244433173
65412840	0.500899578060679
65414130	0.500177681210157
65416990	0.50014684837134
65419860	0.50040363328474
65421090	0.501493842876604
65422080	0.500907373149181
65429151	0.503994836466018
65441670	0.500117579543048
65452200	0.500241993581791
65452960	0.500383096399958
65459160	0.500321674716569
65461440	0.500228759209067
65461551	0.500587351031657
65463891	0.500193666277426
65466461	0.500123911539887
65466931	0.500171575931244
65467161	0.500252788375629
65469681	0.500134342030243
65470321	0.500165071110751
65470330	0.500680908123344
65470970	0.500143342434912
65492260	0.500340999781204
65505411	0.500238810205139
65508451	0.506220512141944
65527170	0.50101488963113
65537051	0.500288370197478
65538981	0.500203592031821
65543191	0.504029375270304
65547930	0.500243292505763
65553131	0.500316091470926
65560210	0.50026026524339
65569450	0.500157789051465
65572491	0.500933598674275
65573951	0.500600588298838
65577631	0.500365389236169
65582021	0.500799517457262
65593900	0.501480990285793
65595531	0.500435067723972
65596291	0.500200650460373
65598400	0.500825612540769
65600620	0.500252142746966
65600731	0.500187326812001
65603541	0.500209134750293
65605240	0.501410616441841
65605941	0.500146299408208
65606581	0.500361955381142
65607871	0.500351066593746
65609280	0.502114718342791
65609690	0.503534416386035
65616291	0.500163226237595
65620800	0.500132534863847
65621380	0.500413432290723
65622260	0.500295282210363
65623490	0.500134234215049
65626180	0.501501716717923
65629621	0.501026819710993
65631141	0.530860125788392
65631901	0.500323197258414
65637461	0.500561239713867
65637640	0.500936565150834
65644600	0.500254181390526
65646761	0.500424502920908
65647640	0.500371756382662
65647700	0.500141188344952
65648750	0.500169096918803
65649041	0.501122873816789
65649920	0.500413628822099
65651560	0.500250907312742
65653131	0.505297024093751
65653251	0.500361147974845
65666001	0.50015070312702
65671090	0.500309073657707
65671201	0.500671567835628
65672610	0.500126642838207
65676931	0.500282651426859
65678930	0.500158746445506
65680330	0.500332317176447
65694600	0.50022300387505
65699801	0.500138266744675
65701620	0.500205612336226
65702260	0.501070828888437
65702380	0.500186166075522
65703661	0.504372508792132
65705471	0.500517732036933
65708230	0.500120020720895
65722021	0.500354807100578
65722090	0.500147118483268
65724421	0.500156599881352
65728631	0.500187398503289
65730211	0.500410219620983
65736590	0.507484606533492
65750971	0.500196526141602
65752081	0.500392016653493
65757401	0.501384056379147
65759690	0.500117534680418
65760271	0.514558814363869
65762261	0.500184333667002
65762491	0.500357606489016
65762910	0.501849704299414
65778170	0.500491744052878
65778870	0.501016656880903
65780390	0.500172256042248
65783140	0.500117595675074
65805181	0.500121116630469
65808290	0.500159967676152
65808341	0.500118937243804
65812081	0.500166466581054
65816061	0.500197051582757
65817231	0.500130029823535
65817811	0.50055260151624
65819511	0.50013911543405
65833610	0.502661095111359
65834370	0.50012486356133
65836351	0.500207744189634
65836650	0.500166010642709
65837051	0.500405598853853
65838751	0.502450148027207
65839391	0.500868741086365
65843960	0.500544650199781
65844660	0.502271248483307
65844951	0.50012737965223
65859340	0.500207027232949
65859810	0.500365026278651
65862730	0.500229422667495
65866121	0.501575193541451
65866360	0.502756436834528
65867171	0.500232661919048
65868281	0.501029725315632
65870100	0.505780671653782
65872090	0.500141913975337
65872261	0.500373263799174
65879280	0.503277209937608
65887871	0.500168981327349
65893380	0.500244278586661
65898580	0.500547668766377
65898990	0.500278773267127
65900391	0.500151680240406
65902141	0.500183763140536
65902261	0.50014472796691
65904370	0.500121955263869
65912030	0.50021142434629
65913311	0.500496984843864
65920690	0.500485119140084
65923371	0.50093337604006
65923380	0.509286732257872
65925190	0.500215454411737
65947001	0.501776465023119
65953730	0.500172888542593
65956591	0.500171229833953
65956821	0.504123303752028
65957171	0.525809977023611
65971851	0.500637388276652
65972620	0.502277576129747
65978290	0.509819166738306
65980451	0.502351765041061
65984550	0.500141725963604
65994311	0.500763913403722
65996471	0.506231857878726
66000101	0.50023306933357
66003431	0.502125833652296
66004200	0.501066016799933
66006070	0.500589944429066
66006881	0.502615679815484
66008931	0.500458651962717
66013030	0.500952253367318
66016061	0.500224323857032
66029170	0.527632793402047
66030280	0.503055798899916
66030681	0.500913395430855
66036480	0.500623875052152
66038060	0.500635842164431
66040570	0.500132864970484
66050511	0.50959723990453
66054200	0.500179740974408
66055891	0.500378200136843
66057180	0.500144789387178
66058530	0.500124384247239
66061151	0.500139064304306
66061971	0.500441627333811
66063201	0.500857632366922
66065131	0.500172146541873
66066190	0.500437271282962
66068581	0.500439435917104
66073030	0.500576164775783
66074550	0.500209960955879
66079290	0.512739174186443
66080220	0.505705594779666
66083380	0.501633079332005
66085361	0.501956375167611
66086941	0.501749580204995
66090280	0.500153369913502
66090690	0.501814654469554
66090861	0.500158817852322
66091621	0.501566761091627
66093560	0.50010313042596
66094601	0.500208645476971
66094840	0.500530431637067
66096600	0.500586095989206
66101621	0.500571211360202
66102261	0.500128789725615
66102381	0.500414176481713
66106600	0.500143255930696
66110050	0.500198317907755
66110571	0.500140295320101
66120391	0.500109051779231
66121561	0.50019007397472
66125951	0.500119232785346
66126941	0.501536162015034
66137761	0.501424264649361
66143081	0.506271632187058
66144260	0.500172241308534
66148521	0.501082851830385
66151391	0.5001501586617
66153961	0.521613308167197
66155660	0.500194937005281
66156830	0.500116018978575
66158581	0.500257766937958
66159930	0.500737096065122
66161450	0.500308126191891
66162390	0.503893224577842
66162561	0.500162788329394
66164311	0.50014595093876
66167181	0.500201080121769
66167941	0.500309553592895
66170101	0.502746606770275
66171510	0.502477059488515
66172800	0.500398819079642
66174311	0.502077988489957
66178291	0.500144803547284
66179760	0.500290876810874
66180451	0.500142340705769
66185550	0.500130552585433
66185831	0.501796658087425
66192450	0.500204375203145
66194380	0.500127350316524
66194670	0.500144322519595
66197061	0.500757615581083
66197181	0.500327537553437
66197830	0.50012821545717
66200161	0.500341438608905
66200221	0.500335262399578
66202680	0.500223257728288
66205550	0.500159775102669
66209700	0.500667108866343
66209811	0.500145138335245
66215840	0.50012902783079
66216711	0.500188175663711
66220921	0.50029587340059
66223261	0.50028915170484
66223551	0.500153419491339
66228410	0.504301033748172
66236540	0.500420107491865
66239171	0.500200307325148
66243030	0.500233698050411
66244380	0.500137864095176
66245191	0.500143927055147
66245370	0.500344886920125
66248641	0.501998912621906
66249051	0.500175457795471
66252510	0.500679396014875
66254670	0.50022390783895
66255490	0.502756488196
66257821	0.500160385336849
66257890	0.500132366172059
66260870	0.500522466413862
66262501	0.500145097569754
66266660	0.50036324140213
66268291	0.500316780587985
66269060	0.500377041877734
66276301	0.500410284155204
66277411	0.50027796459888
66279341	0.500248361966146
66281271	0.500166688172492
66282441	0.500220713853725
66284380	0.500350553160466
66285080	0.500276118457438
66286190	0.500563773869719
66289811	0.50011350267417
66292160	0.502616966951013
66296020	0.500176425891821
66303560	0.503990004557653
66305191	0.500318282918847
66313031	0.50021973403562
66314380	0.511100714266614
66315131	0.500518292517106
66315951	0.500151166218394
66319811	0.500190011843508
66321451	0.500248231512913
66321801	0.500376558927762
66323620	0.500157228796331
66323791	0.500443996030094
66327941	0.572165652025362
66329231	0.500501145573857
66330050	0.501356932069861
66338240	0.50011415365879
66351571	0.544503128638834
66353321	0.503932634022885
66354380	0.500583252901879
66357121	0.500183029359016
66365951	0.500260531793488
66368471	0.500575129154384
66375900	0.501439946845541
66378121	0.500431962981019
66378291	0.501966506817185
66384141	0.500127260748984
66388351	0.500174398910161
66389641	0.500367792882444
66394551	0.501934528345284
66395251	0.500177697393579
66396020	0.502244641944172
66396780	0.500247793381329
66400460	0.500124423811214
66404431	0.500153712129885
66405670	0.50011307795831
66408291	0.500313671665826
66412911	0.500752908379939
66415550	0.500425437668862
66415610	0.500126866148809
66418940	0.500237739683505
66424380	0.500116016053102
66428710	0.500119651432235
66430170	0.500917454764187
66432040	0.50014298891279
66437361	0.500226141544959
66438010	0.500184107093892
66439410	0.500132350198675
66440051	0.500151519746049
66441041	0.500537397337053
66442741	0.501615763510341
66445491	0.500297368119271
66447771	0.500395615941635
66449060	0.501659688169938
66453970	0.500305832785452
66457250	0.500223431984657
66458881	0.5002120583458
66459521	0.500177334678669
66459931	0.500695142796535
66462450	0.500689615810137
66464141	0.500951081701921
66465311	0.500139874715799
66465371	0.502129297904257
66470990	0.500107119910743
66474321	0.500113003353567
66477830	0.50019701253307
66481810	0.500499956531
66482160	0.500164188942197
66487831	0.500304356668322
66491170	0.500170748725551
66493040	0.50018264989057
66493561	0.501342655495768
66495320	0.500125549548861
66495841	0.500223978908711
66496661	0.50998553995311
66497600	0.503003269236274
66500811	0.500197591557813
66504381	0.502773952722177
66507950	0.500190389311895
66508351	0.500159622566376
66508830	0.500487570181826
66511161	0.500167117657837
66520871	0.500181599033456
66520931	0.500150889745122
66521631	0.500231649701192
66521870	0.500150770673098
66522211	0.500136291838009
66522451	0.500129802515037
66524790	0.500243722267277
66527890	0.500175143842469
66528061	0.500261478024869
66528070	0.500639859092919
66530931	0.552344594953551
66530990	0.500125266806667
66533561	0.500627259981586
66533740	0.503717055295183
66535021	0.500277008420271
66548121	0.50039493090711
66553390	0.502089858253658
66554440	0.504288821316428
66555730	0.500156964974312
66558121	0.513218467689563
66558241	0.500130195743009
66558890	0.500292450907794
66559650	0.501448808573997
66561281	0.501691777800223
66564500	0.500134187253639
66568360	0.500326206565594
66568480	0.500390322340601
66568941	0.500135491102965
66576200	0.500128198840191
66578480	0.500269625205892
66582340	0.503118101272564
66586721	0.500363519891174
66587190	0.500139579007176
66596610	0.500553087154339
66611110	0.500117710618842
66616610	0.501519543361117
66617831	0.502697031635771
66618130	0.500195193495446
66619061	0.500877508670039
66619411	0.500160667732391
66623740	0.50026731612922
66627370	0.500491949359601
66635850	0.502017233544049
66639471	0.500146022460378
66641161	0.500125332632268
66646080	0.500719622204076
66646311	0.500159869011333
66649360	0.50016695708143
66650171	0.50011465616818
66650811	0.501122059049913
66653501	0.50013148478516
66656080	0.500645615628109
66660760	0.501412788478472
66660820	0.500113399779873
66661870	0.506168662169292
66665841	0.501024475655586
66667250	0.500125429803979
66669240	0.500216247894693
66670231	0.557958694906244
66671691	0.500126381147038
66675201	0.500595966572133
66676601	0.502412878018891
66679940	0.503149465399642
66680700	0.500160013485578
66682220	0.500173168725972
66682571	0.500122679883681
66683160	0.500176982593963
66683860	0.500884846559106
66684680	0.500331008371635
66684740	0.500148684934664
66687951	0.500145631587536
66690931	0.541819333264068
66693390	0.500625656192167
66694671	0.500126249582663
66695790	0.500129844462443
66696550	0.500194836946849
66698250	0.500112737097071
66703911	0.500133245550044
66709001	0.500125440331879
66712221	0.500253302779965
66712921	0.500867567904323
66714151	0.500146207558779
66715730	0.500335982991206
66716021	0.501023515586513
66716081	0.50010535935065
66717020	0.500151373782372
66723860	0.500200524543449
66724620	0.5002976865671
66727080	0.50016339611384
66729830	0.500387264007929
66730461	0.500239380874933
66732451	0.500143297652089
66734210	0.500207994913315
66735500	0.52798683607792
66736251	0.500157525636006
66737660	0.50014018648952
66737840	0.500147208303971
66747020	0.516752901497415
66747780	0.509077845770956
66751290	0.500266514976639
66752520	0.500133337677613
66758361	0.500485837107711
66760291	0.595157521646001
66763980	0.500148089084428
66764740	0.50019454926382
66764851	0.500112595961301
66770760	0.500532277383408
66770940	0.500127823265154
66771811	0.500235163673995
66772170	0.505897126084403
66772981	0.500200875572093
66776380	0.500322308287023
66777900	0.500215134536973
66780111	0.500157197630392
66780171	0.500143553966261
66780521	0.501068419014148
66781580	0.500154170041132
66785790	0.500127004124232
66787140	0.501166209088221
66787370	0.500162924950635
66787550	0.503298517920955
66790111	0.500323211898402
66792861	0.500141376585945
66796030	0.500377964765135
66802631	0.500158252783869
66804330	0.500149173851949
66806200	0.500122777138732
66808250	0.500208108244069
66808301	0.502039572505748
66809710	0.500129574381239
66813211	0.500209088177504
66815440	0.500417966043269
66818310	0.501360438171757
66819420	0.500131067372563
66822101	0.500243915293405
66822750	0.500138849935559
66825671	0.502110080935043
66827311	0.501150829532613
66828651	0.500619026345388
66830820	0.500170399113357
66832340	0.500809072295201
66832870	0.501107211350437
66832981	0.50011956808586
66834860	0.500590952567675
66835261	0.500159634790434
66839531	0.500129269691941
66840530	0.50038931342478
66841820	0.500309571733274
66843980	0.500172171475268
66849300	0.500129197165117
66851640	0.500145449436781
66853331	0.500593273145875
66855201	0.500131956067924
66857200	0.500287284351904
66859411	0.500107088882965
66861341	0.500227346675853
66862511	0.500380425928554
66866320	0.500167013126357
66868950	0.500406886657098
66883340	0.500489358479236
66887020	0.500150912394869
66888720	0.500854150776669
66889881	0.500127910313261
66890701	0.500166584132303
66892400	0.501225429306382
66893980	0.500165303622935
66895680	0.500373191711078
66896491	0.511214536875696
66896611	0.500125179743179
66896961	0.500768474706581
66900231	0.501396155891799
66903750	0.500257291625093
66905441	0.500122095091775
66906850	0.500153592398921
66907200	0.500150075881025
66908131	0.500285270898319
66910940	0.500424384158229
66911231	0.500307671956852
66913511	0.500610566133226
66915330	0.500179949967725
66916260	0.500125533734898
66917191	0.500273853452905
66918720	0.500226972442014
66930240	0.50019290670683
66931991	0.500150162103875
66933280	0.500118295918786
66936201	0.500548235150771
66936551	0.500355180411313
66937661	0.500116945505942
66938020	0.510525437973124
66939360	0.510739110601343
66940411	0.500224776062106
66944800	0.500512499033351
66948541	0.50078158582938
66951530	0.500679454520706
66955910	0.500319838438264
66957490	0.500472415397308
66959881	0.50014506882967
66960701	0.500305606835743
66963391	0.500141600128312
66964450	0.501084196820102
66965740	0.500341825699358
66968840	0.500117038091479
66976671	0.520411808487796
66979250	0.500154626696532
66981231	0.500184253757814
66982221	0.512754605423018
66983280	0.500150314591475
66984971	0.502181637849462
66996551	0.500120743579201
66997251	0.500138726613529
66997311	0.50030777636622
66997431	0.501454811842078
67001180	0.500185574331464
67006380	0.500331778916869
67007311	0.500560335075603
67011760	0.500478069721828
67013870	0.500495888285248
67014220	0.500145700292203
67018011	0.500863592383609
67018481	0.50047035803471
67019480	0.500152035907877
67022290	0.500139822825887
67023750	0.503482971519473
67029890	0.500116190460284
67030710	0.500105772223368
67035321	0.509517218931043
67036500	0.500151282763939
67037661	0.500511433229023
67039771	0.500118676342342
67039950	0.500183341225625
67044271	0.500177474639525
67044331	0.500585147464063
67044920	0.500227371071126
67050531	0.500369058922503
67050941	0.500155555239734
67051880	0.500126700106006
67052111	0.502170191986432
67056850	0.50010772776549
67059190	0.500834745965096
67062000	0.500129313099866
67063101	0.5007452829208
67066850	0.50014217926538
67066910	0.500492133023924
67069600	0.500120355228819
67081650	0.500360048660327
67083050	0.500174352317899
67085731	0.500138753466757
67086381	0.500181625631818
67087081	0.500127873724225
67088251	0.500319296064109
67089890	0.500336478609069
67090591	0.500166099457148
67090650	0.500159029594201
67091240	0.500585179584196
67091820	0.500131832840695
67094160	0.500272874814294
67094340	0.501202196987189
67098481	0.500252135472391
67100591	0.500214616390852
67102820	0.506514206439684
67103511	0.504204429186058
67108080	0.501360988098801
67110241	0.508450801679251
67110360	0.500279315350958
67113631	0.500149148076129
67115270	0.500270337358421
67115791	0.500172289819608
67116210	0.500706314562008
67116850	0.500138541035666
67117841	0.500151325515358
67119071	0.500151844866385
67119651	0.500782360523945
67121120	0.520511690672605
67124621	0.500141677045991
67124690	0.500133367883705
67124920	0.500166480500806
67127781	0.500143618400722
67129190	0.500177002691786
67131701	0.500280938843377
67134041	0.500143505409837
67141761	0.505668848507658
67145911	0.500225737531834
67150130	0.50015465508444
67152060	0.501015739248795
67157201	0.500158305232569
67158251	0.500121077797938
67160121	0.500485858602034
67162000	0.500336130154235
67173520	0.50292211815841
67176441	0.500130321288805
67182521	0.500181721325499
67183050	0.50016241223841
67183631	0.500300213293434
67183810	0.500309404201767
67185510	0.501101592810507
67186731	0.546326133747318
67188080	0.500120813412393
67189071	0.500156622430449
67190821	0.500255912091393
67194690	0.525379918733044
67195501	0.500412364450335
67197781	0.500143344159159
67201530	0.500172802509386
67205510	0.500134888275291
67210950	0.500181368695571
67213810	0.500368452129952
67214400	0.500122151477647
67216031	0.500316165660774
67216150	0.500124386841744
67216740	0.500197754757064
67218721	0.500338094759235
67219430	0.500168609271936
67221291	0.500351011588805
67225040	0.500167826733944
67225390	0.511536730425842
67225740	0.500174068148882
67230830	0.500384094830324
67230881	0.500258138461928
67233981	0.500177242819673
67240600	0.500181638185246
67250420	0.500113989129665
67251650	0.500157051510522
67255040	0.500129362186754
67257141	0.500165027800021
67257500	0.500143696261938
67262231	0.505368253594143
67271061	0.50637024260824
67272000	0.506416409382125
67275100	0.500142087145074
67275151	0.500131318278228
67277961	0.500507929297184
67281411	0.500134551078929
67284571	0.500205248765564
67285681	0.500148688438584
67288081	0.500263872089411
67288610	0.500264774837667
67289131	0.500156109102862
67292350	0.500185902266076
67293811	0.50016440978751
67293981	0.500754467353199
67296151	0.50045816260422
67298610	0.500162931336454
67298960	0.500271242502233
67299370	0.50015306544486
67300420	0.5001647805309
67301701	0.500133988646116
67303700	0.501057173508169
67305271	0.5001290914283
67306091	0.500118048761238
67308721	0.502563033520962
67309490	0.504334288100865
67309951	0.500224420738261
67310941	0.502250751068118
67316040	0.500795945311492
67317380	0.500122701443811
67318260	0.501761779318057
67318900	0.505151724458186
67320250	0.500140305642066
67320660	0.501403861070067
67321821	0.500368650556023
67322111	0.500128141391155
67323461	0.500688067813894
67324861	0.500330059875437
67325100	0.500164674059461
67326151	0.500180262364413
67326970	0.502736396710496
67327150	0.500131944083051
67329891	0.500195208711375
67329951	0.502737699359774
67331351	0.505033013092058
67338260	0.500564173976243
67348200	0.500121240186933
67349140	0.500126688536758
67353811	0.500691325167427
67353871	0.502679832238286
67355160	0.500180690934005
67355271	0.500160886098939
67360241	0.500129305543992
67361761	0.500146074802888
67364110	0.500126904390161
67364631	0.500181260884517
67366851	0.500150140915512
67367210	0.500204525927555
67368491	0.500138419780815
67374511	0.504822783873303
67378960	0.500149848951585
67379831	0.500176176462387
67381010	0.500248317521001
67382931	0.500120972663784
67383930	0.500201504744633
67385980	0.500757963243635
67386800	0.501722860716408
67387381	0.502628715825964
67391420	0.500321252665428
67394460	0.500266637758854
67396151	0.500270275034435
67397090	0.500173778060865
67401650	0.50012883205196
67401710	0.500117418524749
67401941	0.500210162037476
67402180	0.500148159452984
67402940	0.500189158086305
67404750	0.500178498305769
67406441	0.500277911050349
67409900	0.501017070202108
67410071	0.50020135006635
67410190	0.50039193568495
67413171	0.504337631975731
67413230	0.500143911847587
67419661	0.501264099906971
67419960	0.500330642376532
67421650	0.502465228984797
67422231	0.500376081859797
67423461	0.502128071557357
67423751	0.501355490087319
67423871	0.500132391183959
67425630	0.500329701218626
67427560	0.50017612112492
67427961	0.500124201108483
67429541	0.500260898870077
67432820	0.500126997852063
67433000	0.501106965490762
67434161	0.500139376227141
67436450	0.500130494312013
67438021	0.51076231897431
67440241	0.500184384983952
67440370	0.500166177242874
67447210	0.500618762364093
67448201	0.501880918166348
67450370	0.500982352696631
67450421	0.500173728397353
67451651	0.500136139951537
67451770	0.500151213432808
67452120	0.500255546025942
67453410	0.50013121729544
67457731	0.500145645516499
67460301	0.500815033917269
67461241	0.500544107917654
67464990	0.500208519991278
67471540	0.500148947914232
67472231	0.500137672418458
67473931	0.500127150654615
67475690	0.500148978838884
67476160	0.500259861473153
67480190	0.500141099847656
67484050	0.50130533027432
67487210	0.500206924067777
67488030	0.504983679680673
67489550	0.500163584417519
67497330	0.501265214001375
67501061	0.500124481919508
67504050	0.501800237863996
67511130	0.500657172771932
67511950	0.500165773733025
67512710	0.500189077649993
67516510	0.500139534621655
67521190	0.500170129684003
67521770	0.500616242007442
67522710	0.500167959106585
67524930	0.500332284105691
67530250	0.500207757363346
67532351	0.50017548288633
67533000	0.500205474396114
67537851	0.501150138832093
67538961	0.500509060574724
67539431	0.500250725574873
67540481	0.500981525288685
67540891	0.500132703099047
67541711	0.500154887009502
67542351	0.500303703622448
67543350	0.500132615475753
67545690	0.500141935717873
67553120	0.500837443728807
67553700	0.500187977019711
67555810	0.500128612488056
67560421	0.500176685357893
67565981	0.500234982510597
67566151	0.50013017763132
67566741	0.501159658039068
67568961	0.500131666778749
67569431	0.50613250877561
67570430	0.500295428977012
67580720	0.50014263746751
67580780	0.508551212891458
67580831	0.500313593155033
67584290	0.500187387454149
67584631	0.50019359969448
67587210	0.500184651627623
67590071	0.500122970526092
67593060	0.502079281559145
67597040	0.500141498499287
67599841	0.500124424227938
67602360	0.500117526505487
67609081	0.5005162950089
67609311	0.501739412128204
67609550	0.501207370213065
67611941	0.500242336764935
67612360	0.500357414607596
67619730	0.500809659146092
67622181	0.500460169759015
67622941	0.50020741653551
67624290	0.510756437641315
67626510	0.500141093793205
67630720	0.501292123453579
67632061	0.500141991967432
67632710	0.500478534570042
67632770	0.500331544250713
67634111	0.500446743433093
67635101	0.500403698293841
67636271	0.500138059214466
67638611	0.500175727551519
67639960	0.500185252282364
67643991	0.500179829622186
67644751	0.500148955397514
67645110	0.500135739949124
67649670	0.500141417225803
67652710	0.500194462503992
67655981	0.500162010570431
67657270	0.500620972938704
67658090	0.502651525565573
67660140	0.501605571464497
67661540	0.500269545242185
67664000	0.502401704461036
67664410	0.500389099448305
67665810	0.500117230995732
67668560	0.500287290917015
67669141	0.50012316658763
67669730	0.500398866253619
67669901	0.500179141363482
67671361	0.500762729579636
67671651	0.500248537600949
67671890	0.500252107697195
67675050	0.500294363958195
67675221	0.500159409559596
67676741	0.500503275628668
67677680	0.504759191553554
67678201	0.500127240172609
67679721	0.500279047646652
67684350	0.500185956676928
67685460	0.500253546209818
67687151	0.50329087401118
67688910	0.500398347028397
67691771	0.500191858512398
67693171	0.500145265509597
67700661	0.500111379058422
67702070	0.501000330681633
67706331	0.50060464964795
67706750	0.500113019203289
67707680	0.500585235783417
67711421	0.500225647376824
67712890	0.501643840798384
67717441	0.500130939772968
67717791	0.500271171600514
67728671	0.500122410788188
67730780	0.500795211705463
67732471	0.504891612826339
67734000	0.500143630186462
67736340	0.50014248915751
67736570	0.500148884179678
67741310	0.50050302574885
67741361	0.501171780021278
67742540	0.500169019073467
67742941	0.500199988706098
67747441	0.500168952083324
67747791	0.502100834757356
67748671	0.500236626003749
67753001	0.529243128616897
67753291	0.500278023547798
67756220	0.500127815717153
67756801	0.506618345929269
67758611	0.500470470960013
67760780	0.50028314774801
67761950	0.500454647776389
67764700	0.5001141768237
67765990	0.508360839400897
67767740	0.500154559643208
67768270	0.500139210337985
67772010	0.500218520338255
67773650	0.500122196823955
67774991	0.500128025787522
67777160	0.500140837767202
67778620	0.500162838921997
67779491	0.500276283216016
67785460	0.500507561955131
67786331	0.500202304324366
67786750	0.500226785320248
67786861	0.500142431971943
67794871	0.500154734117381
67797570	0.501333599828408
67798851	0.500377489944772
67800251	0.500189427881204
67802241	0.500186973098783
67803991	0.500137849970381
67804290	0.500129684337502
67805460	0.500132412737369
67809901	0.500125077175284
67812830	0.50020032497849
67818560	0.500247174806346
67819491	0.500126038502992
67820661	0.500146885493335
67825981	0.50172975407315
67826460	0.500145480370921
67826571	0.500247357580396
67826861	0.502026024003559
67831481	0.504065467286543
67831541	0.500125671292393
67838740	0.500177668538897
67840900	0.500174059088325
67843761	0.500721023034722
67844120	0.506353575640572
67844581	0.501089927201448
67845571	0.500183745064327
67846331	0.500234793524396
67852121	0.500115918535306
67852531	0.50176707246475
67854811	0.500201463814052
67856981	0.500133606393589
67864231	0.500218963991303
67865110	0.500166171863056
67866041	0.561892617744183
67869141	0.500206117332697
67869431	0.50120966022031
67871421	0.50019953976756
67876050	0.500200090148284
67878911	0.500115816251614
67880371	0.500131413835701
67881840	0.500158326332993
67889790	0.500117449583014
67891541	0.500135126800412
67892301	0.502552000546141
67892941	0.500236050671423
67893770	0.500244816649387
67896110	0.500349968607303
67898091	0.501792346318368
67899491	0.501754316022492
67901660	0.50011598993982
67902130	0.500134347261145
67907331	0.500450228812745
67908270	0.50012870671801
67908740	0.501188123268587
67910081	0.503375927350754
67912361	0.500241573965936
67915700	0.500285533863956
67916520	0.50014369438467
67923360	0.500178791501344
67924111	0.500129939558846
67924530	0.500131676414448
67936050	0.500150420960114
67939611	0.50013327183052
67940081	0.501564263806168
67942130	0.501456005348948
67946281	0.500242902209449
67953061	0.500137084106917
67954351	0.500182641262056
67956520	0.500328546208104
67956810	0.50016319106655
67957331	0.504538636724533
67961071	0.500407530818203
67961140	0.500128418809208
67966870	0.500121896741013
67968381	0.500125035460895
67974590	0.501302500146247
67975461	0.500295748582962
67976861	0.500639689315617
67979321	0.500269949210115
67979790	0.500296911879186
67982011	0.500126028962637
67982771	0.500313380781589
67984001	0.500140526642964
67985341	0.505614364443212
67987271	0.524940268179187
67992481	0.500163254252173
67993471	0.50032523676308
68001900	0.501199212028058
68004001	0.500152709665928
68015410	0.500322293429634
68017331	0.500150347008586
68017570	0.500591529741765
68019321	0.500400267426557
68020431	0.500146944847019
68021840	0.500120904763589
68026520	0.500402371789255
68029031	0.500512351864096
68029201	0.500176602188581
68029671	0.500205882722481
68029731	0.500119641847183
68030551	0.500849846860675
68030721	0.50012615768533
68032071	0.500700656262045
68033420	0.501248481572291
68033941	0.500123020791732
68034060	0.500169285449977
68034171	0.500165606209828
68037980	0.500172866172698
68039270	0.50013068062768
68039671	0.500199041079955
68042540	0.500208596689984
68044641	0.502152563650184
68045401	0.500184465374912
68045820	0.50011762128383
68046050	0.500142569033917
68047741	0.502659076969366
68049791	0.500157029851224
68050021	0.500278136349099
68053241	0.500132451541672
68054880	0.500114229008823
68055060	0.50065825517974
68055230	0.500140053103674
68060320	0.500163145674784
68060440	0.500650965506163
68061891	0.500127368453001
68065581	0.500364992944339
68065760	0.500628225387829
68070431	0.500286814902955
68075410	0.500229635918033
68078160	0.500214769652477
68078501	0.501080415718614
68083061	0.500168235363897
68084880	0.500780638103746
68085521	0.500146786337147
68089740	0.502414265152409
68093600	0.502140176598861
68095111	0.500219871238056
68095231	0.535903374323989
68101191	0.508905403570464
68105120	0.50022864709132
68107050	0.500142301869039
68107101	0.500184515375079
68109031	0.500139847216676
68109620	0.501184519777166
68110440	0.500561671513313
68110790	0.500131851463721
68114291	0.500760891642459
68114351	0.500600741776629
68117451	0.500241471112534
68120491	0.500140485632428
68120841	0.500264985999751
68123941	0.500146782249016
68131550	0.500185032484081
68133711	0.500798841523089
68135530	0.500143725019519
68135820	0.500165479543701
68136051	0.500345160663658
68136691	0.500385007891376
68139740	0.500175438546398
68143480	0.500138759603451
68144590	0.500148443507504
68146170	0.501724137625975
68150431	0.500717084981477
68155410	0.500856716504035
68160431	0.504443879013509
68167571	0.500591250330037
68168971	0.500211561076154
68170491	0.500288541385384
68172421	0.500154768933319
68175461	0.500821519582159
68177870	0.500268458599567
68182191	0.507518439944159
68183480	0.500136990880502
68184420	0.502352571625796
68185521	0.607060834814872
68197921	0.500329668054038
68199970	0.500262812709157
68201251	0.500141114440919
68201550	0.502644254260875
68202660	0.500337646978354
68208211	0.500153777859082
68208450	0.500143951317699
68208510	0.500661587508128
68209321	0.500241186600065
68211380	0.501256217347037
68214001	0.500304746263028
68214420	0.500129376509954
68221081	0.500123808583479
68222080	0.500188012108845
68225120	0.500181928878721
68226811	0.500426718892603
68227281	0.500876070082676
68228220	0.500124880512373
68233070	0.500469626021642
68234121	0.50057957025487
68234710	0.500257460547004
68237281	0.500547684635866
68240141	0.500595130808312
68240150	0.500336624384311
68245521	0.500587085091611
68245940	0.500281545129053
68248271	0.500307663074425
68248801	0.500562245268729
68250620	0.500120319098382
68250901	0.500175206712373
68251371	0.500138112118241
68252080	0.500286189938072
68257281	0.500135669175117
68259211	0.500229242320011
68259620	0.500324963226047
68261200	0.500551374531295
68262080	0.500165519999787
68263250	0.500919565496077
68263540	0.500128262461406
68265880	0.500280752601613
68267981	0.500161409370043
68269031	0.503111750805189
68269501	0.500141184974826
68269791	0.500148787451963
68275231	0.500198544031071
68277161	0.510050788887606
68277921	0.500181205279055
68281320	0.500156410528775
68287750	0.500406698245879
68289381	0.500112620130935
68290791	0.501572684041821
68293190	0.500235706239754
68293651	0.500743205600435
68294821	0.500152795147632
68299911	0.501144366177926
68300261	0.500256737413361
68306051	0.500270765548819
68307101	0.500144409027416
68311200	0.500299349323857
68313301	0.500438794256457
68317921	0.506562256539738
68319791	0.500760787253724
68322840	0.500507604227747
68325120	0.500113191369571
68325291	0.500136480174768
68330090	0.500198835017828
68335710	0.500655893941396
68336000	0.500491149577969
68340560	0.500269876591798
68353481	0.501121981603363
68356811	0.542107590537343
68358511	0.500191971674533
68359911	0.500426176127366
68359920	0.500317003642891
68361320	0.501223502332319
68365231	0.519813696034051
68366751	0.500142924670385
68367341	0.500923040768068
68369681	0.500355185993142
68370731	0.500626972150297
68379800	0.501283727280567
68380150	0.505053939850786
68381551	0.501156139773287
68383430	0.500335986185553
68386060	0.500305049226318
68386581	0.500871081225991
68388280	0.500228574069775
68394651	0.500188688799903
68395411	0.500437293496441
68404591	0.500968668169454
68405300	0.500270703259779
68408101	0.500131698787741
68411500	0.500329857717642
68412311	0.500602293059023
68412721	0.500326271325024
68414190	0.50042944253629
68414301	0.506971166212067
68417460	0.50204105652323
68420150	0.500140810559937
68422721	0.500767098056642
68430970	0.500144035814991
68434770	0.50101333845876
68436461	0.500418361406868
68437170	0.500213741566203
68437571	0.500149302041172
68438161	0.500566304454096
68438741	0.501976908737212
68440911	0.5001326942558
68454950	0.500687194040809
68459561	0.500331085388467
68459860	0.500131254663986
68464130	0.500302665063036
68464651	0.500258303667041
68466000	0.500141544098098
68467580	0.500125037204009
68469570	0.500160477186019
68475180	0.500533641495693
68476470	0.500331099681429
68479040	0.500459674973144
68479980	0.503412466080321
68482251	0.500250894275685
68485821	0.516462349165931
68486820	0.500265410181003
68487170	0.500871653817123
68487350	0.500152118421294
68487930	0.500669113941886
68489211	0.541539904628604
68490731	0.500152406537624
68491910	0.500116068063657
68493951	0.500190351851269
68501141	0.500173159464551
68502491	0.500745368277166
68505001	0.500899377720741
68505360	0.500307289879741
68506180	0.523293245573936
68509801	0.500448875499942
68510851	0.50016514433035
68514181	0.500902443751075
68514310	0.500139156892493
68530031	0.510921565307448
68531321	0.500153711002518
68532901	0.544595697258843
68533071	0.50017153645382
68542841	0.500180169166028
68543780	0.501082518210737
68548930	0.500266861713499
68551141	0.500235883291691
68560031	0.517914691977444
68560501	0.50012787212109
68562081	0.500315003771847
68566590	0.50013051914315
68568101	0.500974683803487
68569510	0.501120916327051
68570680	0.50018065818901
68571261	0.500259505746764
68571671	0.500122854156675
68573311	0.500141844278058
68575591	0.500195224050949
68575830	0.50404444121504
68577171	0.502765700681624
68577820	0.500272650396048
68579280	0.500167373200264
68580270	0.500142699566679
68582141	0.570420823072572
68582670	0.500145194893457
68584421	0.500316201623357
68585471	0.500244200223443
68587461	0.500130906761389
68589101	0.500493138511768
68596590	0.500229048987305
68596701	0.500834896761361
68600091	0.500155636557865
68600740	0.500158883336192
68606171	0.585851467322401
68612491	0.500137796550801
68614651	0.501398562637634
68614660	0.500153328945001
68615070	0.500421040334411
68615411	0.500324959329784
68620971	0.500516156110489
68622781	0.509158055468529
68623780	0.501226459227437
68623951	0.500491501694684
68631961	0.500197811871081
68634310	0.500128992383015
68634950	0.502742983824654
68638571	0.500203051079946
68643721	0.500215554812568
68651441	0.500136899040733
68652141	0.500400904402214
68653200	0.502502947339309
68654310	0.500134518850559
68656471	0.50036886357794
68659980	0.500137087146615
68660040	0.501361445442084
68662090	0.500398518073909
68662551	0.500167596310941
68665531	0.500382047454941
68667991	0.500869683470098
68670450	0.500525952121401
68671261	0.500143701920333
68672320	0.570548748471861
68673140	0.500148032354683
68674831	0.500558105012836
68675181	0.500137630446137
68679630	0.500159555728122
68680211	0.500130462189956
68683900	0.500121252174242
68687461	0.500455275061669
68687530	0.500261404004802
68687760	0.500256302365406
68688631	0.500195657351145
68688751	0.500155182524159
68689750	0.504024669541961
68689980	0.500148568571271
68695471	0.500121850824438
68695591	0.500114922354147
68698110	0.500118456264943
68698691	0.500124309369842
68699400	0.500253527742327
68701330	0.5021557797129
68712841	0.500196736849533
68718571	0.500286441356453
68718990	0.500148410342472
68719280	0.500617283475703
68720390	0.500120021401075
68724771	0.50017301812415
68726240	0.500156774664205
68727461	0.500371467915288
68728290	0.500630937384234
68728691	0.500168696368953
68730741	0.500134263467652
68737231	0.500897587498327
68737880	0.501153643917034
68738290	0.500343710544235
68741330	0.500134329237584
68743431	0.500157950635149
68748401	0.5001355126274
68751270	0.500556194772118
68753601	0.501107348788761
68757641	0.500423676458545
68760391	0.50015943285081
68762201	0.500148527561412
68764080	0.500281940602984
68765660	0.500132637568858
68766531	0.500399792799001
68767461	0.500140877035961
68767581	0.500130846724243
68774421	0.500140119133113
68779110	0.500173384553103
68784601	0.500144339980264
68801800	0.500654042960562
68817931	0.500918149271609
68824550	0.500501077326887
68828580	0.500448128295874
68831971	0.50084694138998
68840510	0.503457244661247
68841441	0.501168897209604
68842910	0.500278064110381
68854020	0.500668350831058
68854071	0.501387998144607
68856181	0.501655850231564
68859921	0.501164713273935
68873200	0.502132486045064
68873491	0.50106318579979
68876181	0.500401407640271
68887581	0.500543749577494
68888111	0.500298873842789
68890980	0.501714720831658
68893901	0.500340149148199
68895720	0.500131491591808
68899981	0.500124983016558
68900160	0.612399601543256
68904430	0.5002421617176
68908760	0.500281307623338
68909170	0.500708402619109
68918111	0.50012715312505
68929571	0.50012584290383
68929640	0.500360880217696
68930271	0.500146960887388
68932620	0.500163456449858
68934960	0.500199082729388
68945660	0.500642267996156
68950101	0.500407935438297
68952611	0.500495169158872
68956070	0.555038794503269
68957710	0.500172221576685
68958410	0.501706277148877
68959460	0.500172113166208
68961510	0.50061762026751
68965660	0.502915873908317
68972270	0.500132576971721
68974430	0.500903058661798
68976770	0.500161360547499
68977360	0.500409746667986
68978060	0.50039322735077
68980400	0.503005717362166
68982031	0.500111171424133
68982150	0.500473559678072
68986070	0.500369173464799
68987650	0.500133845029272
68990050	0.500145675607984
68992740	0.502797559045697
68993380	0.500135695332747
69001501	0.500146230519055
69002671	0.501002525784186
69003910	0.500174598259662
69004191	0.500106596256749
69006190	0.501489115627191
69011510	0.500168306071468
69012851	0.500691637864127
69015660	0.500152786625627
69024840	0.500154825802728
69026420	0.500123178764529
69027590	0.500319389649729
69029751	0.500127967694252
69031100	0.500289998276937
69031331	0.504137260883876
69033380	0.514493987950982
69033901	0.50016996356508
69035310	0.500133131500317
69035490	0.500239921757101
69037010	0.500157710958571
69037121	0.502586967011036
69039461	0.500117593647762
69041980	0.500107881387018
69048991	0.502362656649862
69049051	0.500159753537536
69050041	0.500528431366694
69050511	0.500187871306538
69050690	0.502715133929423
69051510	0.50056750439481
69058470	0.500498754885003
69059230	0.500159968608605
69059631	0.500211759183936
69063081	0.500212508622764
69070801	0.500134726435818
69070921	0.500559761110953
69073961	0.500204799857526
69075011	0.500139825411503
69075430	0.500701798083588
69076480	0.50015162372929
69076950	0.50013807971065
69077061	0.500400547756162
69077121	0.500249380196782
69078940	0.500131474011954
69081271	0.503349015462382
69083150	0.50028877937851
69083321	0.500160323019762
69086181	0.500196330471546
69088291	0.505516851315385
69088940	0.500212306157747
69089341	0.500768066175257
69089811	0.500171719207393
69092031	0.500114890051842
69092740	0.500206841349847
69104730	0.500128736426085
69109811	0.500365656055483
69110221	0.500494994238901
69116651	0.502299641080744
69117471	0.500147575037827
69123620	0.500126593335862
69124320	0.50015196275924
69126720	0.500212710326545
69130520	0.500565785490388
69131681	0.500768311707487
69139401	0.500127745031271
69140460	0.500497617988418
69141340	0.500149659865014
69141630	0.500278396447704
69141690	0.533987958164542
69146600	0.500160374542292
69152381	0.505501358661349
69152851	0.500262765167087
69156310	0.501297210894157
69157121	0.500158996710613
69158641	0.500860782581985
69160110	0.500597444622007
69160631	0.500351373746886
69160810	0.500785424494285
69163141	0.500248860959882
69169410	0.50014897717639
69175601	0.500178963809656
69176301	0.500163387954361
69177770	0.500666671706295
69178530	0.500183052095091
69180170	0.511480366159663
69180400	0.500172709224955
69184021	0.500173476823196
69184030	0.500115417767167
69186651	0.50013234849627
69189700	0.500148919152489
69191101	0.503313859282858
69195541	0.50062067511608
69197830	0.500683233839462
69202740	0.500197359706725
69205891	0.500146771815431
69208530	0.500141380863974
69213970	0.500408232146616
69214721	0.5001475875691
69220981	0.502069947616693
69221920	0.503501141363069
69223620	0.500501738441521
69226660	0.500132040401546
69226950	0.500296152231629
69227591	0.500154417687375
69230511	0.500108786746989
69235601	0.500347875636772
69237130	0.500180007682841
69243321	0.50022472992279
69244260	0.500156066060393
69245541	0.500230344100483
69246771	0.501013069732998
69247420	0.503395659244363
69248590	0.500134321519708
69248880	0.50012224587086
69248991	0.500127316847324
69250230	0.500147676714694
69250990	0.500145073958146
69255140	0.50422749366526
69255550	0.500138474900537
69258231	0.50017723306644
69259000	0.500484662113104
69259290	0.500275238925376
69260571	0.500184181207704
69263091	0.50295669242213
69264081	0.500151631355113
69267770	0.500835735547877
69268291	0.500198430380643
69268530	0.500145349080009
69269871	0.500310011912366
69273970	0.500287155154407
69276011	0.500117284966903
69276430	0.50382955311727
69277830	0.501333892741721
69280290	0.500235946412829
69281041	0.500138156712712
69281451	0.500598021357742
69283031	0.505381674432338
69284910	0.500132328194281
69287600	0.508320004721767
69290290	0.500160337640798
69291041	0.500146025302947
69291391	0.50059782586089
69295200	0.500228197913014
69295661	0.511584029619815
69296891	0.500195839048439
69297010	0.50013727029968
69299700	0.500152973719108
69307881	0.500114866570468
69308761	0.500135326767758
69308881	0.500129590888107
69310221	0.500246926870302
69310520	0.500135111735926
69310870	0.500157206503351
69311870	0.500501556534031
69312040	0.509112281760872
69312911	0.507151478501201
69314961	0.500208434346983
69317070	0.500324392308846
69318710	0.500122813330826
69323270	0.501608782285909
69324901	0.500682683562984
69325200	0.500569268576574
69326071	0.500137729114386
69330221	0.502202633167247
69332681	0.500273472396909
69333321	0.500708790536745
69340401	0.500393369537844
69341101	0.500120462879727
69341981	0.500677852916826
69343390	0.501790000577599
69347651	0.500779013693973
69348300	0.500225563361844
69351520	0.500149245512883
69352681	0.500280743788613
69353441	0.500146784774933
69354841	0.500238109932489
69356421	0.50350902814613
69358531	0.501133415253165
69362160	0.500416459533132
69362450	0.500138002350834
69366131	0.500122574520366
69368061	0.500286119780285
69368070	0.500131028041462
69368471	0.500252447298345
69373501	0.50202441844706
69373731	0.501082498741489
69373791	0.500175695566272
69378010	0.500303033906779
69380281	0.500316589848944
69381801	0.500174494931304
69387181	0.500412736162071
69390580	0.500157239153107
69392621	0.522317014580064
69392971	0.500145471954574
69395781	0.500267263628371
69398591	0.500137428302952
69402211	0.500130286430462
69403851	0.500166340583587
69412041	0.500133158566228
69413100	0.500299206594907
69415371	0.500371240427252
69415431	0.500201995974052
69416370	0.500114955896808
69419880	0.500221363226666
69420170	0.500118396579281
69422630	0.506111204618738
69423740	0.500161062653513
69427711	0.504323687525902
69434500	0.50012756954428
69440230	0.500118134185567
69440461	0.500630555669846
69441810	0.500235360894729
69441930	0.500201996067857
69445440	0.580836795593167
69447241	0.500242954478138
69447250	0.500189110198546
69447831	0.500129046579689
69449171	0.500129645317467
69449590	0.502413260478483
69449650	0.500175657927684
69450171	0.500250345071001
69450990	0.500170061815387
69452160	0.509361024994865
69453851	0.500131756070601
69458770	0.500604353328108
69460751	0.500119483289078
69463510	0.500134520854326
69465311	0.500223678300228
69470111	0.500188536599724
69471341	0.500117113566892
69472750	0.501662448869093
69475141	0.500182232639601
69477651	0.500115726817016
69478061	0.500867974004335
69478471	0.5002615219127
69478890	0.501141591017545
69479060	0.500301061659373
69479581	0.500581609381603
69491110	0.500136309336881
69495491	0.500627459844466
69498121	0.502741413049614
69499351	0.500781548169426
69511341	0.500892549477868
69523570	0.500306072592638
69526490	0.50648664433527
69535030	0.501104832376922
69535201	0.500132983262827
69538190	0.500143104872828
69540461	0.500165923208631
69540700	0.500838874351962
69540751	0.500153763995316
69543211	0.500178214360719
69546371	0.500222039187649
69553160	0.500454008397037
69557780	0.500263678847444
69560871	0.500119780742988
69563220	0.500125052116659
69563510	0.500119179926352
69566021	0.500177676979387
69568881	0.50092952048267
69570290	0.50030055323273
69572801	0.500119600500829
69575500	0.500768591124378
69575961	0.500594405250311
69580880	0.500497040281606
69582101	0.500184101377352
69582400	0.500127975118993
69584620	0.500657447610085
69586320	0.500218928924485
69588181	0.500434346750492
69588420	0.500110528663941
69588540	0.500349210981069
69588890	0.500133843838752
69589291	0.500135308519462
69591520	0.500122973524824
69607071	0.500335412245783
69607080	0.500121684078998
69612050	0.500143242624392
69612161	0.500128821852124
69614390	0.500125722230144
69620350	0.501029609381161
69621520	0.500372857683997
69621640	0.500852638539484
69621870	0.500226270044497
69621990	0.500246486608941
69622511	0.501709703367919
69622861	0.500147757295981
69624031	0.500161352346896
69625850	0.500436684850585
69628301	0.502887113727022
69630931	0.506302650493382
69632391	0.500326334034343
69634791	0.501202068407288
69639590	0.500198814733729
69641700	0.50027361246784
69644270	0.500496019065044
69645850	0.500171756688619
69646140	0.504300270850589
69647771	0.500131741146445
69649240	0.500136821870789
69649941	0.510511293063275
69656140	0.500112239540542
69657071	0.50047285271492
69662810	0.500135720329076
69669411	0.500267515364605
69670120	0.50079003559785
69670590	0.501204439158437
69672041	0.500145616814041
69674740	0.500231993599363
69678651	0.500168370234562
69680581	0.500140289590688
69683220	0.505366275748395
69685790	0.500157713055204
69690820	0.50044242086443
69690880	0.500122773002237
69693211	0.500198906435585
69694501	0.50030689294252
69697020	0.500140722342327
69699181	0.500115645102185
69699300	0.50033936439821
69702861	0.509206503188146
69706901	0.500199853107583
69710000	0.502139519843504
69712520	0.500327355541797
69713690	0.50587116559944
69714791	0.501278704630921
69719300	0.500453575497428
69721170	0.500312533897106
69721350	0.500145983180588
69721871	0.500550738065788
69722101	0.500847855302214
69722921	0.500191817546247
69723621	0.5001431209668
69725790	0.50075504830836
69728651	0.500180470148502
69728660	0.501765431166904
69729591	0.500111471416156
69729710	0.500118148429264
69729770	0.500537603899343
69732870	0.500135396111041
69734740	0.500383934382161
69736260	0.50211490315306
69739830	0.50062325530002
69741410	0.500177486962207
69746311	0.500149052603943
69746841	0.5001778682972
69751990	0.500129245172981
69755961	0.500128982014983
69756491	0.502136441356372
69757131	0.50056575726425
69760001	0.503976230972161
69769651	0.500288545653083
69770291	0.50143550016611
69771811	0.500909090316727
69775560	0.501685961158102
69777430	0.501073792355271
69779241	0.500369713479532
69780641	0.501702448792764
69781171	0.501223561290601
69787721	0.500407906515519
69790650	0.500188277595686
69798711	0.508405730057314
69801111	0.500125120493531
69802930	0.502658894627015
69806320	0.500147420014682
69806371	0.500129482576893
69807780	0.503393957861184
69807840	0.500132558613839
69808011	0.502829797727941
69808370	0.500117208819185
69808600	0.500164858528134
69808711	0.500383938001642
69811410	0.500190736832002
69817601	0.500156155023782
69818541	0.500148501834243
69818711	0.500184233770719
69818771	0.500757791774669
69819531	0.500154366451828
69820411	0.500178974399808
69821060	0.500180996443183
69822341	0.50013696197267
69823391	0.500128829851552
69825150	0.500177246365335
69827721	0.500124814399502
69829061	0.501572959822019
69829181	0.500119826269662
69829830	0.500269137070545
69830240	0.500170788879614
69830590	0.500612891110354
69830650	0.500373542104811
69830710	0.500116660320001
69832110	0.500191733848591
69833511	0.501491787421096
69838011	0.500133760867912
69838711	0.500149313695989
69841820	0.500143726155944
69844271	0.500174049985539
69844920	0.500144300977382
69845441	0.50088736540644
69846320	0.502419972025391
69846730	0.500131817672108
69849881	0.500399034800446
69850120	0.500255233089648
69850411	0.501382395707872
69850641	0.50013149434842
69850710	0.500116746143428
69851231	0.500137896282885
69851290	0.500255830110544
69860061	0.500366211190276
69863161	0.500406264739936
69863810	0.500185690987698
69863921	0.500178839568247
69864510	0.50351660107285
69865680	0.50013300911117
69865740	0.500134869264568
69870360	0.500183934135045
69871871	0.500149042872569
69871991	0.500150357561655
69872580	0.500134612776305
69872990	0.50133402115202
69875620	0.50050637025289
69880180	0.509861586486127
69880360	0.500134565409004
69882170	0.500469837189781
69882341	0.500159829915205
69884151	0.500164561252246
69885321	0.500173491046602
69887191	0.500438311629979
69888660	0.603979564731936
69888780	0.500155628387417
69889881	0.500771713016418
69891051	0.500139357105719
69891060	0.500164455198087
69892170	0.500122353788054
69892571	0.500123532683334
69892751	0.500156112562353
69893161	0.500124594216993
69893280	0.500133790191828
69893391	0.500114570024235
69893400	0.500160396789863
69893511	0.500180863245752
69894211	0.500610408042808
69896551	0.500170200568369
69897371	0.509108190655864
69897721	0.56711832673261
69898490	0.50016755482811
69903690	0.500889227652696
69904741	0.500137798721238
69904860	0.525482305721867
69906901	0.50049292533824
69908250	0.500582041388025
69908370	0.500128592698485
69909591	0.500192801388554
69910061	0.500280275100279
69912691	0.500150851334264
69913101	0.50014283946727
69913750	0.500433677918803
69913921	0.500151845195056
69919651	0.500161445705512
69921051	0.500116405245108
69922290	0.500128282331519
69923741	0.500118356728941
69924800	0.502207015729769
69925620	0.500218437324299
69926090	0.500870731905927
69930531	0.500464203089193
69932751	0.50021652623045
69934160	0.500119729735685
69934630	0.500187209911415
69934741	0.500203030600953
69935040	0.500147195533115
69935791	0.500156649844708
69935970	0.500141085431349
69936321	0.502304183892162
69941231	0.500206733480891
69943110	0.501016006900498
69943631	0.501513784287446
69944151	0.500138760617835
69945151	0.500115688113483
69945680	0.500402328069355
69948541	0.500177424304148
69950531	0.509551254473039
69951120	0.501565481759763
69951171	0.504751057503464
69952350	0.503288901173935
69953631	0.500860533319769
69954211	0.50012266566373
69956201	0.500337723030441
69956790	0.500123633771655
69957021	0.500772715992552
69958541	0.500177192754816
69960770	0.51337623997372
69964211	0.503375458846092
69965441	0.500200403360157
69965561	0.500269836795532
69966380	0.500298108918555
69968251	0.50079851900982
69969660	0.500177846503637
69970240	0.500119186643718
69971240	0.500283165905218
69971871	0.500409602167429
69975151	0.500134366639678
69976551	0.500160019181433
69976961	0.500121042917089
69977320	0.500120578828433
69977610	0.500240606894278
69977781	0.500150678251456
69979480	0.500202280840962
69982520	0.500177015811634
69985091	0.500173525902982
69985330	0.603166122491404
69986201	0.500365173132428
69987610	0.503581734219443
69989591	0.50013151829611
69990941	0.500130131573829
69991351	0.50194684796225
69992341	0.503934131020459
69996201	0.5001776384013
69997550	0.500180760171067
69998020	0.500368992690136
69998131	0.500118812383097
69998831	0.500119036839804
69999011	0.500175668323111
70001171	0.500766486860402
70003340	0.501574043982853
70003930	0.507629389379438
70007081	0.500380530126665
70011581	0.506664517989628
70012230	0.500117277226881
70012401	0.50022423537084
70013101	0.500952035182285
70014860	0.501273913576767
70014920	0.502644214647841
70016141	0.50011451819113
70022341	0.500581134822704
70024280	0.500187780414314
70024980	0.500135298653667
70025100	0.500178791152735
70032341	0.500245460584547
70033631	0.500120744579817
70035390	0.500590521023149
70036731	0.500944708782594
70037260	0.500176331739513
70040010	0.500143782682236
70040121	0.500156455056413
70042700	0.500120467532145
70046910	0.501120303531985
70047730	0.500207280906696
70048020	0.502543317615384
70051761	0.500311659099065
70052580	0.500134444948618
70054690	0.500122277244122
70055510	0.500108156228617
70055680	0.500471150124658
70060770	0.50086835869356
70064510	0.500627958796021
70064801	0.50012248544582
70066201	0.500130208430686
70067440	0.500131919312603
70069711	0.500125045574666
70072230	0.500288050850702
70073460	0.500255075433849
70075740	0.50021791356281
70078020	0.500367905275323
70079370	0.500216653819438
70084041	0.500119936097156
70084101	0.500135887674724
70089071	0.500152111111032
70092350	0.500146842455679
70093281	0.50011855805592
70097141	0.500923276142671
70098131	0.500137445568501
70098260	0.500273894254876
70098780	0.501364924083011
70103691	0.500419264450947
70105740	0.500943669131916
70106090	0.59251740452503
70106270	0.509690349341136
70110070	0.500400336142114
70110881	0.500120917451407
70112120	0.500157004070755
70117611	0.500206548953906
70117790	0.500312229743753
70119301	0.500127314703148
70120480	0.500171266507235
70120890	0.500166928950909
70122350	0.500147517720565
70122640	0.500142971787718
70123580	0.500222065539401
70127841	0.500728518490656
70129771	0.501608083864266
70131641	0.501890990056113
70137781	0.500191300641849
70138260	0.500234756272657
70139301	0.501190069877682
70139720	0.500209994344605
70140121	0.500331108143192
70140420	0.500394337955323
70142871	0.500161718404115
70143580	0.500339995427208
70145100	0.50050312711178
70146150	0.500159601478133
70148960	0.500458209468884
70150360	0.500233645350376
70150471	0.50017749036032
70150941	0.500362351925726
70151300	0.500297197999424
70154571	0.50036693982772
70155211	0.500299284634721
70155911	0.500328613384319
70162350	0.501030544488835
70162641	0.500515156249422
70163281	0.500246346327815
70166381	0.500127961972047
70168670	0.501145796863543
70169250	0.5062953706673
70169771	0.500211791424182
70173221	0.50019104635052
70173341	0.500172555837001
70173401	0.500116844148412
70178191	0.50014534806711
70180361	0.500885880643247
70180600	0.500602711124065
70185100	0.501067689178891
70185390	0.500527934541435
70187841	0.500247084029177
70187910	0.5001151468707
70189421	0.500571372259402
70194161	0.500138691405652
70194391	0.500190552334229
70197901	0.500727761831986
70198200	0.500144037038031
70199011	0.500233534523277
70200540	0.500133275592356
70201881	0.500253715000974
70203981	0.51055623939496
70206970	0.500190426137738
70207090	0.500251374927082
70209080	0.547065548524677
70212291	0.50011863696987
70212350	0.500817919132919
70219660	0.500197320353568
70221351	0.500378938483177
70222180	0.500141017928236
70222231	0.500114889540953
70222350	0.505638072437205
70222461	0.500131130753267
70229310	0.500138285794563
70230301	0.500359076070334
70233990	0.50017780261882
70234041	0.5003780524476
70234981	0.500110325028574
70235980	0.543386971915736
70238781	0.500120069858556
70241010	0.500190423564499
70244101	0.500123805938535
70245621	0.500196571611355
70247910	0.500939341665312
70249191	0.500186193945748
70249771	0.500132143365987
70252760	0.500452490420553
70256390	0.505841119238135
70263691	0.501146821488194
70269541	0.500200473583435
70270361	0.50014358311119
70272701	0.500131445644973
70276151	0.500307223981595
70282111	0.500350977028165
70282991	0.500283424410032
70283051	0.500125779431665
70287210	0.501145350163226
70288790	0.501287122162143
70290250	0.500349424204947
70292351	0.500183401341511
70296040	0.500359262436163
70298320	0.500813123242247
70299020	0.500244414578075
70299071	0.500746101536682
70299080	0.500657314974817
70302761	0.500151148618705
70304571	0.501586097247189
70306211	0.500133482346814
70306620	0.500317034408398
70310190	0.500186536329807
70312291	0.50021681528775
70315690	0.500165649143125
70315741	0.500341511060159
70317500	0.500544120094696
70319490	0.50103926377509
70323341	0.500132653920913
70327321	0.500150439053062
70327731	0.50014691690754
70328371	0.50013204884994
70333000	0.50777371473434
70336211	0.50020639063255
70343990	0.500123499545629
70344221	0.500127416973481
70344870	0.500111258981059
70346791	0.500142081000102
70349251	0.500138247146298
70350720	0.50032267258748
70352180	0.500135121137036
70353700	0.500681685186888
70354170	0.500125514448172
70356800	0.500133811980506
70357560	0.500134123327397
70359951	0.50015562945697
70361540	0.500147857200367
70365741	0.500219687334035
70368841	0.500167836733818
70370421	0.500277910110872
70372581	0.500160922843102
70373751	0.500145974539822
70376920	0.500154442552978
70377441	0.500374830386413
70377791	0.500136510629863
70381420	0.500128151123328
70388431	0.501751662430821
70389020	0.500293413566314
70392991	0.500210356470797
70401241	0.500276529172259
70401420	0.50013953978394
70404520	0.536558729543711
70406151	0.500127623205031
70408901	0.500401395159561
70410891	0.508054898893189
70414520	0.500201494586612
70414990	0.500647293634517
70423470	0.500245827827395
70426091	0.500156826426235
70428380	0.500147810352022
70430011	0.500117334330886
70434520	0.500160938598724
70435161	0.500128013380942
70437261	0.500133814942269
70439021	0.502259386953034
70439191	0.500162208231097
70444631	0.500120883394341
70453880	0.500133278603372
70455451	0.500405382162601
70458141	0.503217029310627
70458841	0.500224745532706
70459550	0.500137118804749
70460840	0.500182578191663
70465801	0.500114505500316
70469371	0.500129909129414
70470071	0.500139001157524
70474460	0.500533954762617
70475921	0.500339152455712
70476510	0.500136028431864
70481420	0.500137121175624
70482360	0.500127159622671
70482881	0.500307516155442
70484691	0.500145903966325
70487031	0.500342125662028
70489371	0.503517203162477
70490951	0.500915189726204
70492001	0.500194817558963
70493700	0.501413691273985
70494281	0.500178215567406
70495280	0.500196396428054
70497040	0.500131227609151
70503410	0.500796802232313
70507270	0.500529328669957
70517680	0.500181640870068
70517800	0.500146690355634
70521540	0.502562055989483
70522821	0.500134571511027
70523000	0.500258980296053
70523530	0.500226373465816
70525391	0.501009086179937
70525451	0.500361895410889
70534051	0.500141586309686
70534230	0.500121471782154
70536570	0.502077936831377
70541301	0.502860206830043
70542300	0.500131988317554
70543461	0.500458664932845
70544000	0.500213367337267
70544290	0.53525087641008
70545400	0.500314699283644
70548201	0.500319559851075
70552360	0.500267207577824
70552770	0.500150765402485
70558620	0.618623423999734
70562411	0.500153849513299
70565810	0.500231416495271
70566971	0.500396836581413
70568671	0.501879892050507
70569841	0.500196489357602
70571250	0.50022638167045
70572010	0.500177281494012
70572420	0.501173550897079
70574230	0.500118814229451
70575981	0.502082385585378
70576160	0.502990138144111
70579670	0.500176653852198
70582061	0.500344435752181
70582471	0.500136598817088
70584051	0.500400621396012
70590490	0.500257550076341
70594350	0.500307018389347
70595161	0.500138059745524
70598790	0.500310075269289
70603001	0.500148853908608
70604751	0.500155686170291
70607211	0.500231344060297
70614990	0.500617790511881
70615110	0.507755290998056
70616690	0.50044016770065
70617791	0.500482819593097
70624341	0.507124054693289
70631890	0.505287647794933
70636101	0.500500408739652
70638910	0.501074086025292
70639790	0.534322695509133
70671361	0.500298055579843
70671831	0.510785688668701
70672121	0.500178328537313
70672591	0.501708426871971
70677851	0.501044673085659
70680891	0.500632680134711
70681481	0.501617646411221
70683940	0.50062959264903
70688611	0.50080141351008
70696391	0.51531297783366
70697271	0.504860412463933
70701600	0.500161563716201
70702710	0.500170900247084
70705921	0.500580458313841
70716861	0.500190252096999
70721071	0.500187169406866
70721430	0.501352677683529
70721891	0.500134262674543
70728031	0.50169673004975
70732360	0.5117098636844
70735341	0.500787408390589
70737800	0.500323692573189
70740140	0.500286236477057
70745460	0.500470301832596
70753180	0.500178257430759
70759790	0.500174440693848
70764931	0.501111421603349
70765631	0.500134334089412
70767800	0.500121145607949
70768031	0.500273896995347
70769380	0.500550280520703
70771771	0.500319631110474
70773590	0.500312890275987
70774051	0.540336903168802
70778560	0.50050046785717
70781011	0.500313929724698
70783881	0.500678803599606
70785290	0.500403879308362
70789560	0.500475393656198
70793420	0.500253918663285
70793821	0.500124553485115
70798031	0.500165607091072
70798441	0.500554363045895
70810081	0.500972640925525
70812011	0.500294879032755
70812181	0.504228839540764
70818441	0.500175789692095
70825580	0.500152844893299
70826050	0.500681460576042
70832660	0.50161576751282
70843770	0.500160079642313
70846041	0.500588369492408
70849671	0.500549797836572
70873240	0.500936681699553
70878450	0.500673537309144
70888680	0.500369660088892
70902651	0.508549072045002
70917101	0.500265676672187
70919731	0.500209734814199
70926511	0.500945474431744
70933881	0.500386568252204
70951430	0.502878965355081
70955290	0.513025624203249
70965751	0.500387367953778
70966981	0.500987615228478
70970260	0.50051624807899
70971541	0.500173413932102
70972831	0.563662701095744
70974590	0.500128455466198
70981840	0.500454937472691
70992711	0.518479499876886
70995461	0.500119238171926
70996110	0.510950968503088
70996981	0.500774218500585
70997630	0.501311574207569
70997921	0.509248445092616
70999611	0.500170575499557
71001840	0.500395280091104
71006341	0.504135759655187
71010201	0.50011798306814
71016341	0.503426236248962
71022301	0.500376285330747
71022541	0.500707148244808
71023181	0.500445507785838
71027050	0.500294363183517
71027280	0.500237959847891
71030090	0.500163259641672
71033301	0.500409964719658
71033770	0.500331009134891
71037810	0.501646991016117
71038980	0.501465093840309
71040021	0.500123636465375
71047050	0.50277298563182
71049791	0.501698929627787
71050551	0.500436355702941
71051200	0.500136631392305
71060261	0.500238706046647
71068510	0.50019293731316
71073830	0.500731317167929
71079671	0.500155435468126
71083591	0.500288267878259
71094761	0.500376238208224
71095350	0.500169848361861
71097391	0.500116142762895
71104010	0.500274138936414
71104411	0.500317259626673
71106170	0.50430421651587
71109791	0.500161692123345
71114531	0.500132354142869
71114881	0.500121970162878
71116110	0.500123952860371
71118391	0.500173442545583
71128621	0.500187094210873
71129151	0.500122100038393
71129740	0.500120847601805
71130081	0.500367154091572
71130261	0.500127632116856
71132660	0.500135625078092
71134351	0.500111427255058
71134360	0.500108875417384
71135530	0.500122176199836
71140961	0.500502787764682
71142370	0.500173350499913
71144121	0.500121950611932
71146640	0.500853594336224
71149971	0.500395889831067
71150261	0.500904060768866
71154710	0.500684917696446
71156990	0.502678214890307
71158280	0.500189201374106
71160551	0.50012020025606
71164121	0.500118553115116
71166640	0.500128285434723
71167520	0.500407342034945
71170261	0.500473353123079
71172541	0.504533799801333
71180970	0.500189643046617
71188801	0.500178444002067
71189851	0.500511866587769
71195530	0.509464767283619
71196760	0.500484511339058
71197861	0.509872398023853
71199151	0.500753245836438
71203011	0.500164813377706
71208741	0.500115147184844
71209501	0.500145839887351
71211200	0.50011717086796
71212071	0.500146608687748
71214121	0.500949694278703
71226060	0.500156582367336
71227750	0.500117310617122
71228741	0.500503624182824
71231371	0.500798065645933
71233241	0.500108869077982
71242080	0.50016985344556
71242131	0.500151406973702
71243421	0.50336354137408
71245180	0.500293540504521
71245880	0.500114733962966
71247221	0.500202418684279
71247281	0.506549497265736
71247921	0.500231273179859
71249330	0.50015191779447
71250910	0.500214883933071
71253131	0.500252246594235
71254061	0.500136998359005
71254070	0.500211216207932
71259971	0.500148308952
71262490	0.500129728934674
71262891	0.500139532841598
71263190	0.500475412906062
71265061	0.500153159622446
71274591	0.502317804528482
71278340	0.500126757188809
71281611	0.500476845082768
71293780	0.500186625041263
71297520	0.50136378809218
71301781	0.505666403346064
71301961	0.507145011373977
71306231	0.501978879279665
71306880	0.500116053914893
71307691	0.502399690821488
71310210	0.502204898016838
71311320	0.500318281946413
71312140	0.500194996127231
71320560	0.50017517621573
71322311	0.500127068064482
71325881	0.500300848631505
71327571	0.500298570252906
71331491	0.50045396374898
71331730	0.500132694543446
71334190	0.500392394213202
71334471	0.500771046977414
71336521	0.500154435166675
71337751	0.500502160733823
71346760	0.500143120169733
71348511	0.500130704881557
71353780	0.500138495051928
71354190	0.500205728133609
71356641	0.500353420281396
71358050	0.500125498574894
71358861	0.500128409396602
71363310	0.500113910927844
71364250	0.506843899269875
71368041	0.50059352879372
71371491	0.500116761560309
71371961	0.500923697669225
71375650	0.500353268948744
71377930	0.500181062678756
71378861	0.500519015161413
71382021	0.500194952346734
71382081	0.50021295271287
71382490	0.501295932687727
71386461	0.500220918266249
71386521	0.501006532928625
71388280	0.500538801819273
71391201	0.500269209636854
71398861	0.500144290497313
71399280	0.50014972004732
71400270	0.500242055615052
71402081	0.500108610139267
71402260	0.50121964704781
71402661	0.500276663321398
71403891	0.500310777857093
71404591	0.500239166656122
71405701	0.510363315168985
71406000	0.507187707956524
71407170	0.500429578109813
71413840	0.500227041659012
71416350	0.500571629320045
71417341	0.50166979449965
71426180	0.500126960102444
71446880	0.543433133389539
71450800	0.500326449831629
71465240	0.500882810639318
71466000	0.500163912138081
71466880	0.500156351113953
71467281	0.500194053654512
71476581	0.502140157911189
71479741	0.500147606503835
71479860	0.500253169604354
71482260	0.500440478334256
71486761	0.500251689302148
71488221	0.50083935977401
71488281	0.500223203467768
71488981	0.501131701132454
71491381	0.500147972125408
71496171	0.501193358496187
71496931	0.500224345499269
71496940	0.500109288120297
71504370	0.500515323841768
71506351	0.500751273681849
71506641	0.500210616943688
71506931	0.500177501283515
71510381	0.50021702287239
71510800	0.500147446358841
71513840	0.500903064864997
71518691	0.500213175092358
71520441	0.500915458594497
71522491	0.500145311546828
71525411	0.500133047702398
71525890	0.500176569413404
71527461	0.500157069359122
71527760	0.500113951770466
71528101	0.500261900056483
71528870	0.500476146925755
71529980	0.502124854603192
71540510	0.500279388365714
71553131	0.500110761723355
71557171	0.500165123535954
71567470	0.500155580764849
71573131	0.500270614881963
71575941	0.500535529505711
71578631	0.513613754063807
71579801	0.500959373071229
71581611	0.500214863244373
71582260	0.500143715010649
71583541	0.500355494851499
71585830	0.50015334045329
71591330	0.500848119055541
71591500	0.500187827993691
71598990	0.500142138035848
71601560	0.500642396643639
71602081	0.501523835559432
71605600	0.500148357016503
71605881	0.505070003612851
71607051	0.500389426819377
71609101	0.500293456623656
71624131	0.506933198197674
71626121	0.500196797609893
71631671	0.502626800333251
71633550	0.501342222718965
71636761	0.500154099972619
71663841	0.500301967532049
71667641	0.500165593672888
71668580	0.501584067434875
71669221	0.500170517921558
71671620	0.500425058929912
71673200	0.501403545871909
71679050	0.500578082586502
71679630	0.502055343663502
71680800	0.500211657080542
71681560	0.500605884783225
71682321	0.501348807106185
71685540	0.501015950845743
71689280	0.50033671049162
71692961	0.633757371713732
71697000	0.501096068433164
71699690	0.50078677865777
71699810	0.501027717712929
71703730	0.502898791784357
71706300	0.500634940560649
71708051	0.500267146650722
71716650	0.500268863691516
71718930	0.500179218277823
71724071	0.500832965291154
71724490	0.500465888126443
71726360	0.500313547209792
71728170	0.500191131860122
71733320	0.500255759857868
71737470	0.500131786803205
71738401	0.500527359989198
71739281	0.500120989657636
71739810	0.500499770234038
71745310	0.500218162439476
71746061	0.500261934544355
71746761	0.500433133444665
71753141	0.500829370418147
71756480	0.500182022222341
71757701	0.500150437984409
71760041	0.500577756632309
71760220	0.500225646550551
71760340	0.500127104770662
71761680	0.500497625625059
71763380	0.500277656638635
71763661	0.500287359911545
71764780	0.500168792009917
71765361	0.500181647827187
71768461	0.501185978353761
71772150	0.500148919658972
71773311	0.500726176810331
71775301	0.500377976205221
71775950	0.500142886228173
71777001	0.50015015542541
71777120	0.500210214272403
71778000	0.500153434963857
71791510	0.500565189074565
71794900	0.501974511682962
71798341	0.500141529587762
71803030	0.500119734110346
71806890	0.500552962649698
71811031	0.500368427912767
71811441	0.500168312290858
71814430	0.501122875030368
71814490	0.500127174264192
71816890	0.500133737959796
71820331	0.500167632593761
71825950	0.500120148676477
71830340	0.500408752109214
71831860	0.500184101633973
71835190	0.502242678914764
71835361	0.500183541908434
71837001	0.500170412883955
71841501	0.500201969814148
71847240	0.50193496045248
71855831	0.500234580516814
71857351	0.50309267032603
71858410	0.50027533503684
71861100	0.508477646836692
71861851	0.512024976839467
71861920	0.5011188934515
71871330	0.500626659496269
71874020	0.500395084838054
71874960	0.50345012482289
71881860	0.501840828564162
71889921	0.502024558389122
71896480	0.500135706148633
71897411	0.500655547054806
71898231	0.500134787798859
71898461	0.500203737581771
71899460	0.500128237525523
71900340	0.500178631638646
71911211	0.501443550617683
71913961	0.500138813483513
71915720	0.500315668381524
71918051	0.504064183505193
71919221	0.500416681575695
71920980	0.50012709621214
71922851	0.500316803388839
71924200	0.500139964487554
71926190	0.500136978391389
71926950	0.500146294900725
71928060	0.515146361956112
71929811	0.500246831658198
71933141	0.500224353934153
71934311	0.505864974765166
71951450	0.509866993747776
71955080	0.500541383878549
71956480	0.500154273611319
71958180	0.500128991588568
71964550	0.648442016813382
71967001	0.501895086881202
71968350	0.501619803016773
71969640	0.500158323516379
71973321	0.500414415353198
71974550	0.500129840966806
71980340	0.500546090767017
71980810	0.500191748371134
71988461	0.500140646628335
71988521	0.500310442111787
71992620	0.500227980440631
71997010	0.500150375580892
71998470	0.50343996593267
72003141	0.501735916801126
72004550	0.500144049070971
72005191	0.500137029192605
72005541	0.500132981182783
72006711	0.50052617169762
72010870	0.500267596118313
72018991	0.500309529736758
72019111	0.540571450984822
72022330	0.500150158635441
72024380	0.500172294663974
72025720	0.500488495002157
72028000	0.50026068300192
72028291	0.500115440732322
72032151	0.500121043549509
72034021	0.500360794372413
72037061	0.500622452154127
72038940	0.501189119847312
72044200	0.500113208008345
72047710	0.500600876617226
72047881	0.500141842429204
72050041	0.500249051165363
72052031	0.500160934485234
72054260	0.500347480258158
72054431	0.509240978062922
72054901	0.500430758995008
72055840	0.501022257400886
72057710	0.501564005017376
72062151	0.50034806718059
72064030	0.500215180218174
72064790	0.500347026727688
72066241	0.500132872356014
72066361	0.500755350408544
72067471	0.500115152960075
72067821	0.500662380978591
72069051	0.500611849518951
72074781	0.500439072720529
72075840	0.503392761436997
72076250	0.500581294967718
72082791	0.500376264006292
72083270	0.500155827793285
72084790	0.50015007150849
72089290	0.500270012394836
72092330	0.501307188722229
72096720	0.537456563890539
72097830	0.500143644978696
72099871	0.502460286662815
72104491	0.500617453493015
72104841	0.50014631308645
72105370	0.500545968525529
72106421	0.500643224687682
72110341	0.500171426018683
72111101	0.500699391598173
72111570	0.500122634782899
72112971	0.500161616790373
72113031	0.500603533035867
72113671	0.500290412502668
72124961	0.501595094957423
72126660	0.500183101207461
72127420	0.500539571495887
72131630	0.501312234879238
72131801	0.500193634701706
72142091	0.5001406633328
72150631	0.500147072905435
72157770	0.500135214658356
72158821	0.500138761854189
72160110	0.500139319112681
72163791	0.500132622817802
72164030	0.50024323404249
72164380	0.500119096621169
72168821	0.500154659367408
72174141	0.50012154224325
72175260	0.500136337068509
72180571	0.503869314330207
72180631	0.500608481672607
72182860	0.50030799619673
72182980	0.501500388767183
72187890	0.500235460644831
72188701	0.500132959916228
72189641	0.500143783461963
72194551	0.500844330827217
72198940	0.500234954487864
72200110	0.500271418248372
72200281	0.500136460652028
72203560	0.500189274194725
72204910	0.500330509791959
72205840	0.500167625152854
72209051	0.500248179487365
72237121	0.500497493818975
72250811	0.501794643406884
72251400	0.500203086009922
72254961	0.500503202577932
72258471	0.500270055720992
72259231	0.504431276068286
72262911	0.501489032302335
72266541	0.502389346069914
72281161	0.500794934142718
72282151	0.500666660628256
72282681	0.502344572818662
72285200	0.502444874902291
72291161	0.501287356476176
72292621	0.500718726519128
72306080	0.501161487757245
72307950	0.500605698189615
72309231	0.500718481514047
72312681	0.500328370386512
72312980	0.500142956110371
72316370	0.500161955387045
72319240	0.500264786972807
72322331	0.500154245552792
72322391	0.500160135128841
72332980	0.500160850035182
72334500	0.500155221119538
72335260	0.500270529168942
72337890	0.500116527797103
72343731	0.500146389854817
72346960	0.500721038070338
72354671	0.500617856775188
72354910	0.50011424440705
72371750	0.500121282484409
72371870	0.500277756733133
72371930	0.500610524493458
72373680	0.500381015981192
72385901	0.503383521244823
72389180	0.500201400547308
72392750	0.500140714851002
72395551	0.500453971043588
72396550	0.506887645088003
72400811	0.500248901619285
72403091	0.500293449910665
72403680	0.500242836559575
72404731	0.500157133475719
72405141	0.500372624136534
72415610	0.500361051376898
72423621	0.500175560175563
72426371	0.500470548625549
72429590	0.500135790166019
72430461	0.500816547889863
72431230	0.511672143772409
72432630	0.50013929162527
72437190	0.50014792703208
72439001	0.500139014175016
72446191	0.500190418915757
72447370	0.500146111780101
72448531	0.500202454636825
72451230	0.512372717473072
72458821	0.500172454674318
72460700	0.503117988504021
72460871	0.500163336955576
72465500	0.500133618667843
72466601	0.500140125552155
72467541	0.500243565461726
72467950	0.500188154020476
72468301	0.505873055425433
72470410	0.50022970498228
72472161	0.500658449684797
72473331	0.500143298961445
72473911	0.500196677295981
72475910	0.500186493391664
72476191	0.500337319741922
72479650	0.501054704557371
72487780	0.500526792792164
72489300	0.501339623509957
72490111	0.50016064601374
72490350	0.500131526516817
72494560	0.500306325010047
72495551	0.500196156800227
72497011	0.504881329275487
72499360	0.500152846544095
72499881	0.500142116290229
72503681	0.500588867854474
72503860	0.501145579374415
72505431	0.500193670208976
72506251	0.500128272870816
72507011	0.500163065499543
72508070	0.500207330892367
72509701	0.50012569667803
72510111	0.50015782321186
72517600	0.500281101211216
72520410	0.501290912771447
72523510	0.500141809736711
72524731	0.500524243951026
72526251	0.500298172755595
72527831	0.501695592499241
72529121	0.500685837400408
72529881	0.500422604576174
72532050	0.500246894907168
72533630	0.500167527050263
72541990	0.505315639863189
72542041	0.50012909637348
72548010	0.500124482948687
72550060	0.500145416904275
72551350	0.500244667556943
72554680	0.500113521442603
72554970	0.500142800396788
72556960	0.50018673754355
72557020	0.500111328076505
72558950	0.500138730906859
72566431	0.500125408761164
72566490	0.500146792381741
72568480	0.500229741385769
72573280	0.518584462152875
72575081	0.50014984983948
72580410	0.500152153130843
72581230	0.502415712898086
72585910	0.500494943167395
72588250	0.500264680249146
72592571	0.500236098352038
72596841	0.500146192923054
72598070	0.500914468439224
72601230	0.500374332524732
72606311	0.50014499375731
72607720	0.502467133084296
72608181	0.501371361353421
72608830	0.500185667436116
72609121	0.50020061746822
72609181	0.500176248882287
72609300	0.500143751404395
72609360	0.500294611018661
72609761	0.500207446859048
72610410	0.500159960105987
72613100	0.500139153883827
72613690	0.500616361569151
72616610	0.500178978610582
72616901	0.500718266043293
72621290	0.500128878685131
72625030	0.507505270304372
72625611	0.500132165205773
72626790	0.502242910546765
72626960	0.500178879733686
72628070	0.500241236756282
72629070	0.500357363492421
72631290	0.500160703340134
72633160	0.500622471108687
72633211	0.500168710894314
72635201	0.500130279614878
72635210	0.50013809416065
72638540	0.500320957388378
72642870	0.50023769779623
72645790	0.500133855659867
72649830	0.500401654548602
72652460	0.500155669184807
72653041	0.500254565145224
72653340	0.500359676146591
72655090	0.500251279964657
72660991	0.500420787694208
72661051	0.502886835135505
72661350	0.500375977860283
72662580	0.500129646902878
72667780	0.500268582863055
72669471	0.500142694107505
72669770	0.500111780319083
72670701	0.500644293020158
72671700	0.50093682057997
72675210	0.500260444027131
72676371	0.500506434714953
72681401	0.500313458409247
72685551	0.50016771187031
72687900	0.500129590926915
72694791	0.500121929642327
72697840	0.501871712269974
72698361	0.500122610364411
72699830	0.500143855844583
72707951	0.500359534659297
72711230	0.500139877817022
72712230	0.500132632219635
72714971	0.500386267292157
72716380	0.500203259094
72719471	0.500128425071982
72721051	0.500123707551875
72722520	0.500421624682083
72722571	0.500518210358051
72722930	0.500693839521261
72723280	0.500145927440904
72723331	0.500478260866783
72725611	0.501132318055217
72726141	0.500156469912315
72726320	0.500238751348196
72729950	0.500273172523983
72730120	0.500216201898035
72732170	0.500174472516891
72736500	0.500568244468374
72740650	0.500181951990376
72743750	0.506158458553826
72749061	0.50046998762765
72750351	0.500153295651752
72750590	0.50020002472001
72750710	0.500122299599166
72751111	0.500122021401172
72751461	0.500368463049229
72751931	0.500123401491335
72752810	0.500140933380914
72754040	0.500551507054112
72755210	0.50010274397745
72755261	0.500168681350983
72755270	0.500123900924025
72757900	0.500182136022868
72758430	0.512005110641476
72759010	0.513126035557638
72759130	0.500197112367147
72760300	0.500150479804433
72761350	0.500115488975868
72762281	0.500781043890573
72762341	0.500148229284726
72763280	0.500117398370754
72764331	0.500145282960199
72765321	0.50015256382796
72765441	0.500621928303585
72767781	0.500514683840899
72768250	0.500192314435414
72769070	0.50117845131014
72775261	0.50042332632994
72780701	0.501144962121964
72782520	0.508835350461404
72783041	0.500193632410361
72783331	0.500133702586843
72785381	0.500140772446491
72785791	0.500198455971186
72786910	0.500127008936806
72788250	0.500590194968653
72789010	0.500810055216947
72792110	0.501535711815602
72794100	0.500117712099299
72794621	0.500122454688118
72794860	0.500175554949645
72800650	0.500855698505448
72801410	0.500236895948759
72806551	0.500251080634674
72806730	0.500177147398326
72809770	0.500268332273931
72810351	0.500218206108231
72816030	0.500165642612144
72819361	0.500112090951753
72820001	0.500241299860616
72824561	0.505690329407507
72824570	0.500115633743373
72830351	0.500981118030659
72830360	0.50034335360789
72834561	0.500131133462034
72837371	0.500313045455836
72838361	0.50953051477577
72838891	0.500472559335823
72839241	0.500390310774187
72839540	0.500483698583383
72840471	0.500174636674906
72841350	0.500157386863387
72841461	0.500136915739336
72851461	0.500130280789925
72852990	0.500416123693535
72853870	0.500183447546487
72856201	0.500196782002017
72856901	0.500208478140406
72857371	0.500419564956458
72857841	0.500849762610143
72877140	0.503567959895574
72885561	0.500128324682004
72888370	0.50023601383264
72888490	0.500341768091466
72893520	0.503551557799803
72895680	0.512382441248238
72898251	0.500338909169615
72900650	0.500143791173792
72909540	0.500170965329198
72909831	0.500155501276629
72911351	0.502646650345714
72914100	0.500335397619752
72915381	0.50031400736623
72916850	0.500130600753557
72917491	0.500162041063705
72917901	0.502921751450615
72922281	0.503815293773374
72928951	0.503599360518312
72931410	0.500232669560365
72933101	0.50024165490979
72939250	0.500123613705918
72947721	0.500207702544762
72950591	0.500575638974638
72955501	0.500808832118532
72955510	0.500481890223717
72957260	0.500152240723459
72958020	0.500129970724469
72961641	0.500406710530853
72968200	0.500170125219743
72968721	0.50086636242418
72969421	0.500372949589294
72970480	0.500606450235991
72973520	0.507587307408913
72975791	0.500112469108936
72975851	0.500146124227228
72977440	0.500156295609619
72977790	0.500137871272808
72977901	0.500147417845402
72983281	0.500289203687036
72986210	0.500149228010348
72992461	0.50290421889825
72995450	0.500829501973879
73004391	0.500263940325923
73006970	0.501405121267243
73007901	0.500182682027456
73009540	0.500521133244223
73009720	0.500124232739045
73009771	0.500221325430326
73012000	0.500120168971273
73017901	0.500143446669424
73022521	0.50017692761117
73028661	0.500148319236977
73031641	0.525643410223545
73034041	0.500529935051761
73034741	0.500506156873062
73037141	0.500155510309793
73037201	0.500150099591166
73039310	0.500123645803756
73050061	0.501093072687252
73050830	0.500830836901739
73053810	0.500123222596066
73055450	0.500197688696652
73055980	0.500241591753815
73057730	0.500169600045041
73058021	0.518919098646045
73059720	0.501218914223113
73060651	0.500406668887091
73064161	0.50066606281257
73069481	0.503312672882762
73075211	0.501149953579513
73076031	0.501795482462518
73097261	0.517872154798558
73098021	0.500465377282752
73106330	0.500297669556211
73109720	0.501226406170301
73111701	0.502485827179302
73113691	0.500878876313716
73114511	0.500146661968179
73115220	0.500359992709513
73119310	0.500127124428018
73129011	0.500346514583732
73130591	0.501726496617501
73131701	0.500806319294743
73132991	0.500135221660926
73138021	0.502274946692739
73139840	0.500317933191499
73146731	0.500136058786952
73148601	0.50193187052521
73149011	0.500576605012946
73154451	0.500244176695745
73157081	0.500307646737109
73158021	0.500502565475976
73159370	0.500491359948782
73162581	0.500156375672698
73163751	0.500232952692975
73168431	0.501957143052891
73172231	0.500130425385291
73175271	0.500464661004441
73178081	0.500113597735908
73180771	0.500232084810649
73182171	0.500530204897163
73186620	0.502139110071095
73189831	0.500194085603626
73194340	0.500789508446121
73198901	0.500144302299998
73204101	0.500142260418928
73210310	0.505771836066336
73210540	0.503496533525623
73211941	0.500261225835679
73213281	0.500121605821901
73214050	0.500111222454502
73224810	0.564221582071805
73226381	0.500653362589749
73231650	0.502238351668245
73248030	0.50033640465731
73249900	0.500617103814096
73254981	0.500436058099125
73260540	0.500137313644285
73262641	0.500905324508916
73264921	0.500779067808734
73267031	0.500753803119706
73267210	0.500267056496432
73272641	0.500370709768533
73274341	0.500140072124913
73280481	0.503164375845226
73283811	0.500366138407027
73285801	0.500175525673687
73289191	0.50033712264207
73298850	0.500339805489555
73299311	0.500816116110205
73300310	0.500141055483988
73300370	0.500575949267149
73306390	0.50013191941399
73310780	0.500717859925273
73314981	0.506614378055416
73315271	0.500473386355527
73319080	0.500773785548664
73321531	0.500238078291588
73324751	0.501576698171515
73325980	0.500122088105648
73335280	0.500303169755047
73335340	0.500139469167704
73336971	0.500371522805283
73337970	0.500206184024976
73338090	0.500393057729356
73347740	0.500336591428389
73348670	0.500135196726201
73351420	0.500123236410055
73352240	0.500165732039617
73354930	0.501087340039926
73355041	0.500138331211569
73357740	0.500380292856103
73358910	0.514261253914045
73362291	0.530260702658946
73362821	0.500134230477852
73363820	0.500121972796277
73367620	0.500751690170543
73369251	0.500677800738376
73370430	0.502054112339535
73374870	0.5001871659316
73377390	0.500181974055703
73384221	0.500192555984049
73384981	0.500191158679649
73389260	0.500134897669625
73389951	0.501554451351201
73393470	0.500166363772634
73402530	0.50209037359362
73403180	0.500622418371796
73403820	0.500743230511627
73407560	0.500817201566561
73410831	0.500130789134738
73411420	0.520597756800084
73411830	0.500139211055939
73414110	0.500129267280843
73414170	0.500229105723507
73416151	0.502315098030144
73417151	0.500228156089301
73417791	0.500297578091203
73420011	0.500334686494718
73421130	0.500206632981006
73421361	0.500147847948497
73424691	0.501598772376348
73431181	0.50409841373554
73434580	0.500174065292779
73436160	0.500234709375638
73436621	0.500425613967072
73437210	0.50115979911999
73438841	0.500133585748507
73439661	0.500190070668451
73440660	0.504974334468254
73443000	0.50015396595008
73445280	0.500145651835014
73446391	0.500133997128678
73447091	0.500514613927158
73454051	0.50015977297598
73456570	0.500139920201273
73457740	0.500142239291601
73464111	0.503874731630668
73465690	0.508111893111437
73466271	0.500158856664639
73467800	0.500163726509396
73468150	0.5009877962307
73468850	0.500374222861239
73469610	0.500268494958744
73471651	0.500255686276123
73472061	0.500195513334534
73473120	0.500455832016108
73473351	0.500314454288529
73474281	0.500135674645986
73475460	0.500168326792697
73479081	0.501118117240594
73480140	0.500176605317899
73480191	0.505316130246045
73481130	0.500126309117196
73483060	0.500374391854747
73489431	0.500194900735357
73497731	0.500134375646043
73505511	0.50079105389989
73507851	0.500223699388876
73508970	0.500440317425316
73509901	0.500130798839397
73511600	0.500865807803433
73512420	0.50022447288643
73512480	0.500173330932481
73513180	0.500364519163579
73516621	0.500115431319772
73517031	0.500129300718786
73517441	0.500171168833892
73525400	0.500234655891073
73526280	0.515208200446011
73528141	0.500134522371227
73533701	0.500129438650407
73535340	0.502032241554189
73536630	0.508335870294989
73537381	0.500373265972615
73540951	0.500130848853216
73544751	0.501830439225033
73548261	0.50014617015888
73551481	0.500202543530953
73555110	0.500169812732387
73556101	0.500328909471385
73556630	0.500129522717836
73560131	0.500825727903118
73562471	0.500173366711831
73565810	0.500219860293071
73566391	0.500116096229712
73574111	0.500312475947186
73574700	0.616070541026705
73577920	0.500282925386752
73580891	0.501325922489541
73582710	0.500792153577167
73582821	0.500788941787225
73582881	0.500657286160578
73583761	0.500181782383877
73583991	0.500378112858781
73584700	0.500389777022069
73594871	0.500131047089482
73595580	0.500953711279766
73600251	0.516360515690201
73601301	0.508714485056528
73602121	0.500132973647013
73604640	0.500255459237892
73606340	0.500945229541945
73607860	0.500317429255195
73608910	0.500149371151752
73611780	0.500184820559645
73614991	0.505076579459224
73620191	0.50014570399761
73625161	0.500130109353662
73632010	0.500562247683496
73632830	0.500263450219574
73632941	0.500210902783673
73637681	0.500133586077657
73638150	0.500620587936045
73638731	0.500121831205146
73648031	0.500130240582928
73651131	0.500371679085193
73651780	0.500127986536668
73654060	0.500212984680358
73656741	0.500719742019908
73659380	0.500305497117796
73659611	0.50011682857389
73660840	0.512869089998703
73666801	0.500533502804609
73667331	0.500376808660669
73669380	0.500180789605837
73672950	0.50193642445879
73675520	0.500121111488843
73677980	0.52481246464459
73682770	0.500180358481275
73687800	0.503651979336222
73689030	0.500141743261901
73690431	0.500141869107874
73693710	0.509626694955461
73697151	0.500185549638787
73699431	0.509782229181896
73703761	0.503711992087155
73706400	0.500709441837727
73707561	0.500141248534819
73711421	0.500127931726947
73712890	0.50290949361224
73715110	0.52202609722742
73719671	0.500150810365101
73720371	0.500120339538911
73724051	0.500121618973717
73730320	0.500325762294135
73730721	0.500123157487496
73730730	0.500667163803513
73731840	0.500263706131661
73732711	0.500358962833952
73733941	0.510788400865398
73734350	0.500232323224891
73735811	0.500147277952851
73737860	0.500170617907345
73739261	0.503646409351455
73740251	0.50012660707835
73740610	0.500130331537614
73746460	0.501060322169465
73746810	0.50073515803265
73750491	0.500200763445684
73753881	0.500323000912005
73753941	0.500710253601834
73754350	0.5002989418609
73754641	0.500439256239908
73758911	0.500153405300795
73764931	0.500172552165477
73766571	0.500239850571171
73766981	0.502342493251087
73768040	0.500828841781993
73770661	0.500362990385881
73771900	0.503065747698838
73772241	0.500299049209592
73774000	0.500157195854279
73774880	0.503903176808638
73784931	0.500947740443651
73786520	0.50033597560875
73787681	0.501961677484365
73792540	0.500535436450677
73794291	0.500142761840952
73796861	0.502168804254892
73798091	0.500158998126233
73802660	0.500245725706198
73803471	0.500196612231536
73804530	0.500242503888897
73814291	0.50084324684264
73817100	0.500251250092951
73819261	0.500122305526563
73819270	0.500772358259082
73819560	0.500317578831397
73823420	0.500143559271233
73830030	0.500240389291892
73831960	0.501050036198827
73835521	0.500137766939117
73836921	0.500156965759923
73841191	0.503317870093288
73844650	0.500190501457272
73845461	0.500232874164518
73851891	0.500161734477406
73852831	0.500157318900021
73853061	0.500179088211207
73856281	0.500289151729908
73859201	0.500148798282496
73859210	0.500141739508747
73861951	0.500432862383183
73865470	0.500359170444614
73867681	0.500331303468587
73875290	0.500152913724066
73875410	0.5001453037848
73876050	0.500325977194304
73876110	0.500148606093688
73877861	0.500202611560917
73882720	0.500268257962737
73882831	0.500835285985911
73884300	0.50018410656538
73887690	0.505678421954428
73888501	0.500180208262464
73893121	0.50013455176034
73897451	0.500194141934867
73905751	0.507152764068633
73907391	0.503186785525342
73912481	0.506159007791647
73917801	0.500201407161576
73919090	0.500769553109699
73920371	0.500150701756279
73922891	0.500150356862367
73935820	0.500185715990163
73939261	0.50012527260109
73943540	0.500692679779497
73943890	0.500144733063617
73947050	0.500795104860662
73947921	0.500191321677653
73949210	0.500121374385102
73955581	0.500378656479317
73956691	0.500168716099646
73960090	0.500134382780456
73962310	0.500359879449349
73962711	0.501162782935213
73963830	0.500727146488537
73964940	0.500370526810494
73969970	0.500136556598546
73971080	0.500226152765705
73972891	0.504282413172856
73974121	0.500194465142799
73977041	0.500215619085302
73979740	0.500772062566832
73979851	0.500133281341923
73980090	0.501367173138304
73982370	0.500352868160296
73984351	0.507662337485205
73987460	0.500147943860707
73987690	0.500116684691156
73991260	0.500123255604327
73992771	0.506282667643622
73993881	0.500244529191273
73994001	0.500150490084098
73995470	0.50018880168115
73996640	0.500325973317712
73999680	0.500529231272294
74014590	0.500260911892382
74018040	0.500257890494269
74020380	0.500163054023757
74022490	0.500576095743103
74029390	0.50192920618294
74040910	0.500804106462288
74045000	0.53801431874412
74047050	0.505154053744515
74050141	0.500204476611146
74063941	0.500189368521307
74066230	0.500974671684575
74070671	0.50101046469372
74070970	0.500147180950068
74072891	0.500111205149813
74073421	0.500129549356918
74076051	0.500665671717638
74084121	0.500507305178988
74086760	0.500117558498819
74089800	0.500136013413234
74090500	0.508051837722798
74090671	0.500125705903322
74101021	0.500486413439013
74101371	0.500166161944885
74105231	0.500151158496151
74107460	0.556739065785584
74107520	0.502343317595806
74108391	0.500163773609847
74114411	0.500165692783988
74115240	0.500187149570712
74117170	0.501569886626323
74121901	0.500215690039678
74125180	0.502116085632139
74126000	0.502406491518674
74128041	0.501386299578071
74134420	0.500623582406046
74137400	0.500145470685203
74141670	0.501868807853532
74142020	0.500212951381218
74149791	0.500196506439012
74155060	0.501727967593253
74156700	0.50012508202474
74159851	0.503349350754585
74168980	0.502338069264499
74172140	0.500190707881826
74174471	0.500175756763673
74177520	0.500114847806074
74177640	0.500196670015076
74178511	0.500119631204067
74179271	0.500376778702925
74185710	0.52368338878131
74186811	0.500152822841504
74187571	0.50487634540476
74195061	0.502708739057294
74198810	0.501930999148375
74199441	0.500332481979392
74199851	0.500302207990244
74205240	0.500141885269243
74210851	0.500882710106331
74214770	0.500806815276118
74216350	0.500174168605838
74216871	0.500498002979169
74219980	0.500394331826918
74221901	0.500235127524675
74229851	0.500119334575365
74230611	0.503964860118195
74231910	0.500138672760481
74233361	0.500144637319894
74234711	0.500252906688334
74236760	0.500127411336561
74237161	0.500148979555127
74237631	0.500148097193771
74238630	0.500913248073296
74241790	0.50013138655685
74242490	0.500255702877838
74242781	0.500169757597428
74246530	0.500204533672304
74247520	0.500247033772674
74248460	0.500128541763772
74250970	0.500141099018294
74254121	0.500214359095791
74255411	0.500194603512926
74256931	0.50024286749835
74259920	0.500304746940441
74264881	0.500248458793787
74266521	0.500212515443176
74269220	0.500132595952121
74270261	0.50014680977472
74271081	0.500984841213407
74276060	0.500221281642877
74277341	0.500354148519585
74283080	0.500134847443417
74287700	0.500467489295353
74289211	0.500562508705422
74289980	0.500623994747586
74290671	0.500384528885217
74291201	0.502105092044055
74293780	0.500286243895939
74295001	0.500732082044472
74296470	0.500125714140383
74300970	0.502218305981309
74306000	0.500190995786857
74306111	0.502268473775989
74307691	0.50013384143073
74308690	0.610836286887401
74309630	0.500252414316894
74309741	0.500428621732408
74309860	0.501574475932475
74313490	0.500129963622149
74314660	0.501622772415063
74317580	0.532132126588651
74318750	0.500136354437576
74321961	0.500174022440733
74322900	0.500276664519156
74323140	0.500324330530548
74325830	0.500165710403075
74326291	0.500466894227701
74333140	0.50029239740774
74335070	0.500142022223253
74335411	0.500543006989517
74339450	0.500188907572688
74339980	0.500136237215744
74341261	0.500244846610861
74343421	0.500270620728223
74343490	0.50014666093829
74345411	0.500256777565426
74345531	0.500168601354355
74345590	0.500205279120911
74347520	0.500145758388812
74351440	0.500165879812543
74356291	0.500168940968878
74356351	0.500220133213334
74360330	0.50025923616148
74364591	0.500475153016992
74365531	0.500147880993823
74366231	0.500114417431419
74371150	0.501016530209884
74376171	0.554099156614652
74379860	0.500244071478629
74385351	0.500467810523181
74385411	0.500229608814135
74386000	0.500215160191586
74386291	0.500452964625973
74389041	0.500125324963643
74390211	0.500269741076764
74396001	0.500162567746088
74400031	0.500480846893987
74406060	0.500362499367414
74408750	0.500321754441627
74412491	0.500188081953331
74412901	0.500149501473024
74415591	0.500474280714916
74421201	0.500150110819469
74423661	0.501072109424035
74426180	0.503577199502929
74428870	0.500550171305581
74431961	0.501533111289531
74436120	0.500179801709778
74437640	0.500129401999787
74438580	0.500609758211732
74440031	0.500133267126616
74440510	0.500130972671896
74440911	0.500119965198638
74442371	0.500611420352729
74443550	0.503447012946897
74448161	0.500122766599698
74449331	0.500135593417127
74450501	0.502989848046786
74454481	0.500286129227754
74456650	0.50094299414399
74457051	0.500354411737017
74463661	0.500146289424745
74464660	0.500338888106925
74465830	0.500143402710823
74466180	0.500144836331928
74469331	0.500136656800689
74469391	0.506178898956562
74473251	0.500126501749338
74475300	0.500128999838115
74477230	0.500196419061687
74478930	0.500135546409542
74480271	0.500220267119484
74483140	0.502250573492496
74484891	0.500173168717221
74496710	0.500153033273716
74497760	0.501250237660993
74499630	0.500246975330005
74500621	0.500826423742754
74504190	0.500340245304258
74505710	0.500143085400205
74505890	0.500208553184724
74510151	0.500531191901651
74510800	0.500161795605999
74510980	0.500168627234071
74512790	0.500117662514743
74513490	0.500382824737688
74517171	0.500191032658238
74517811	0.500159460856063
74519101	0.500307631037223
74524720	0.500662064480997
74531270	0.500154659026622
74532440	0.500250699247899
74533670	0.500114436217542
74535881	0.500125373546336
74539400	0.500139471537078
74539861	0.500152040570047
74544711	0.50200206657073
74548631	0.500203305922976
74548640	0.500127103140743
74549280	0.50610230597082
74549801	0.500165023773893
74551381	0.50012207620833
74554541	0.500162618734084
74555600	0.50013804310377
74557940	0.500214588667436
74560860	0.500117867086104
74561381	0.50016388851128
74561390	0.500218427781858
74561501	0.500136262788685
74562440	0.500160114543735
74569741	0.500521718718173
74570920	0.500400383572347
74573320	0.500143393254106
74574020	0.500152611624833
74574250	0.500212948475666
74575531	0.50225329852264
74578751	0.500132557548951
74579511	0.500127423294903
74581091	0.500195168213254
74583140	0.551879436694911
74583320	0.500316431097362
74585010	0.50014139996457
74585190	0.500149312872745
74585480	0.50013611382339
74588401	0.502430450541966
74589050	0.500298446315634
74594421	0.500302531602954
74597000	0.500125226213216
74597931	0.500368340750613
74598350	0.500241260229939
74600100	0.500156058375973
74601270	0.504268192496573
74601620	0.500208941288152
74602671	0.500146001866908
74603140	0.501040724212346
74603670	0.500184855966816
74604780	0.500279496993453
74606770	0.500122143573194
74606881	0.500134398951182
74612030	0.500188456094083
74612790	0.500112621049003
74615181	0.502681929349911
74616061	0.500794797094553
74616300	0.50016211883596
74621731	0.500109289954208
74634370	0.50017608566003
74634771	0.500112500903055
74635181	0.500996656006264
74636351	0.502567664223371
74642910	0.500359757775819
74645941	0.500148993480889
74647581	0.502337716846166
74647880	0.500340188021753
74649870	0.500566842781158
74656001	0.501218896117743
74660681	0.500398882483143
74663371	0.500115205462069
74665310	0.500277185020422
74665361	0.500382987987621
74666531	0.500362141090488
74667060	0.50013167380208
74668111	0.501241461117499
74670220	0.50013291447507
74671031	0.501665832630227
74673730	0.500684176920885
74675361	0.500725731734179
74676070	0.500890265147231
74681561	0.500142417749664
74686710	0.500143517670462
74687701	0.500170522305849
74692551	0.50175405926779
74693021	0.500633590402462
74694601	0.503240458317963
74695950	0.500187681521141
74696121	0.500468987544048
74697701	0.50235533191669
74698461	0.500308343222718
74701441	0.50613816419839
74706070	0.500152273988073
74708000	0.500116261013805
74712321	0.500121058900672
74713960	0.500826423761605
74714020	0.500115993473039
74714191	0.500117383130272
74718060	0.500130834213702
74719281	0.500148505202103
74721211	0.500138195906582
74721381	0.50058709622782
74723440	0.504101125826246
74727880	0.500337451428933
74728691	0.500112311521964
74729221	0.50402780958557
74733030	0.500129414551701
74733380	0.500254216554556
74733440	0.500118377428935
74733901	0.500351681720924
74734550	0.500145194583466
74735250	0.500277071940141
74736531	0.500935593660766
74739870	0.500140579913757
74742381	0.505463448679961
74743141	0.500311626863809
74743730	0.500118686649543
74744610	0.500762364931961
74745831	0.500156451689631
74747300	0.500184230339293
74749990	0.500116220182169
74751791	0.500547843211098
74756890	0.500134850641734
74757120	0.500363527841732
74757180	0.500140338488537
74757411	0.50199671742099
74757701	0.500152852686115
74759341	0.504077727235192
74760400	0.500229349364412
74762090	0.500282507304867
74762210	0.500130687327441
74762270	0.516331929591764
74763431	0.501034976588683
74763901	0.500115189778649
74769921	0.500875976687212
74773841	0.500116294345891
74774601	0.500341153139047
74775780	0.500141361967183
74778171	0.500362088499417
74780570	0.500167250362539
74783021	0.500140710906869
74784140	0.501830827778615
74784311	0.500169225015466
74790690	0.500363967132523
74792611	0.50018330053773
74796881	0.500209706857885
74798581	0.500673366007382
74807231	0.501076411426881
74810220	0.500670422822281
74813081	0.500246809210342
74826010	0.500273094259193
74826181	0.500149163819322
74827821	0.500381121766832
74833491	0.500294115988817
74838000	0.502126478702041
74840801	0.500350601667874
74842091	0.5029813478431
74846241	0.502426954766174
74846711	0.500156306223868
74854431	0.503518187278294
74856881	0.500214202698815
74864670	0.500200439064271
74866941	0.500150660879829
74867240	0.500133069460279
74868641	0.500342342947424
74869230	0.500275854231132
74869990	0.500212829713601
74870041	0.500291019748066
74870391	0.500547550902668
74876711	0.500799102687229
74885011	0.500403235393566
74885080	0.500133572074117
74885720	0.500304064407593
74888111	0.528178385446641
74891980	0.500193907882919
74895131	0.500166707769599
74895361	0.500774503713923
74899580	0.500213368728416
74905251	0.500282508916459
74910750	0.50129157547288
74914320	0.500374924958117
74917001	0.500143770656986
74919461	0.500131950641611
74920101	0.500116482376306
74920161	0.500214129427517
74923141	0.508119410456915
74928931	0.500356205761593
74930460	0.500111950555291
74932381	0.500288610160864
74932911	0.500174994681439
74934781	0.503557212493322
74936181	0.500150975309867
74938760	0.500191117635264
74942330	0.500159441061477
74942450	0.500435880956788
74944320	0.500250424473418
74944491	0.611881085861689
74945601	0.50032287248262
74946950	0.514236183324084
74960170	0.500129134614443
74960460	0.5002134899586
74960921	0.500139963038219
74960981	0.500218674386855
74964141	0.500115227752652
74966480	0.500325630140832
74966950	0.500151071762292
74970750	0.500257942738717
74973611	0.500741825242991
74975080	0.504998711704664
74975550	0.500175514849959
74978240	0.500283544535678
74980921	0.500294458389255
74983970	0.500252359027456
74984030	0.500714083305582
74987650	0.502558374577206
74990281	0.500127256377377
74990631	0.500158493673867
74991510	0.500146643141243
74993611	0.500179356731949
74995020	0.500286680864371
74995840	0.500214984870284
74997241	0.50012598568053
74997480	0.500125719011566
74998180	0.500159416150322
75001160	0.500416698267452
75001220	0.500147374599908
75001451	0.50017667909346
75001621	0.500163803903041
75004260	0.50958321436661
75004960	0.500148599994396
75005020	0.500116754744211
75006950	0.500152956560887
75013970	0.501306220301999
75014551	0.500129403653171
75015430	0.500701516260001
75017591	0.501212154117367
75017821	0.512081225297808
75018880	0.500325187922086
75019350	0.500462685402585
75028001	0.500181835102785
75028060	0.500175124016693
75030221	0.500178264158416
75032100	0.500532745627544
75032160	0.500640636712536
75036310	0.500382564202739
75036600	0.504459603743952
75036651	0.500139752696913
75041391	0.500623310907018
75044081	0.500146080396515
75048060	0.500181964629708
75050691	0.50100382631496
75051160	0.500158594543643
75052501	0.500138386139351
75054781	0.500106644286232
75057121	0.505583148476475
75059581	0.500153525802427
75061160	0.500151491334399
75061690	0.501152384092468
75067890	0.500148683754487
75076541	0.500167302246926
75076720	0.50012168267988
75078641	0.505841926457594
75079820	0.500175862256287
75081681	0.500219064177286
75085311	0.500135518420896
75089060	0.500135927143734
75089461	0.500356475957607
75091801	0.500164164792558
75092040	0.500520347653369
75094021	0.500451133595735
75098001	0.500148587126236
75099760	0.500562400772509
75100050	0.500353089744255
75100870	0.500156403588285
75105260	0.500247817848827
75105610	0.50112903690434
75107770	0.50018064128781
75108880	0.501434720907076
75109470	0.505199276027393
75109581	0.500361619966018
75111101	0.500184718871651
75113500	0.500145149713038
75115080	0.500358452730578
75116020	0.500184490921308
75118231	0.500137069419235
75118701	0.50036185130825
75118821	0.500408992977927
75120170	0.500144691454123
75120460	0.500213961189692
75121220	0.500266593180283
75122561	0.500163919596439
75122570	0.500126340404226
75123031	0.50015089842513
75124440	0.50097171546053
75125960	0.50018731558547
75126780	0.500348308255772
75131050	0.500914493109664
75131280	0.500258507145343
75133150	0.500269962587625
75135900	0.503591101573071
75136541	0.501479701561183
75138940	0.500986287827219
75139931	0.500131035004907
75147480	0.50016111090692
75149051	0.500380186533961
75149060	0.500176246293242
75150870	0.500244627847002
75151451	0.500211657852456
75152741	0.500120944789489
75157250	0.501094000159173
75162501	0.5001566333485
75162800	0.500143702066362
75163800	0.500132363233441
75166310	0.500419290791873
75166720	0.501134067539014
75167190	0.501437928197493
75174910	0.500130919364822
75175251	0.500342003343627
75176481	0.500138512978136
75179760	0.500211993192438
75179991	0.500178293576447
75185841	0.500275896775822
75186430	0.500130325559046
75196660	0.500251366857255
75199760	0.500689825830295
75203031	0.50107515079346
75203450	0.500142004637618
75209820	0.500222575637313
75215081	0.500858172630057
75217181	0.50013999634021
75219470	0.500356782510768
75219641	0.500363486739625
75221810	0.50030302819375
75223911	0.501861806118967
75225781	0.50041084147432
75230000	0.500134627148934
75242971	0.500443670096736
75243270	0.500166997962232
75243851	0.50012876504986
75247310	0.500118808905031
75248070	0.500160137155165
75250341	0.500108424710622
75252690	0.500162624455752
75255030	0.500217140655437
75256891	0.500160627686611
75259410	0.500130776601929
75260401	0.500177584907334
75261170	0.500140113108136
75261921	0.500769180292698
75262630	0.50013135528242
75263151	0.500403434235928
75267361	0.50014970492938
75275730	0.500160893902234
75276200	0.500127621898236
75288531	0.500546579716805
75290051	0.502471707850967
75291691	0.658158504271452
75294440	0.501918444005908
75300051	0.500513106973494
75306191	0.502079938091339
75311691	0.500201914421807
75315610	0.500312917778957
75325551	0.500237437144098
75327310	0.500391091516161
75331101	0.50015932743204
75331861	0.508913956955947
75332630	0.500395075609582
75333680	0.500114917653439
75341460	0.502095603387795
75344671	0.502602999051267
75350581	0.500115428233413
75353450	0.500526119049507
75354381	0.500140035056232
75357950	0.500222168555677
75358181	0.519947911305602
75362741	0.50015860633155
75368181	0.500236326790519
75376721	0.503493173816729
75379821	0.500441663840809
75384091	0.530221972690098
75387541	0.509491307100223
75390521	0.500331594656494
75391050	0.50015091514924
75393510	0.500523484385907
75394270	0.500148165482608
75394620	0.50042311413398
75396200	0.500149250023438
75399240	0.50013489129204
75400641	0.500132498474922
75400700	0.500600578925618
75410401	0.500458848687829
75410470	0.500170795019113
75414560	0.50022554121139
75418070	0.501296510964392
75419770	0.500209103121355
75423160	0.500155033569912
75427831	0.502776901798751
75428600	0.504387083897148
75432810	0.500749276906608
75433561	0.500726533070342
75433570	0.50282380876814
75436320	0.500610035251011
75436610	0.500175896996381
75438591	0.500186434520805
75441990	0.500169423596292
75442050	0.500146236162233
75442400	0.500120790028509
75444330	0.500199806251039
75447020	0.500112443920858
75451571	0.500113470166719
75451691	0.500154476360135
75452041	0.500781497693087
75460581	0.500131313263028
75461990	0.500552322527489
75464390	0.50013282921955
75465261	0.500167393698672
75466670	0.500275205221583
75467080	0.500853677779347
75470991	0.500113543181728
75471640	0.500120172611995
75474031	0.500162917410261
75474151	0.501347318594533
75474441	0.500158703652887
75474680	0.500121030036153
75475030	0.500120400556784
75479471	0.500258915849833
75479650	0.501623484400267
75480931	0.500171707600462
75483450	0.500125166453767
75489881	0.500261525181788
75493331	0.500411881640731
75494680	0.506481263049428
75496721	0.500331945541572
75497020	0.500192972728143
75498190	0.500401477855007
75499181	0.500136688011067
75503510	0.500139395194831
75507310	0.500169344288212
75509420	0.516153714317862
75518181	0.500149659349107
75522050	0.507178120126436
75523570	0.500578652064828
75526200	0.500196850702088
75527251	0.50019084661367
75527421	0.500383046576708
75528011	0.500612865004663
75528310	0.653717920342491
75529121	0.500138871411913
75533801	0.500207838804262
75534620	0.500147881266034
75539881	0.611277966952258
75547490	0.500138098010959
75550060	0.500638781080694
75551930	0.500137486507733
75554450	0.500346138625388
75566661	0.51012019546755
75567430	0.500126954971537
75568421	0.500250796424167
75568651	0.500128554498524
75569061	0.500143689841533
75572571	0.500169485679838
75572580	0.500118273533148
75573280	0.500137463334402
75576081	0.500490485784545
75577550	0.501979588198991
75581760	0.500330098306237
75586081	0.501191431593678
75589300	0.500127290546124
75591410	0.500467794297044
75596380	0.505828167144738
75596440	0.500108491492959
75598071	0.500194484922487
75598250	0.500133625046026
75600411	0.500189572428417
75600820	0.500146279374489
75602110	0.500123030160533
75602810	0.500133169341621
75603160	0.500515072830997
75604151	0.500132917813658
75604680	0.500118702050293
75606030	0.500699592154409
75610001	0.500166654260999
75610761	0.500146038606773
75611401	0.500157843683046
75613220	0.500517235246563
75616730	0.500354264832319
75617891	0.50033575303379
75621290	0.500357958168774
75621410	0.502786285359646
75621871	0.501816481815019
75624800	0.500164937816926
75625270	0.500186334819028
75625620	0.500309454152624
75627951	0.500501247059273
75628310	0.502284682554544
75629411	0.500468031693432
75633271	0.500160610348517
75634501	0.5001359526392
75636030	0.500176235674862
75636841	0.500198828150498
75640590	0.500546776842501
75641990	0.500484478315081
75642751	0.500155017189465
75643041	0.500442488013702
75643511	0.500184503545681
75649420	0.500112146277054
75651290	0.500134959869976
75652221	0.504373224458907
75653400	0.50016336919415
75655261	0.501562693357696
75655560	0.500317469185852
75657251	0.505984379162014
75661171	0.500198498634251
75662170	0.500360575731727
75664860	0.50013793608877
75666141	0.500131247468633
75669471	0.50436277130309
75670120	0.500162549946645
75676431	0.500212377440266
75688481	0.500333920024224
75691060	0.502348564321273
75693331	0.500188678262865
75697781	0.500130076393606
75699420	0.500246889160757
75705970	0.50036627064
75706201	0.500171507177099
75716730	0.500187949987918
75717900	0.500134202852974
75722631	0.500135196601543
75726090	0.500112722915314
75729130	0.50014601428763
75729591	0.50283850418309
75730121	0.500147510514707
75735680	0.500211322465758
75742981	0.500573691503645
75747721	0.501062333596897
75747900	0.500116055800365
75749480	0.500410843395113
75749591	0.500179107201815
75750471	0.500980974665761
75751051	0.500165128044058
75755731	0.501029092556906
75755800	0.500138462613388
75756491	0.500352235812888
75759361	0.500797199905535
75766500	0.501394141171438
75768370	0.500656494100988
75774151	0.500224113880734
75775441	0.500206049363571
75776790	0.500927496802272
75778020	0.500155186522589
75778771	0.500374935014585
75781991	0.500156143811743
75782520	0.500153095212335
75784911	0.500266384325617
75785791	0.50098884945364
75788430	0.500198243445279
75790001	0.500930304766144
75801530	0.500207414872754
75802760	0.500350157598407
75807260	0.500255255448477
75811530	0.500167601570932
75814561	0.500201549180512
75815210	0.500276957007288
75819181	0.500763693395356
75819771	0.501035212749573
75826030	0.500417800044094
75836551	0.500172377635522
75838601	0.500128080217507
75841180	0.500145391164639
75842410	0.5004825335705
75846440	0.500122399218166
75846731	0.500258497988499
75848490	0.500127973961812
75848780	0.501292013818854
75848891	0.500303271146026
75853161	0.500140675259636
75854451	0.50015478538201
75856261	0.500126047913252
75858661	0.500254001184389
75859831	0.500186712758144
75865031	0.50034066647107
75866961	0.500334603305257
75866970	0.500136914253657
75867431	0.500229843609776
75870420	0.500164526193849
75870770	0.500116691232879
75870941	0.5004299563356
75871291	0.500338951943004
75871351	0.500138261663393
75872230	0.500129296476794
75872931	0.500164034683821
75881291	0.500473067416078
75887030	0.500117282619836
75887081	0.50014558842738
75889711	0.500144033547231
75890471	0.500163672570971
75890710	0.500117173755153
75893460	0.50422917942963
75895040	0.500393198021355
75896270	0.500123326591408
75896381	0.610723639714025
75897311	0.502765762865138
75900710	0.500933923898363
75904980	0.500129327553307
75911940	0.501513341061657
75913281	0.500134152234402
75916261	0.500198321225618
75916560	0.500780708975131
75921180	0.500127767155325
75926210	0.500132956969063
75927610	0.501101436320156
75934861	0.500643588667822
75934920	0.500113487326451
75941991	0.500167785703365
75942820	0.500335132219041
75942880	0.500292178622788
75943640	0.50058483028562
75951300	0.500118792795874
75954041	0.500169434620363
75955740	0.500187882751764
75957961	0.500208147253969
75958371	0.500181673098685
75959250	0.50368367801532
75961351	0.500202028196621
75963341	0.500296860816044
75963400	0.509590307824101
75964980	0.50013612800054
75967090	0.500188640194379
75968840	0.500267277191696
75970181	0.50015683493411
75971300	0.50014209431738
75974050	0.500123270362403
75977670	0.500157192269799
75983281	0.500373199028226
75985390	0.500424960418157
75987901	0.501118495525377
75992051	0.500157991288153
75993460	0.500359095891617
75995561	0.500662599904182
75995980	0.536791544209654
75997841	0.50017755819793
76002700	0.500118800723812
76007380	0.500460380583658
76010890	0.500859435402408
76024750	0.517397377966444
76025570	0.500142778047285
76026210	0.500142367204377
76028251	0.500752407475047
76032581	0.501766699396842
76036620	0.500116278754957
76039490	0.500125783989735
76040830	0.500204215047778
76042700	0.506080628149333
76044041	0.500149593397962
76045800	0.500121703429595
76046740	0.500122875549995
76047790	0.500132240275016
76050130	0.502093606127056
76052931	0.500176936778995
76053461	0.500551387559741
76054451	0.500144137853655
76054861	0.50019083447993
76056731	0.500142527697706
76063930	0.500320606498925
76065510	0.500140707874405
76066731	0.500455036428679
76071061	0.500333151732974
76073350	0.500112135290665
76079020	0.50085309917131
76081411	0.50016431699697
76083341	0.50012111772623
76084810	0.50037991077481
76093401	0.500136014397335
76093990	0.500140579815646
76095971	0.505054493841488
76101701	0.500218600420516
76110301	0.500145057886019
76112231	0.500386713690007
76112530	0.500120183250932
76118251	0.500119644115181
76121360	0.500129155598884
76121830	0.500614387830432
76124101	0.500186305500334
76125570	0.500282082546372
76126151	0.500134135826251
76131480	0.500746004989154
76135391	0.500692145447855
76136911	0.50016804966013
76137790	0.500174440043277
76145980	0.500652416592415
76147551	0.500160317258926
76150950	0.500180286380155
76152351	0.500156977534409
76154101	0.500112067485162
76158200	0.500133026778161
76158721	0.501520923903745
76161130	0.505546191874405
76163000	0.500167327066383
76165690	0.50010798430625
76170011	0.500228494012152
76171650	0.500225291354252
76171761	0.500216929212814
76172650	0.501716633461946
76173760	0.500273895816561
76173820	0.500145516297125
76175101	0.500358984174893
76176561	0.500155064754227
76179780	0.500133094874802
76180011	0.500179341511326
76185220	0.500141883662943
76188320	0.500135365167432
76190950	0.500232883310046
76193580	0.500840602670985
76194400	0.500143137854602
76196621	0.500748238745493
76197680	0.501183018848527
76199550	0.500181766538873
76199601	0.50045440220995
76202761	0.500147683573297
76204400	0.500158117353553
76206860	0.500142913177272
76209370	0.500130611053861
76211241	0.500131161738539
76213521	0.500607203710707
76224580	0.500193399327088
76227210	0.500995402786809
76227671	0.500237704029167
76229140	0.500210630669066
76229661	0.500154810209269
76230131	0.500126232882892
76230651	0.503918004240841
76235340	0.500786155540076
76237381	0.501326608074703
76238371	0.500204860083821
76239601	0.500139236519858
76241950	0.500404179759256
76243410	0.50012844007684
76247031	0.500220023462716
76247851	0.503821294073429
76253700	0.500118886711352
76259140	0.500144637162176
76263231	0.500138143881066
76266621	0.501038698017886
76269601	0.500854062691506
76270950	0.50015842802657
76271121	0.500130579215947
76272001	0.500146139910994
76273171	0.50033905687041
76273231	0.500221588936538
76278901	0.500281860201405
76279080	0.500290100056477
76279960	0.500799210475586
76280840	0.500226361466316
76281070	0.500121568568546
76285801	0.500537016442388
76287851	0.50347682564588
76288910	0.500621654676355
76289661	0.502676128131802
76291360	0.500159045055045
76294110	0.500566842385951
76296450	0.502686069333525
76297381	0.500302200807907
76300711	0.500133011549007
76300951	0.502783553412772
76302530	0.503997422375682
76303120	0.500120793359498
76304460	0.50112683275488
76305921	0.500154184973313
76306091	0.500310081338796
76306920	0.511385014538246
76320831	0.504185450633003
76330370	0.500127170607108
76330601	0.50032869515569
76335750	0.50074465784299
76340601	0.522288438250191
76342240	0.500410517641697
76344170	0.500147646255143
76348380	0.500164514039418
76366151	0.502360613921729
76369140	0.50070001767444
76375340	0.508936295801502
76378961	0.501730497483701
76387031	0.50092451565924
76387091	0.50105798474867
76393231	0.5176483490467
76396971	0.500143082759864
76398961	0.501837403262825
76400891	0.502358119162497
76425110	0.500215542220506
76425520	0.508751171045361
76427860	0.500138400687229
76430550	0.501966520082739
76438850	0.502591541117278
76439200	0.500899907823219
76440661	0.500171236128758
76441660	0.500243941498215
76446860	0.501944039658179
76447510	0.500127447875902
76456510	0.500225168278917
76457911	0.500210311555072
76463931	0.500739698727738
76464871	0.500220922061019
76464931	0.503310625492184
76465110	0.500268753431898
76473470	0.500141725922032
76473991	0.500329080330358
76478321	0.500135995641315
76478850	0.50012609486955
76485460	0.500153015035199
76486920	0.50018368980734
76489841	0.500251326334181
76490900	0.501361335495537
76491361	0.500118237506663
76492480	0.50315382702742
76494401	0.500199833067975
76504470	0.500150151899686
76505161	0.500156149050375
76507920	0.50014202231122
76512121	0.500338143086915
76513991	0.500165048101719
76515691	0.500133062441788
76519320	0.500131283282399
76521660	0.500128931183943
76523240	0.500323221196711
76525110	0.503854443836709
76529090	0.500182868590928
76531421	0.500163827214755
76536921	0.500882105998054
76543590	0.500451982952283
76543821	0.500122453549089
76546570	0.500237838390468
76550490	0.500112714474255
76550541	0.501050876634178
76551301	0.500284137985491
76552130	0.500227122275163
76552540	0.500495232608502
76557510	0.500376213243932
76557980	0.50012793131557
76559611	0.500359004610932
76561421	0.50019335305183
76563061	0.504840449642198
76569781	0.500618588802517
76571711	0.500556252535292
76573641	0.500150028105878
76582770	0.500187545966169
76583530	0.500503102040192
76583881	0.500525919073048
76585640	0.500551250210426
76586400	0.500119412509734
76587980	0.500260857056065
76593240	0.500483864847344
76600260	0.500224809408769
76601071	0.500182917609052
76605170	0.500143126132572
76605221	0.500129696963579
76607570	0.500151168658747
76608441	0.500121282366202
76616101	0.500130587236835
76617800	0.500134869926553
76623710	0.500509841259884
76624461	0.500112305141962
76624470	0.500110902189787
76630431	0.500133667470312
76630490	0.500146160433112
76631370	0.500127496726178
76631891	0.501472440308889
76632070	0.500110214918287
76633701	0.500859861925574
76635290	0.500172811329527
76642420	0.500150721675676
76642531	0.500221086787239
76642941	0.500119777915856
76643940	0.500336867965522
76644641	0.500206266575229
76653420	0.500142204756207
76654871	0.5002113978143
76660081	0.50013075050156
76669841	0.502570384778597
76674590	0.500142153824715
76680311	0.500223755163654
76681430	0.500288585828776
76683701	0.500152380760403
76684991	0.500144827787738
76685230	0.500139740576892
76695350	0.500219524613485
76699620	0.500269679419658
76702130	0.500202033270248
76702950	0.512406927100532
76708211	0.500193803067649
76708971	0.500151049964695
76710021	0.500175923420556
76716400	0.500183997910277
76721541	0.500236908336136
76725290	0.500152500739185
76725811	0.500315113682588
76728211	0.505050938079552
76729440	0.500201981024696
76732071	0.500179010124618
76735990	0.500126430883468
76737220	0.500135694230691
76739620	0.500193504531646
76745640	0.500781278537598
76746631	0.500252219650453
76753821	0.500138335960484
76754581	0.500141865536281
76755230	0.500837894803901
76755990	0.500345625342005
76756101	0.501766779689685
76756691	0.500174223402904
76757280	0.500123112193269
76760200	0.500525702278069
76760371	0.500131432032924
76762071	0.500449304423209
76762130	0.501199890104604
76763061	0.500410546413543
76763591	0.500140146908196
76767801	0.500132430015249
76768151	0.500125400514093
76771311	0.500135490753338
76774590	0.500111016388588
76774940	0.500194300254706
76775640	0.503194709323367
76777391	0.500308691700523
76778621	0.500164306207173
76781080	0.500132885253549
76784530	0.506969167357079
76792370	0.500260067980766
76793121	0.500175769197121
76794060	0.5005172309839
76798330	0.500334518149701
76798791	0.500516775841644
76799611	0.50170400454039
76802361	0.503737458101021
76803411	0.50012536946141
76808091	0.501229605186377
76811951	0.500282425181583
76815350	0.500752398016191
76816400	0.500730672107509
76818920	0.500288073974396
76822481	0.500162599475093
76831550	0.500702880222311
76835231	0.500910767051245
76838450	0.500300016557754
76847391	0.500167786577224
76852310	0.500132580841884
76853651	0.500490072508727
76854120	0.500175685474897
76861260	0.500970200171058
76893130	0.50057761892845
76903531	0.500804725686308
76906571	0.501481082317776
76909091	0.500302086153026
76914360	0.509922397901127
76915521	0.500203977992685
76923941	0.522536459681381
76928741	0.500143481575468
76933651	0.500989132706132
76952891	0.500172473264853
76955000	0.500159499340947
76957041	0.500131552412901
76960491	0.5008562722101
76961431	0.500211903333317
76961550	0.500443074799379
76963011	0.500134828138834
76964411	0.500154055562961
76968860	0.500176644897148
76970030	0.500160514994184
76974531	0.500190097797513
76978980	0.500792750096747
76985931	0.501156380751861
76991670	0.500252539841095
76993950	0.500327747057408
76994761	0.500514280680985
76998971	0.50025793405194
77001140	0.502360166328855
77006401	0.50016950504335
77006580	0.509121290446802
77009860	0.519502808160136
77010560	0.500145869533225
77010731	0.50017600839619
77017861	0.500245969091973
77020790	0.500146404237755
77023011	0.500830989763939
77024121	0.50013855329087
77029091	0.501172946794387
77034650	0.500127346094688
77038041	0.500763921621125
77041200	0.500144664995302
77044070	0.503124040143556
77048741	0.500371889452139
77051141	0.500138784392251
77057101	0.500335130924294
77061320	0.500223241518498
77062490	0.50022785350283
77064300	0.50033006011918
77065240	0.501376664573544
77068920	0.50011968455101
77070261	0.500169971775617
77076640	0.50028947004622
77077981	0.500260866066455
77079791	0.500271418748878
77081141	0.500367153670991
77085821	0.500815322595809
77087050	0.500145484745656
77087990	0.500217877278615
77096581	0.510145019826525
77098861	0.500160378283687
77104121	0.500668880228997
77105180	0.500261761115832
77107640	0.500313392488822
77108041	0.50011605470958
77109211	0.500450686377864
77110261	0.500167922757474
77111030	0.500179591954914
77120500	0.500287193468443
77124651	0.500238234641189
77132951	0.500339683049418
77135351	0.613083734593126
77137930	0.500108931075793
77142080	0.501285324105827
77150560	0.55511537468652
77151500	0.500964885903745
77152610	0.508897946320086
77155590	0.512885082284436
77156991	0.500133601845981
77162191	0.500188150377292
77165061	0.50013209319572
77169151	0.500312689289423
77170270	0.501242400695222
77170851	0.501584166864288
77174190	0.500285616238634
77176231	0.500118596219496
77180441	0.500132923128895
77184420	0.500477936509591
77188451	0.500593816396925
77195291	0.500232789808071
77197170	0.500141827451247
77197341	0.500197253960804
77197811	0.500127385959571
77199911	0.519358640764527
77203020	0.500333699369716
77204420	0.501105483786469
77205940	0.502062697133171
77209501	0.5001867738239
77210671	0.500140444176349
77211261	0.500150641593586
77211491	0.500199290396601
77212200	0.500118513036568
77214591	0.508403695704466
77225411	0.500155027062917
77235121	0.50014356572002
77238041	0.500162003230412
77242431	0.500236058553116
77243891	0.500191174188515
77245650	0.500371805584038
77249510	0.500141324993757
77254771	0.500991209104605
77260791	0.500657678191485
77263011	0.501846077059306
77268041	0.500151648030697
77268221	0.500122647177967
77268690	0.500420100605362
77268810	0.500136982961073
77271201	0.500159716825379
77271380	0.500155733370454
77271440	0.50030728797306
77274181	0.500185292275638
77276760	0.504336906982519
77311560	0.500213994945834
77323831	0.500194515183674
77330501	0.500110667969676
77332371	0.500134678647258
77338340	0.500160923711819
77341791	0.500152620152057
77346761	0.500191088812007
77354361	0.500143290843305
77354950	0.500257566525409
77355130	0.500132422975218
77368101	0.500333994089658
77369570	0.500156532644322
77372790	0.500160877950746
77373370	0.500124386957422
77373960	0.500163559821325
77384131	0.500292971307011
77386351	0.500234576742336
77386991	0.500172048834848
77397931	0.502247127401448
77398691	0.500195682942814
77399331	0.500130273346904
77400570	0.565956890817381
77410160	0.500132478727764
77412611	0.500333623259705
77413601	0.500156772702142
77417470	0.500181419958637
77417521	0.500183179119288
77426991	0.500141691571535
77427060	0.506670526682065
77427290	0.500150536767236
77427350	0.500118475334725
77427521	0.50012857366888
77427871	0.500628395608517
77428751	0.500124940586305
77429280	0.500132015238727
77432440	0.500576685555295
77432670	0.500858407440755
77436411	0.500175115898636
77439570	0.500278720027945
77443140	0.501197802232151
77444250	0.500328313853645
77448341	0.501273494390968
77448460	0.501046350354663
77450100	0.50019474138069
77459921	0.500696732401254
77460570	0.500122794463247
77460681	0.500173891802583
77460740	0.500212399000373
77461150	0.500244184986023
77461381	0.500130857721138
77462090	0.500155362063857
77470091	0.500536341423207
77475941	0.500158275967481
77478290	0.500246258347758
77480151	0.500119305024196
77491091	0.50012407418059
77492491	0.500646802541889
77494011	0.578395941629964
77494131	0.500184652870681
77494370	0.500138162497881
77495250	0.500133191357874
77499110	0.500575265307769
77499161	0.500196284482927
77499280	0.500345889719462
77502090	0.511962468443932
77507180	0.500146390383853
77510681	0.500130878673881
77510741	0.500148416784714
77516001	0.510575646779659
77516300	0.502027893530214
77517940	0.500121028681292
77518230	0.500139890733274
77518520	0.501734134061409
77519511	0.501473458234929
77522790	0.502900172958245
77527120	0.500138835157587
77527940	0.500440006898619
77529571	0.500489073913431
77529801	0.501794413921152
77534771	0.500455170680147
77538700	0.500132616254908
77541270	0.50013514912095
77541330	0.500125564828454
77544370	0.500162116977003
77549870	0.50019514792613
77558341	0.500164121808893
77562910	0.500126986597782
77564310	0.500344775155783
77572141	0.500209893859694
77577060	0.50112461051208
77580041	0.500118613240545
77580280	0.500387434564649
77582321	0.503930654194942
77582970	0.500133598623891
77590160	0.500119878172177
77592141	0.500236914766449
77594900	0.500862425261671
77595771	0.500140493757449
77595831	0.500682992317028
77595890	0.500132119716326
77596531	0.500279769875411
77597880	0.500149222989808
77598811	0.642259549823529
77599110	0.500128451334773
77605190	0.50014996799755
77608111	0.505653374528591
77608290	0.500195887060609
77609460	0.500138950382614
77609810	0.501481628134789
77612150	0.500200825521959
77613380	0.500241261779515
77616010	0.500160938453803
77618760	0.501210914355715
77629981	0.500251477669676
77631621	0.500143676486671
77632611	0.510132779804097
77633781	0.500290938191165
77637060	0.500501698003166
77639921	0.502437697510741
77640861	0.520092940892228
77641450	0.508316372928143
77642381	0.500390940945315
77642970	0.500815938993028
77658760	0.500224032557882
77659511	0.50017826595656
77661091	0.500347732161127
77662440	0.500153633416085
77666061	0.500135769226226
77675720	0.50017027519132
77686471	0.500297876233714
77689571	0.500211540472271
77695190	0.505056678989412
77698350	0.500255296634192
77699751	0.500140086240581
77699870	0.500151569375087
77700741	0.500172045039802
77701390	0.500144634745269
77702031	0.500197475300691
77702090	0.500130740129684
77703090	0.500190406251454
77703611	0.500662240393331
77704661	0.500127331872777
77707351	0.503975450174144
77708000	0.500615910438083
77708470	0.500357400007759
77709580	0.500527927376958
77710400	0.500208444622082
77711271	0.500293798904484
77711920	0.502103148136237
77712261	0.500194597068108
77714311	0.500129558041408
77720041	0.500312139326939
77722321	0.500824075241134
77723781	0.524188387975022
77727351	0.500240360175822
77733670	0.500260108199387
77734840	0.500351166528454
77735421	0.500114502011783
77736190	0.500170075678725
77738470	0.50020478178313
77744140	0.500172292434923
77745310	0.500364628475584
77752150	0.500149376304909
77788291	0.500202396881772
77792390	0.50039654981359
77807291	0.500587572647665
77807360	0.500224873222143
77809930	0.500163676720193
77810741	0.500185938919605
77818410	0.500264072743793
77818880	0.500148935969737
77823380	0.500122311204699
77827061	0.500130067512292
77828120	0.500128093683912
77832330	0.588088529891357
77835310	0.500166118461466
77835780	0.500115634203918
77861681	0.500131113157289
77863491	0.50021571764674
77871280	0.501991281066956
77873141	0.506085508400401
77873491	0.50013815254851
77877300	0.50099930292804
77879811	0.500326637237147
77880921	0.50012668022259
77882151	0.500158638100999
77882791	0.500403752361969
77884260	0.500612656999053
77884670	0.501734201803117
77887710	0.50211083282858
77889410	0.500195554885039
77891041	0.50014924734162
77900451	0.500155796377772
77904371	0.500153210605249
77918060	0.500140606778576
77921750	0.500216976629089
77923731	0.503165521335637
77928590	0.50013193194317
77928701	0.500188063192802
77934200	0.50020782284398
77936301	0.511534590925491
77936660	0.508945563635627
77938530	0.500127207132543
77941160	0.501413036563462
77944260	0.502315437525219
77946250	0.500266409543454
77948060	0.502540061160948
77952911	0.500338214801213
77955200	0.500966461242688
77956711	0.501270326531938
77957241	0.501449138833388
77958991	0.500407250328227
77959350	0.500213192581678
77959640	0.5001240643612
77963201	0.500262877230535
77963961	0.500131466606804
77963970	0.500320150652397
77966011	0.50017102838311
77970580	0.5001586492976
77971570	0.500741009603009
77975191	0.500137313005371
77975900	0.500668435689951
77979051	0.500379132834693
77981160	0.500658905156282
77983611	0.500325444247049
77987950	0.500132882516566
77992390	0.500122521915145
77993321	0.500139643708267
77994021	0.500203185042179
77997121	0.500146814742734
77997360	0.500133377218975
77998351	0.50014409724883
78001340	0.500125036317513
78004611	0.500178728533397
78007540	0.500205335938989
78009811	0.500256207039234
78010400	0.500209396924346
78010691	0.502951874845137
78011861	0.50051232715872
78014491	0.500133111108301
78015490	0.501131197708639
78017181	0.500125415566168
78017711	0.500259867253529
78020110	0.501213621525827
78025960	0.500144702522973
78026071	0.500134660684973
78026310	0.50013216715468
78027010	0.500133748097171
78028291	0.500155353787969
78028650	0.50012428607738
78029461	0.500138529137918
78029581	0.500139294807658
78029700	0.500127455984138
78029871	0.500135932021481
78030580	0.500151600818957
78030870	0.505281072824753
78032220	0.5001208604172
78034910	0.500127936662853
78035781	0.500363390035143
78045191	0.500169228194127
78050571	0.50043480546636
78053791	0.500133791439012
78053851	0.500181967942013
78054781	0.500160712793602
78056020	0.500378764946997
78058641	0.500161101035796
78061220	0.500132709735941
78062860	0.500133223564349
78064901	0.50025027108762
78065670	0.500402522725947
78076071	0.502710906851854
78077600	0.500207377801343
78079410	0.500494867519073
78084730	0.500197000526185
78085251	0.500122100563809
78091101	0.50159754633016
78091340	0.500165658744259
78092510	0.500136135950791
78094090	0.500142872691559
78095311	0.500123955895691
78097361	0.500120495070644
78099171	0.500121307824857
78102391	0.502070441811397
78102980	0.514490492835185
78103381	0.500246358771771
78104730	0.500597963290987
78106361	0.500261766069144
78109461	0.500899151595347
78117890	0.50059973126117
78118010	0.507796177690319
78118650	0.500122183973822
78119410	0.500246327724076
78119871	0.500144289225312
78122971	0.500913136650101
78124850	0.500129569128173
78125311	0.500183705703726
78125610	0.500472202858833
78126080	0.502177637058726
78126660	0.500224882465805
78128181	0.500149930703585
78128411	0.500313807159826
78130350	0.50012237397131
78136900	0.508005493443997
78138420	0.500122633684519
78144790	0.500116095005898
78149871	0.501470501387947
78151110	0.551503159505839
78152621	0.500211057563712
78156191	0.501085372531068
78158941	0.500122464032415
78159641	0.500122249895125
78160000	0.500130219867535
78160401	0.500134666778489
78160930	0.513262103960012
78162271	0.500379620933103
78164901	0.500192470920334
78168121	0.500132616118967
78172391	0.500546196379331
78173501	0.500164854084827
78175320	0.500257848617587
78182211	0.500519057694163
78191460	0.500233380480392
78191861	0.500128141116176
78193100	0.500137147932786
78195491	0.500253851066695
78206951	0.500153452092351
78207651	0.500671340489059
78209931	0.500141316221125
78211460	0.500143269721862
78213151	0.501444416878989
78213270	0.500162152719776
78214791	0.500350879911848
78215081	0.500138648130922
78218411	0.500152485665988
78219761	0.500126620652352
78226311	0.500896052769233
78226840	0.500139769504484
78226951	0.500173725065639
78230820	0.500478683713806
78231460	0.500830642657682
78244910	0.500249929942883
78245841	0.500155692019605
78247011	0.500190545949463
78249060	0.500349294648363
78252801	0.500126173944917
78254440	0.501096459942739
78270751	0.500120109093942
78271981	0.500165772397724
78273510	0.500358096106476
78275841	0.500134424106
78283211	0.500145030294939
78287421	0.500135646495367
78287780	0.5001397059337
78289701	0.500261976546163
78290171	0.501119727648118
78290350	0.500310435790472
78291161	0.502112629286928
78296140	0.500147355915527
78296371	0.50043312671659
78298181	0.521460725055269
78304620	0.500140837485189
78309761	0.500211230250804
78317780	0.500136889386813
78332280	0.500446456031763
78335500	0.500181280520229
78339821	0.50126293028373
78339881	0.503115896612958
78340581	0.56588593466829
78341691	0.500120622409268
78342050	0.502251689423783
78351230	0.500501872211714
78351640	0.500387518129732
78353271	0.500154901993799
78360581	0.509294335104069
78362451	0.500685751596572
78363160	0.512331261669282
78364091	0.500230940107142
78368301	0.500474210805415
78370350	0.500121305755423
78370641	0.500179727912928
78371341	0.500257714953252
78374091	0.500462266217837
78376371	0.508577360812472
78379881	0.500259406954305
78382400	0.500136849555443
78384911	0.500223766811301
78395090	0.500622967658423
78400991	0.500673070390624
78403741	0.500282205267919
78403920	0.500369310595773
78406200	0.500172913062623
78408130	0.500208828442101
78408250	0.500357829865223
78409240	0.504922818020324
78409770	0.500153968050048
78414791	0.50025461115441
78418250	0.502834740696529
78423280	0.500362039907587
78423570	0.500370598019835
78423860	0.500891192518325
78429761	0.501140054835583
78432161	0.500185029055407
78436200	0.500333552600965
78436900	0.505755728076788
78436960	0.500519653607618
78437071	0.500146347528405
78443391	0.500688487262659
78450880	0.501378935212346
78453630	0.502035306470792
78459770	0.500180574077758
78462041	0.500131139703249
78462870	0.500339420660458
78462921	0.500767435509752
78463391	0.500689655124789
78463920	0.501212687902817
78465611	0.500348109185999
78468950	0.500154976316749
78470931	0.500151214534068
78473690	0.500470292057156
78475611	0.500158273401742
78477601	0.50013550561522
78479351	0.500289446729004
78479591	0.500437660550023
78481811	0.5010348942585
78482810	0.500216280458455
78485731	0.501490509986063
78496311	0.50063149331271
78496320	0.500667425098904
78496960	0.500893327964063
78498190	0.500799450155023
78499471	0.500160679474621
78502281	0.500629179665961
78503630	0.500266638413906
78508011	0.500556846613446
78515680	0.500147602235362
78515850	0.500431536616309
78516901	0.500170121731783
78521700	0.50107115198257
78522341	0.500157908329473
78522571	0.500150717345569
78525731	0.50011013131751
78526901	0.50107416264645
78527951	0.501773106987126
78532810	0.500139138975965
78533681	0.500116543075367
78539300	0.501149758607136
78541341	0.500223684703481
78544100	0.504523689935845
78548651	0.500143847531752
78550351	0.500149698381613
78556021	0.500575306317242
78562631	0.500725875828593
78565321	0.500712677413221
78567140	0.505948237882028
78579480	0.500204213387146
78586431	0.500132246243654
78587840	0.505873197651145
78588131	0.500136497236014
78588660	0.50016690494846
78590061	0.500157952380475
78590940	0.500147105100553
78593451	0.500127717570129
78599420	0.5002034518174
78600590	0.518660986830055
78602571	0.510098696033748
78608421	0.531076850849115
78608660	0.500153430600083
78609950	0.500194206515394
78612401	0.500124678305097
78617670	0.501661642401093
78623280	0.500133354345313
78633331	0.507955906205759
78645620	0.506825986398165
78652290	0.505563206507964
78674220	0.50016251072727
78682520	0.500198878514531
78683921	0.500486233988924
78687601	0.500142772901811
78696961	0.528005953532985
78697601	0.500157920875697
78699600	0.501656185248277
78700411	0.50200280200015
78701880	0.500354653405231
78706321	0.500118883809532
78706551	0.500209262618712
78721760	0.500249492329079
78723041	0.500855596084456
78736491	0.50016447012176
78738601	0.500695419905515
78740710	0.502986995286784
78746150	0.500111047235236
78749480	0.500164631962742
78751000	0.501849970617474
78765151	0.500224262478252
78767730	0.51022125165943
78767790	0.500169442777337
78769540	0.500407834079172
78770351	0.500155993435851
78770591	0.502500808603535
78774220	0.500137793014446
78775100	0.500162009425103
78775381	0.500124437671068
78775620	0.500133976503824
78775791	0.500418749826348
78781231	0.500151058070387
78784211	0.500204585169547
78784340	0.500112494470777
78789480	0.500247991365718
78792751	0.500180442027442
78797440	0.500139102448982
78798191	0.500130588856678
78812290	0.500607632262603
78824451	0.500208001728336
78831880	0.500219333067618
78835501	0.500527968406102
78836090	0.500857511351035
78839190	0.500299792388645
78840471	0.500293286523865
78846731	0.50031856726207
78849950	0.50015531611813
78850941	0.500191408116804
78852461	0.500180515812559
78854041	0.500222544273762
78857610	0.500241365654649
78859301	0.500223445896298
78861351	0.50012387503552
78866270	0.500166519479056
78867371	0.500633589045993
78872880	0.500137022487506
78878900	0.500117317381402
78884980	0.501778348195483
78885271	0.500466687217513
78891650	0.500278748886602
78893050	0.500225385977731
78895860	0.50016075948329
78898021	0.500827925397898
78902461	0.500149029709856
78904511	0.500169578077527
78906740	0.500198099346403
78909131	0.500207469268963
78910360	0.500449663204966
78910770	0.500126483748616
78921650	0.502662805916727
78923221	0.500205086401308
78929780	0.500138040960559
78930531	0.500133495983579
78930651	0.507099133891991
78930941	0.500635578888662
78933631	0.500153435882057
78938251	0.500399162734527
78938431	0.505710339340913
78941650	0.500126412010187
78943051	0.500659884625304
78950591	0.500119950709214
78950941	0.50013572726377
78953930	0.500587132180986
78957261	0.514597768198387
78958610	0.500223191462359
78960130	0.500124053235566
78960301	0.500171801257171
78960941	0.500671802100888
78962461	0.500761105469565
78963460	0.500274022998629
78965100	0.500185437164252
78971590	0.50012037183438
78971770	0.500132058996396
78973110	0.50012270642095
78984110	0.500464883266678
78984451	0.50013651023024
78986851	0.500145640787411
78988140	0.500345486853948
78988841	0.500114594864536
78989490	0.500172106467651
78990241	0.50047436645098
78992581	0.500358259165526
78993221	0.500643614646644
78995391	0.504190283983296
78996381	0.500120762639918
79009831	0.501081085100484
79013700	0.500221383662734
79017671	0.500309045414716
79019900	0.505604277336509
79020660	0.50020745244887
79021770	0.500152755177161
79022410	0.500147808226327
79028140	0.500683128324635
79031351	0.500483154901425
79031590	0.500216610537281
79034571	0.500164362668144
79036851	0.500121912490227
79038960	0.505286429507423
79040830	0.500164291226643
79041821	0.500154253099678
79042171	0.535875679832251
79042410	0.500121838993742
79043281	0.503700828755053
79052171	0.500701416132
79057440	0.500295085696985
79059421	0.500301534164098
79060720	0.500471847769104
79061360	0.500204197261677
79063281	0.501298388022367
79066040	0.50084902874672
79066971	0.500130611379735
79070071	0.500504796075045
79075340	0.501249830629744
79076911	0.500223826622925
79077970	0.500119891912197
79078030	0.500144345382055
79078260	0.500188463794957
79078790	0.500136773547853
79082820	0.500320772992498
79083580	0.500141560675076
79083691	0.500144533350368
79089900	0.50012609202372
79092001	0.500151772070576
79094400	0.500420314439248
79099541	0.50511661430525
79103111	0.500204763093307
79104750	0.500266773462978
79105280	0.500300356532937
79107261	0.500135291078779
79110190	0.500323025689312
79112761	0.500133346374048
79115621	0.687785974302844
79115630	0.502906602800125
79115920	0.500768252284877
79116800	0.500628776060479
79117560	0.500118427316991
79119370	0.50011551674052
79123470	0.500224311772213
79125041	0.501458411576842
79127031	0.500616478228953
79130600	0.500137612345384
79132180	0.500134207748107
79136911	0.500193555037579
79137620	0.500149537602461
79141540	0.500623075517918
79146510	0.505551773232969
79150720	0.501728413686167
79152240	0.500157699560206
79154870	0.50159104845571
79156450	0.500128811103797
79158431	0.500485169569228
79163051	0.509077861309246
79169080	0.500210586095638
79172590	0.50013664127676
79175451	0.505164198820304
79178380	0.504407894798383
79181360	0.527926660912213
79183111	0.519461397527939
79183700	0.500171765252082
79186040	0.632397435903173
79186510	0.500122984571328
79187791	0.500129664333179
79193410	0.500269971466429
79198380	0.500594673702265
79200020	0.500264664864004
79205861	0.502179887634991
79207321	0.500135703139109
79207330	0.500203690385255
79207671	0.501192515176298
79211130	0.500141745667765
79212530	0.500120895908661
79214230	0.500637010153793
79214341	0.503870387271924
79215801	0.500639977035151
79216091	0.500669305756698
79217441	0.500118657997943
79218201	0.500175910445869
79222590	0.500211102259981
79228961	0.500303964089411
79233350	0.500192447278533
79233410	0.502059381912336
79239781	0.500150862638737
79243060	0.500140261431139
79243811	0.501109345415088
79266630	0.501371779532777
79266971	0.503489701080609
79268551	0.500132913511981
79269081	0.502417026867347
79271941	0.500273292142241
79272291	0.500287215898983
79276040	0.500124434595875
79278201	0.50016507376143
79278841	0.500156545890431
79282351	0.500129948702278
79290011	0.510146893436443
79292830	0.501687706342146
79294751	0.500147929445696
79296160	0.501977269542774
79298201	0.500549328124427
79311600	0.500168765889411
79315690	0.502903585715592
79321421	0.508899310656384
79323351	0.50015849663782
79325511	0.500255943775497
79326920	0.507200715585759
79327441	0.502102470103769
79330481	0.500652009051285
79338901	0.500167708742922
79341011	0.500285209458829
79342061	0.501071530536477
79342121	0.500141427068238
79343410	0.500530524375019
79346331	0.500291482048087
79350071	0.502968437190333
79351720	0.500139949274016
79355281	0.500189072755297
79357031	0.500176244431498
79357851	0.501017433906755
79358440	0.500253260295957
79361480	0.50033397017463
79366690	0.500229143236471
79367330	0.500998025620938
79372061	0.501584745724475
79373931	0.500151815275169
79374350	0.500123859370313
79374461	0.500151138590328
79390430	0.500574029124031
79395921	0.50149767940582
79399431	0.519671052741453
79399781	0.500147184325866
79400490	0.500136648971524
79407441	0.500225652521957
79407800	0.500559246069732
79412420	0.500281191366272
79413931	0.500417651604267
79414171	0.500113390351545
79414700	0.500129918734009
79415460	0.500611425814139
79421540	0.500278650845571
79425981	0.500121041573973
79428500	0.500123209896882
79432181	0.500310584598777
79434820	0.500126261538816
79438090	0.50011472870343
79440661	0.500188510361751
79441190	0.500386607233745
79441540	0.501096382145743
79444171	0.500163098630253
79444410	0.500177675567256
79446101	0.500232279236573
79446690	0.500832466178942
79449961	0.500167271115566
79450311	0.507453273293077
79454991	0.500134139742702
79455400	0.531015502671476
79456980	0.506191762268872
79457091	0.500205759173119
79462480	0.500455525941755
79464461	0.500149870105567
79475870	0.500118463499664
79477561	0.640290747394202
79481301	0.500127761721428
79481361	0.503865135690019
79481660	0.500150979681862
79485571	0.500463115431216
79486331	0.500135917463788
79487100	0.500183287507016
79487151	0.545193569339716
79489850	0.500380551111585
79490550	0.500365467711665
79497450	0.500934242292867
79497920	0.500516438904709
79498031	0.500262647923858
79506340	0.50094803242319
79507271	0.500556531251163
79507501	0.500277611875123
79507920	0.500895687074112
79516220	0.500252738170046
79516630	0.500172202570577
79521011	0.500140261203587
79522241	0.500111162052703
79523061	0.500175508113515
79523641	0.505210180003097
79527510	0.500141862933196
79532531	0.500115315521278
79532600	0.500460793332962
79532881	0.500114757716047
79534410	0.500142169176634
79541601	0.500150004392228
79542130	0.500188640107612
79542540	0.500154463452659
79543360	0.500132500223774
79551011	0.502624816271012
79552480	0.500124067446602
79554051	0.500195134651964
79558731	0.500261760015592
79559090	0.50013064253637
79567271	0.501367074516679
79567971	0.500200288549002
79568680	0.500122078585528
79570081	0.50034490914847
79570320	0.500143274183004
79574461	0.500244488730262
79574701	0.502043996390738
79575281	0.508178353461163
79577980	0.500249222852993
79583701	0.500367494567469
79583710	0.500416767989439
79584350	0.501299827502519
79584641	0.500133104373907
79587860	0.500638138249242
79593240	0.500152887306982
79602771	0.500118158267046
79603351	0.500966365183938
79604350	0.500159805841664
79611601	0.517126862846455
79611900	0.502798249819002
79615111	0.50091185100277
79619671	0.500137167555842
79619790	0.500146097996337
79622070	0.500148037418491
79622190	0.500135930400913
79628270	0.500811509837899
79629261	0.50040308110765
79630841	0.500733318094879
79634470	0.500225840462591
79635580	0.502320799574711
79639150	0.505701797692293
79639440	0.500386998510056
79643121	0.500146255530157
79643300	0.525612367313965
79650431	0.500114714180306
79662250	0.500290456208163
79664590	0.500224638713313
79666400	0.500184488980509
79666520	0.500138823999202
79666921	0.50453151521258
79673761	0.500143074325789
79674171	0.500280692444372
79674641	0.500260971813172
79680431	0.502053723168469
79681020	0.500129738089049
79684240	0.500158330180936
79687451	0.50129298470913
79691020	0.500123015337912
79692651	0.500187190438264
79693770	0.500161932019331
79694060	0.500852292302424
79694300	0.506853359837632
79697271	0.500125937177814
79700320	0.500135540795231
79701020	0.500566919137975
79704231	0.500576200863768
79706230	0.501034362639152
79706341	0.500168368380597
79709671	0.500164668016423
79710030	0.500143089040627
79711721	0.500798033828527
79713181	0.500693982878298
79713540	0.501990513575905
79719031	0.500119375655196
79725990	0.506506315962619
79727750	0.500268146933958
79728160	0.500245346671763
79734231	0.50132990502444
79735060	0.500644304282232
79736870	0.500147183694345
79742481	0.500126723636334
79742950	0.50016066471556
79745051	0.500354876207799
79753301	0.500129761683189
79756230	0.500177259817049
79757331	0.500888942860171
79766230	0.500298367605227
79773301	0.500186356481877
79775401	0.500322474303665
79786580	0.500247874979347
79802080	0.500645027416923
79806230	0.5004614907332
79806341	0.500158445102623
79826580	0.50157824227928
79827391	0.502755643158123
79832541	0.505768127398832
79843420	0.50018457992677
79849441	0.500129480776713
79849740	0.500197969928047
79851371	0.500242133840924
79853301	0.500582458052354
79865760	0.500186849761482
79872831	0.500140933083054
79874240	0.50025392229879
79875060	0.500145520021763
79877520	0.500270432402035
79878100	0.50111758165565
79878561	0.51082202631463
79881721	0.500202685016505
79885760	0.500314462605478
79893421	0.500893304382607
79898280	0.500545644380002
79900440	0.500177750455645
79901610	0.50020611549648
79902891	0.500431517832611
79908391	0.500201035726088
79909040	0.501319930200333
79915991	0.500169299513557
79917631	0.500249174352975
79925940	0.502976163330965
79929151	0.500194862855536
79933361	0.50169566684908
79936000	0.50014331250287
79939330	0.500386142745397
79944061	0.500343073407193
79944471	0.500358264540938
79951320	0.501021267773688
79951841	0.500175629707569
79953480	0.500263133281678
79955351	0.500137222269734
79958391	0.501180854233711
79959040	0.500139118241073
79959390	0.500229272576656
79964650	0.500264985774453
79966871	0.500217928757532
79967580	0.500141087374945
79971320	0.500146127502894
79972490	0.500192524635365
79983481	0.500128458979204
79986990	0.500243518270515
79988101	0.500158109354797
79988391	0.501083929933249
79990150	0.505757144587441
79995180	0.500415228739458
80001850	0.504012026729519
80003370	0.50105388846416
80009621	0.500435268290523
80009680	0.50071397414996
80011901	0.50055280378519
80015291	0.5001462091025
80015991	0.50029150244751
80019561	0.501133231754125
80021021	0.500159547346487
80034471	0.503552195619243
80035710	0.500165722566076
80049851	0.503470561757958
80054181	0.500979244146512
80056111	0.501119095681304
80057640	0.500228005243891
80083421	0.500836583966951
80085001	0.501117342651907
80087161	0.503184568261777
80091081	0.501604179268333
80092781	0.500149384486104
80106700	0.500306858799918
80114651	0.500296174825924
80126111	0.502888293353655
80156641	0.500154136085341
80158981	0.501261058033261
80162140	0.500512621400607
80167691	0.52246320481825
80169040	0.500202992294996
80173370	0.531440441073278
80173891	0.502928964254936
80174711	0.500365846509443
80178460	0.50013448788313
80182431	0.500171737811005
80184600	0.500971759459865
80186641	0.500132803946721
80187520	0.500247145447347
80192431	0.501077910141686
80197990	0.5002152221353
80202900	0.500149199669763
80206410	0.502396747202301
80209211	0.500168660183375
80210381	0.500141542618232
80212730	0.500237437812294
80213251	0.500218248927297
80219211	0.500137052009784
80222901	0.500163891669346
80226060	0.501785642656482
80228041	0.501893827635838
80236171	0.500141645987432
80236231	0.50270897874724
80236530	0.50137028291053
80239100	0.500124707605617
80242491	0.500425256551854
80244301	0.500135938131481
80245121	0.500213936099017
80245300	0.500847019448082
80249451	0.500637767933666
80251790	0.500441959120157
80253251	0.500779314236405
80254890	0.500161063113576
80256641	0.500353753615038
80264301	0.500188781544895
80266530	0.500116069225368
80273900	0.500213800415724
80280501	0.500189723573402
80282141	0.50100303038545
80293951	0.500280890576761
80301731	0.500131079131747
80303610	0.501104375105883
80303780	0.500132419631839
80304481	0.500129014671114
80305471	0.50021884011443
80306470	0.500141676615831
80311850	0.50012845335468
80313020	0.500274738642305
80317751	0.500499648770942
80331031	0.500259600749895
80338691	0.500138085893551
80338870	0.500186507660865
80341970	0.500243595826778
80342380	0.500186434272063
80342431	0.500182170834888
80350450	0.50017202265283
80354370	0.500123436523247
80366180	0.500174490171797
80366291	0.500239323930281
80366701	0.50024233044365
80373601	0.512533508469831
80376351	0.501570096862033
80379340	0.500120683520212
80379391	0.500430586867658
80383311	0.500197301001984
80386761	0.500501494942812
80392491	0.54941011466498
80394011	0.500143805362484
80394250	0.500266251942124
80394660	0.500118621230631
80394831	0.500169690225131
80397641	0.500660852172589
80399690	0.500162540627679
80409161	0.500125764815296
80409870	0.500181501023515
80423140	0.500119970899852
80423371	0.500121427089839
80424361	0.500360181205134
80426001	0.500504184871741
80427581	0.500148270292002
80428811	0.501397064647659
80429511	0.501178632266484
80434660	0.500128792893543
80439340	0.500179458956256
80441321	0.500165762653191
80441970	0.514444753017355
80443781	0.500118875425737
80453260	0.500116886585142
80457231	0.50644773216972
80457820	0.500126060366202
80458520	0.500863786297924
80459451	0.500245785778832
80461031	0.500120310749321
80464891	0.500441889796848
80470980	0.500140074506515
80482030	0.501088225343564
80482961	0.509752188846363
80489981	0.500424514748821
80496650	0.500136464221571
80503790	0.501045721691134
80506360	0.500345846359343
80506591	0.500130373941849
80511971	0.514553193878658
80514430	0.500222044905384
80516531	0.500146245561351
80517590	0.500209081950508
80525890	0.500600260215134
80542611	0.500526000171943
80544661	0.500316788786907
80550681	0.502502505048693
80569400	0.501614876320775
80573440	0.500116177626916
80576471	0.500115891197525
80577590	0.500138389264741
80577641	0.500332977206223
80577820	0.500177082914291
80578811	0.500128579953666
80587240	0.500159727885654
80589691	0.500132542433706
80590271	0.500199852472011
80594541	0.500124214735353
80595190	0.500128913769187
80596471	0.500123504425279
80598751	0.500141529175895
80602150	0.500118228876368
80605310	0.501070861528019
80606950	0.500180261441848
80609400	0.50012204066642
80611271	0.500296931957873
80620750	0.500235853383998
80621800	0.500151170249912
80622791	0.500164119359622
80623260	0.500171973659985
80623790	0.500122288876026
80624311	0.50012972311393
80624951	0.562006138422595
80626830	0.500119478181663
80630161	0.500545583561095
80633380	0.516055228222958
80646881	0.50155830462638
80648871	0.500169741606012
80649930	0.510576017306722
80650630	0.500138155033472
80651860	0.500403998642844
80653491	0.500138149619944
80654021	0.500299526987883
80655891	0.500967709067325
80657291	0.500162225700939
80659230	0.500180845039301
80659631	0.50025207934923
80660041	0.50105922272398
80660861	0.500148433649758
80661160	0.5059501015036
80661501	0.500242697468766
80672910	0.500269253642731
80678111	0.500516513456958
80678171	0.500235143752276
80683500	0.500518592431842
80686651	0.500172602088771
80688811	0.500311115238082
80690801	0.500140494117298
80690810	0.500236182672752
80693081	0.50014486498257
80694721	0.501068702607637
80696121	0.501760039474353
80699981	0.500118643012352
80701331	0.500559176244718
80703961	0.500159065233483
80706591	0.500302282064282
80708350	0.500587130406166
80709221	0.500134406535503
80714550	0.500160815989645
80723961	0.503101264910731
80725430	0.500329540203189
80726070	0.500128049507658
80726361	0.500228874695767
80727531	0.500170880917092
80732390	0.500180223114735
80733500	0.500188052726357
80733551	0.500507681669097
80734781	0.500248829064423
80734900	0.500221424161646
80735131	0.501967485453193
80735720	0.500182367524259
80741220	0.500474642471314
80746771	0.500395976242368
80748350	0.501879994608776
80749640	0.501795232098321
80749930	0.500422407072302
80750750	0.500653642993309
80755660	0.500466023994716
80758350	0.500564941203096
80763910	0.500933628162041
80765541	0.502045001245098
80766950	0.500125191980338
80770451	0.500136336921303
80773790	0.500112222663436
80776771	0.500180099619372
80778171	0.518225454862219
80783970	0.500229098114338
80784610	0.500894328681551
80784900	0.542467876264548
80787761	0.5022372930768
80790110	0.500131453827517
80792620	0.504526876836493
80797010	0.500119988209783
80804081	0.500142232901275
80805071	0.500293558592799
80807121	0.500152425733189
80808410	0.509134949326695
80811570	0.500281314320529
80814021	0.500453606913391
80817121	0.510442908194186
80819341	0.500903929970882
80819751	0.50013618195945
80824141	0.513043360524863
80825720	0.501196862369744
80828470	0.500232446325618
80830930	0.500292995758266
80833321	0.500143580024028
80836890	0.500323185704225
80843321	0.500438092676295
80844730	0.500521981998187
80850921	0.500222649464685
80861271	0.500137277489783
80861741	0.500260485817097
80862920	0.501031372110395
80863500	0.501208553876215
80863850	0.500128730514258
80864551	0.500124225652014
80866071	0.500144652628328
80866720	0.504980633500707
80867941	0.500141409265107
80871690	0.50092796439252
80875891	0.500139794587211
80876831	0.500226864075381
80878001	0.500132121923176
80878650	0.500190184106126
80878761	0.500137484347887
80879751	0.500539158431696
80880511	0.500212716455635
80880520	0.500130173154655
80882860	0.500485665508734
80890101	0.500460816434836
80892040	0.501186259392746
80895601	0.500749998532665
80900050	0.500130302883511
80901041	0.500136978151664
80902510	0.500164894464762
80907130	0.500140502837529
80910810	0.500839407455752
80916190	0.500748622364069
80923321	0.500342183210929
80927130	0.500978023360542
80927890	0.50027884130914
80928120	0.500303240019222
80929811	0.500594145887507
80930571	0.500356927044865
80932450	0.506656942770336
80936541	0.501079154371889
80936660	0.500799283148878
80937770	0.501210168571154
80951980	0.500833367939396
80956891	0.502002216122809
80964090	0.510846935022506
80964491	0.500952166078687
80965371	0.500334976749906
80965610	0.500196097709834
80965840	0.500132071470959
80965900	0.504692740524696
80968701	0.500113307661992
80972510	0.50035222784456
80973501	0.500145450765554
80975251	0.500925319521509
80977770	0.500156825475367
80983851	0.500331315519938
80990520	0.500215107511685
80996011	0.500116737902018
80996191	0.527546808049093
80997250	0.500705102669909
80998001	0.500498403382174
81002681	0.500353220639264
81009811	0.500270551707683
81059171	0.503647209615974
81063800	0.501023623289197
81081870	0.506160492727272
81082280	0.500965272992832
81085200	0.500372614653423
81091451	0.538105999615606
81092280	0.500380363151133
81109521	0.500191363291935
81116140	0.504702206134808
81121460	0.503567058996807
81124620	0.534204538131333
81126430	0.500129328437045
81136840	0.511526268714198
81151341	0.500356207850919
81153151	0.500117227643484
81182280	0.500193554856468
81182750	0.500133031849479
81187711	0.500165775309694
81195320	0.502193657708172
81195901	0.501533878078228
81205551	0.500697075538538
81208770	0.500343315894424
81211981	0.50016032825018
81213740	0.500501043474128
81222280	0.500836183135649
81224031	0.521934572080485
81232101	0.500122573993857
81232801	0.500559328277613
81235440	0.500418618602363
81236191	0.500216388005684
81247250	0.500146263087514
81250470	0.500165277534448
81250521	0.50020129167171
81253160	0.500296710164876
81255030	0.50082594747081
81255431	0.500387071373661
81257191	0.50011835731078
81259300	0.501301695268165
81260171	0.500144981186627
81260811	0.507716667109637
81265431	0.500125556085974
81270410	0.500286246498766
81273911	0.500271221734241
81278010	0.500150442818551
81280231	0.500390247004413
81280470	0.501044926042128
81280530	0.545382670423508
81281981	0.500876679768688
81283151	0.500459780633393
81286260	0.500207209299158
81291290	0.500488654198244
81297891	0.500647073357827
81298830	0.500163686869927
81301110	0.503760740299125
81304560	0.500142505295447
81309701	0.500121086823157
81325961	0.501160404968556
81334800	0.500274569051245
81335261	0.502301093047193
81347831	0.500123354710589
81348540	0.501568094522856
81351930	0.501608001219065
81352101	0.501377770421947
81355731	0.500254211466952
81361170	0.500323267350168
81371051	0.500139687066982
81372340	0.500358011912462
81372930	0.505115510850467
81375551	0.500195723159254
81375901	0.500188348592129
81380291	0.500144567317164
81383621	0.500341937175584
81391700	0.501528573146007
81407661	0.5004596527159
81410650	0.501112832327307
81425731	0.513943866433308
81425850	0.502404972968077
81429420	0.500144900535736
81429480	0.500129278738053
81432981	0.50024217841849
81433920	0.50011701663861
81436371	0.500501581408905
81437780	0.500266746241551
81447900	0.501757751866763
81449061	0.500375718957363
81449070	0.501283766574334
81449480	0.500467166122128
81452170	0.500158918396518
81452511	0.501201869749395
81454271	0.562233290473282
81459241	0.500165366666988
81460641	0.500334422883932
81463980	0.501048778139184
81467140	0.500386900044561
81467200	0.509176807801715
81467490	0.501266345017956
81470470	0.500163957202796
81477960	0.500285339240427
81478020	0.500122439469535
81479591	0.50031765071095
81483101	0.500314212337137
81484971	0.500154536411352
81487080	0.500266686277245
81487661	0.502904406567333
81494040	0.500142029617543
81497840	0.51124363498189
81499121	0.500152635815378
81501231	0.500127537277592
81503570	0.506588332230283
81503630	0.500158822925719
81513810	0.500300617931807
81514621	0.500545586592457
81519651	0.500158512342653
81521760	0.500466232619562
81522691	0.50018577592684
81530880	0.509727520228835
81531060	0.50022849985096
81543400	0.501890469105399
81546910	0.500187077922379
81547080	0.500115005986035
81549531	0.500454157063302
81554681	0.5001203656762
81556440	0.500134900503793
81556730	0.500168206521907
81556841	0.501174796360806
81557610	0.500139557778444
81558831	0.501251736971667
81560471	0.500425513771375
81565740	0.500117915129825
81569010	0.500153744193261
81569890	0.500130166750495
81570770	0.503493017453263
81573220	0.500426742959319
81574040	0.500175705018695
81578601	0.50011516087597
81581940	0.50035065420525
81582520	0.500207393988226
81584450	0.500377112816102
81584501	0.500341270589392
81586150	0.508116537237761
81588780	0.500291866997782
81588831	0.500188136295782
81591811	0.500119135548874
81595911	0.500136563809216
81597140	0.502439723501213
81598250	0.500662077543587
81599241	0.500128996429119
81601641	0.500126017353669
81602290	0.500455055788502
81607781	0.500390277151589
81613400	0.501949843691569
81618080	0.500390278850127
81618490	0.500127553364432
81621931	0.501321670425357
81629540	0.500178382540579
81629660	0.500257728915383
81635330	0.500134897149474
81638541	0.500163517778444
81639771	0.500238738914573
81640821	0.500284801513862
81642751	0.500412599018341
81644160	0.500205761060509
81644920	0.500347481475804
81647140	0.500327249917045
81648310	0.50103256448213
81649421	0.500242592231227
81652401	0.500155454063994
81652631	0.500896188215895
81653110	0.500688939812421
81655561	0.50021169191323
81660001	0.500165035812967
81662760	0.502524402841566
81665680	0.500134666227477
81667251	0.500750738590226
81670360	0.504036184807343
81674980	0.500159622033599
81676500	0.500182563714196
81678370	0.500244734636826
81682290	0.50100617829554
81683221	0.500679526760825
81689130	0.500139605168671
81689301	0.500223772686796
81696790	0.507262185331781
81703981	0.505480022875758
81709130	0.500191607290156
81711120	0.500950879687668
81714271	0.500327364452721
81714681	0.500136396608414
81715971	0.500165672855131
81717371	0.501085629742947
81718131	0.500130845847762
81718661	0.501996190162693
81724280	0.502541629924881
81725091	0.501190671203273
81730420	0.500286864043679
81732990	0.501949294939143
81735381	0.500421127016892
81746381	0.501225135040013
81749891	0.500555632302093
81756261	0.500155788600929
81760360	0.500423034651885
81761351	0.500321501588327
81764681	0.500127752470859
81773810	0.50040546077833
81780950	0.500122844443886
81782000	0.500116291253209
81783161	0.500151035768092
81784681	0.500302811845438
81785271	0.501730556889436
81793170	0.506587956227567
81793230	0.500220954411441
81793640	0.50026155692597
81802820	0.500770338886572
81811240	0.501016791248439
81822880	0.500420695493429
81829481	0.501631107568091
81830070	0.500149107024525
81830301	0.50042390284707
81838191	0.506244602620352
81840591	0.500110671802714
81850941	0.501055863137761
81855151	0.501037027088998
81855331	0.500983342992467
81857081	0.500121952948659
81857730	0.500110990104632
81859071	0.505351268771365
81861240	0.500244180830673
81864460	0.50015185722608
81865390	0.500262073923383
81871710	0.50033483148611
81872760	0.500227866605381
81874750	0.500354030477946
81876501	0.500142609422122
81882880	0.500308796800975
81886321	0.500485593618315
81886501	0.500115990373742
81890950	0.50015814745861
81893751	0.500308107044301
81895151	0.500177654263321
81895331	0.500897955753988
81895681	0.500144533062348
81901420	0.500426418974471
81905220	0.500217878156664
81906851	0.500513280086244
81922931	0.500128047774906
81923811	0.500118431132339
81926270	0.500180716401251
81928960	0.500140025228498
81936210	0.500189703662154
81937910	0.500292537181029
81947210	0.5001423856311
81948380	0.500820109999416
81949481	0.500639916855786
81950711	0.500152291112541
81951121	0.50091132330437
81952291	0.522942492493009
81955271	0.505659856199639
81957970	0.50035533474508
81964631	0.500186505266001
81965331	0.500148027328143
81966091	0.502917840900992
81967210	0.500131273717347
81967790	0.500143558159639
81967910	0.500137483460907
81971070	0.500490545737397
81975741	0.500217950544615
81976330	0.500143116721798
81976501	0.500273292328478
81980720	0.502065857159379
81982240	0.500185495196688
81982590	0.500632105672271
81984571	0.500205714394242
81993341	0.500216294887403
81994281	0.500146448133115
82001591	0.500214602790906
82006151	0.513027585742832
82009251	0.500237879909996
82009490	0.500238448286773
82009550	0.500287194950229
82009900	0.500188251831121
82012641	0.500529529837953
82014580	0.500224880532148
82016151	0.500199065731232
82027321	0.500754969900646
82027620	0.500190480376464
82031411	0.500169112566176
82041651	0.50017881079349
82042411	0.500142139443728
82047150	0.500164004314366
82052120	0.500137977957299
82052940	0.50013240051688
82056510	0.500138359281707
82058841	0.50092553872596
82062411	0.50013964143543
82064341	0.503541557632667
82072701	0.500138324900821
82073171	0.500126789199631
82073521	0.500125396527668
82075750	0.500150290053459
82077611	0.500121534366804
82077680	0.500226793513544
82081070	0.500564465687023
82083350	0.50030618670138
82086441	0.500129755939892
82086561	0.500846199341456
82087261	0.500140438977089
82092710	0.500428329921824
82102061	0.500168942703633
82103760	0.500851788158869
82105451	0.50012117122819
82111600	0.501833999464848
82116621	0.500999947643235
82116971	0.500212406550771
82116980	0.500324838184462
82117620	0.500341566168284
82119550	0.50026565557833
82121360	0.500182082897045
82124230	0.50033356647523
82125041	0.500121511547215
82125810	0.500129985565993
82131531	0.50212118294357
82134110	0.500187259061566
82146390	0.500182464439595
82150780	0.50015323325846
82151950	0.500331621575348
82152471	0.500557302188202
82155101	0.504459738973423
82156450	0.500134121004556
82160421	0.50507085983984
82164691	0.500618968509582
82170071	0.500901954267589
82174170	0.50015695987088
82175870	0.500190770839292
82180071	0.500800898211876
82189371	0.500112045743859
82192001	0.500306160004478
82192351	0.500374653525056
82193180	0.500180661938067
82200481	0.501815336263816
82205050	0.500162415807358
82211241	0.500191839473937
82211301	0.500533396941022
82221480	0.500131396561891
82222941	0.500347569346778
82233120	0.50052236609483
82233231	0.500322951339255
82235631	0.500695467771716
82238850	0.500563363687682
82243410	0.502497490216897
82248030	0.500126501568923
82255690	0.501846466118107
82256561	0.500166291259531
82257441	0.50015568482545
82258210	0.50193155594956
82260891	0.500482007945568
82265930	0.504176200642385
82270310	0.500154013522464
82274051	0.50016913763223
82278141	0.500532639886074
82289790	0.500204362553893
82294350	0.500129655206067
82295170	0.502543647729031
82302070	0.500598510712133
82308210	0.500143816419103
82309431	0.500579510495375
82320311	0.500151820168399
82321711	0.500153050585372
82322070	0.502672763567715
82324350	0.500835529469901
82327680	0.501136880234795
82329141	0.500120804512253
82333581	0.500217032913602
82334171	0.500126029332619
82341361	0.500438674703837
82342941	0.500148402949471
82343821	0.500126295531265
82345990	0.500114388033082
82347621	0.500450640056541
82356511	0.500141690468342
82357100	0.500527997254768
82361370	0.500357450139457
82364401	0.500150161474926
82368270	0.501302382033921
82368910	0.500186718334827
82370490	0.500136757511261
82371771	0.50012223583125
82372821	0.500256192164527
82385810	0.500144874820304
82386400	0.501502604717512
82388620	0.500149257072444
82390960	0.505396604928438
82393590	0.500395139620718
82397570	0.500972323222564
82398150	0.500132559448967
82400721	0.500294405405786
82402121	0.500401908414449
82409670	0.501352222563358
82425230	0.500854924782213
82426050	0.507612433766014
82426921	0.500126950719587
82432540	0.504733384560979
82435341	0.500245818692844
82441720	0.509984675803071
82449021	0.500273957021733
82454700	0.501047255780367
82461780	0.500368383398509
82466870	0.500274774710855
82477561	0.501409832914006
82479790	0.500171469108017
82485870	0.500177519457509
82486221	0.500786091803785
82492301	0.50040337873772
82493531	0.500668216416012
82494880	0.50013992490962
82498321	0.500283971216053
82506101	0.505813260083282
82511071	0.500386967611927
82513821	0.500112743973965
82515871	0.500969063870189
82517280	0.500127799359854
82517391	0.500159197042656
82526340	0.500140644895435
82528091	0.500203615044515
82528321	0.500142059281222
82538151	0.500122441342274
82541490	0.500180913232265
82548441	0.500215107609518
82554590	0.500260871447006
82556161	0.500296233556581
82564931	0.500489606156316
82565000	0.500126412733588
82565410	0.500195635007655
82566861	0.500363195419229
82567160	0.500536718840874
82573420	0.500128014679091
82587280	0.500200954448875
82591080	0.500216336467093
82592421	0.500162794095451
82595820	0.500180641865539
82598390	0.501459652166688
82600721	0.500153366504717
82601370	0.500409044919579
82603531	0.500164834835984
82605111	0.500153800248051
82605521	0.500531285407524
82611191	0.500139385953636
82611951	0.546361986179933
82616050	0.501839160875738
82618621	0.500284955808605
82619210	0.5006571240845
82619970	0.500180353081578
82625931	0.500258692143042
82626101	0.50067399053679
82631080	0.500945589581149
82632660	0.502597542272012
82638271	0.500137345775598
82639970	0.500408990645275
82641541	0.500141567351436
82644291	0.500123288108072
82651891	0.500865075847117
82653821	0.500607801466632
82658211	0.500474849108166
82664231	0.500122689753149
82665230	0.500458290364094
82667750	0.500147079510783
82674880	0.500184746025523
82675521	0.500162712968756
82675640	0.500222708113145
82677570	0.504952693810157
82679270	0.500628725850294
82681721	0.500157078840866
82683471	0.500119799282721
82687681	0.500630160436878
82697041	0.500159098245238
82697220	0.500261493142639
82701661	0.50050620694401
82729970	0.50017233505512
82736051	0.519230691375729
82736170	0.500394808066735
82738040	0.502204391290804
82741900	0.500351875738943
82745760	0.500285451577051
82757391	0.500415651523934
82761841	0.502246682955722
82761960	0.500545512749099
82762601	0.500156742227598
82766281	0.500394282424695
82767801	0.500204684570778
82776580	0.500159490117046
82776990	0.503106096161019
82782250	0.500130141722162
82816751	0.50333165842582
82824531	0.503080694493678
82839620	0.500154536048324
82840440	0.500135944819471
82844480	0.500676181196319
82850560	0.500180688290978
82862251	0.500127874773823
82882840	0.501590367325072
82884010	0.503330775563388
82888920	0.500150133375396
82891960	0.500125907680103
82893540	0.506464435955282
82901440	0.501454955909593
82913301	0.500192368300877
82913771	0.500297556558353
82914241	0.500599717675003
82918451	0.500424656443253
82924121	0.500559093578108
82925701	0.500123723215854
82930381	0.500664591428253
82931551	0.500149850773027
82934941	0.507565164561071
82943600	0.500540086167008
82946760	0.502655815927937
82953250	0.50014587864176
82953711	0.501153127541256
82964480	0.500532081968522
82966931	0.500569794106134
82973771	0.500399510595332
82977281	0.500229241964456
82978801	0.500533243031809
82979800	0.500278147199314
82985590	0.500140147984658
82986871	0.500162103373213
82987230	0.500138739817464
82987921	0.505714634840872
82992021	0.500214472519421
82994471	0.500186083690371
82997571	0.500326335485928
82999800	0.500140735359823
83013191	0.500268188940271
83016290	0.500131757221526
83016820	0.513010464853296
83021611	0.502477648757348
83021961	0.500257603268262
83025061	0.500275174140206
83042550	0.500644065473777
83046820	0.510569111894291
83049220	0.500214560681716
83052841	0.500990201921443
83063191	0.500131145597865
83070970	0.50096499648122
83071551	0.500122953094923
83071850	0.500948015448009
83072670	0.500210034566904
83075240	0.500198888142286
83076820	0.507372981519086
83077870	0.500439386854315
83101730	0.500118591830713
83110151	0.500339452245495
83125070	0.500621245878395
83126530	0.501774503735106
83127751	0.500642930140542
83129621	0.500189518066613
83130040	0.500135233882857
83134310	0.50019853820388
83136231	0.500144678672369
83136820	0.500125841210506
83147170	0.502692588371093
83148041	0.500154483991304
83149160	0.50014574609775
83152320	0.507393325263326
83152730	0.50046425902255
83154250	0.500539777800714
83158170	0.500149559388489
83165480	0.500270786825475
83167700	0.50015293142348
83172721	0.500471669047915
83177640	0.500157768910996
83178981	0.500525317217004
83179280	0.500131162103761
83179630	0.50017711904723
83182551	0.506049813541689
83185710	0.504026686958726
83189681	0.500147245641631
83191210	0.500149104876034
83192721	0.503744672593439
83193951	0.50018529274404
83199801	0.500999882183844
83203080	0.500139436049118
83206931	0.501427378139062
83210031	0.500299653734833
83211031	0.500859633446916
83218930	0.500129760777719
83225830	0.500168468529219
83229861	0.503669055193248
83231090	0.500440431650571
83234011	0.500128556876418
83240561	0.500401419904529
83241031	0.500207840560452
83241850	0.500159529085714
83241970	0.500696018370472
83258341	0.500363683431011
83259570	0.508837509031748
83261381	0.500118836111969
83261970	0.500127788942632
83263541	0.500332143545516
83275540	0.50033333957703
83279331	0.50015012378808
83283140	0.500165566140329
83283371	0.500129931347732
83283951	0.500114461525802
83284660	0.500357798832197
83284780	0.500262268016292
83289340	0.514584137222896
83297231	0.500145262928181
83308460	0.50027610528045
83309571	0.501667244474684
83311150	0.500237192417161
83316001	0.504006835907403
83324541	0.5001215753463
83329340	0.500138018613261
83342141	0.500392952060014
83345361	0.500325736887401
83349340	0.500376027869072
83351321	0.500178500797518
83356531	0.500222802763742
83361151	0.500131199658434
83361501	0.500108684233772
83364131	0.500120340903956
83367180	0.500283374563445
83369511	0.500151011239637
83372440	0.500136127095458
83375011	0.50016829700466
83386360	0.501392319490679
83388341	0.500144600701088
83396821	0.500192542472826
83399750	0.500173576175431
83400211	0.500353253008503
83401561	0.5004941547415
83404020	0.50185446478963
83407820	0.500372374381604
83410211	0.611725124359195
83411911	0.502326528488764
83417820	0.500249884470504
83434071	0.501104922453242
83436351	0.500142393113778
83440621	0.500121927610682
83443730	0.500242712623877
83444071	0.500792179142984
83445190	0.500107174389614
83445301	0.50066029834521
83449750	0.500942020697114
83454550	0.500330553578409
83456890	0.500151364021679
83459460	0.500119668742005
83461040	0.500151484874971
83461911	0.507039517716858
83462270	0.50075586686686
83468811	0.500283264910422
83471211	0.500206642660922
83477060	0.500447021792965
83486010	0.500346476034147
83486061	0.500237615754449
83493730	0.500513165072228
83498060	0.5162885417775
83509990	0.505067547879651
83511031	0.500150739111646
83515950	0.503173739675771
83517940	0.565118240987721
83518811	0.50018570344289
83522560	0.501447642364901
83522910	0.500140908314582
83524601	0.500305593925353
83528171	0.500167500866355
83530801	0.50029858524253
83531330	0.50012897000493
83532910	0.500196106553944
83537880	0.50159504384323
83543781	0.50013664174769
83553611	0.500124407714823
83565421	0.500386005436915
83566420	0.501238554702754
83577240	0.525429882444598
83593320	0.500225043986192
83603901	0.510909877264391
83604781	0.500211880215757
83604900	0.500369515627526
83605720	0.500112797131098
83606890	0.500188072503003
83608461	0.500469379971062
83619290	0.500156784364138
83622441	0.500245090198908
83637300	0.500207196096355
83639341	0.500127125720757
83643841	0.500362345826162
83644721	0.50055551780485
83645080	0.500813451242455
83649691	0.500152478609225
83667710	0.500356723768891
83667770	0.500431207507223
83670981	0.500141097346372
83675131	0.500139566432273
83676771	0.500896116631435
83677181	0.500213607888242
83680750	0.500288267404913
83681391	0.50015090760118
83682031	0.500941739839454
83682450	0.500258360034479
83686181	0.500168095739896
83690041	0.501905203624514
83690110	0.504210538972495
83695251	0.500155088954154
83703910	0.500142529973648
83705601	0.500221884592926
83705891	0.500313766715075
83706250	0.500284697313365
83706600	0.500127296211432
83708000	0.500693812746527
83708760	0.500148777980464
83709700	0.500177470122043
83711331	0.504376298711944
83716190	0.500373911454532
83717181	0.500124804673234
83721860	0.500142126758404
83723201	0.501600802743382
83731621	0.50026328925017
83752680	0.507166081081356
83753620	0.500411350651334
83755601	0.500257652068145
83755900	0.504670505424714
83756190	0.502316958621631
83756480	0.500395715938411
83758590	0.500357721342045
83760861	0.500131397643177
83765191	0.500337710383396
83767650	0.508993962574113
83774030	0.500327923400887
83778060	0.500344086739647
83779811	0.500148588463838
83783150	0.500122367886099
83784730	0.500327144484645
83785541	0.500132569535993
83787241	0.500163753571094
83793850	0.500169253311229
83794610	0.500517100984797
83797471	0.503059768241708
83804790	0.500143638532841
83806361	0.500166951325982
83813441	0.66516796026696
83815840	0.500393213366251
83822330	0.500334670631617
83823201	0.50013926999126
83827360	0.500152372116528
83830751	0.500261830736505
83831280	0.500157194950482
83834611	0.500126934784692
83837821	0.502045761505198
83838120	0.500134976679243
83840400	0.500612135954964
83841160	0.500259793594231
83844030	0.500179537047459
83844850	0.5004895511487
83845541	0.500162134543816
83847010	0.50071650157529
83853560	0.500416650289119
83853740	0.500263334737644
83855200	0.500180146001906
83866711	0.501507664795299
83867941	0.500178494976867
83867950	0.500134617733086
83868120	0.502528378161386
83876481	0.500146071486229
83880751	0.500246757733997
83880870	0.500915492652495
83881451	0.500541907661047
83882510	0.500223002621162
83884030	0.500152612890729
83887711	0.500156651699728
83887950	0.500341386230006
83888881	0.500210725282302
83890571	0.50036385927123
83890751	0.500121285079985
83901511	0.500247908820328
83908180	0.500126390131375
83910751	0.500860847859719
83913091	0.50016947400307
83914850	0.500335122608016
83919811	0.506439972944481
83922621	0.500364333891811
83925550	0.501774783161858
83926080	0.50063972854041
83927190	0.500106344034821
83929060	0.500145052430785
83933680	0.500138054716536
83938300	0.500125972942685
83938710	0.500194024829492
83939111	0.500233564820223
83940341	0.500257472654711
83949350	0.547916546623192
83955081	0.500127690620849
83963210	0.500923377719544
83965371	0.500129748441938
83966251	0.500141380016482
83968761	0.502169420781384
83972100	0.500993065303666
83975721	0.500145057074693
83977181	0.500720339184751
83977241	0.500112979202927
83979590	0.500157414104999
83988181	0.500236317421408
83989820	0.500122573271937
83991110	0.500665695544633
83998300	0.500124328493323
83998650	0.500185119460117
83999820	0.500678294326384
84010640	0.507321291908112
84013851	0.500174054246604
84019880	0.500581768107771
84026140	0.500256010374295
84027831	0.530214197713744
84028770	0.500211579682923
84030290	0.500133661720837
84033381	0.500164873822292
84039641	0.500133318620776
84043680	0.500163034393173
84044141	0.502597217964419
84045790	0.500922794088915
84046891	0.500244291267527
84048710	0.505262900335441
84053151	0.500682494373077
84058070	0.500143560076704
84060931	0.500159519554389
84064850	0.50023099931277
84075841	0.500550214915687
84080341	0.500152349788445
84081571	0.500142617443182
84085551	0.503115780329486
84087361	0.50209184607398
84087481	0.500202859455461
84090230	0.500193441666012
84091810	0.500509636441023
84093680	0.500121816864198
84094150	0.500129926139783
84099180	0.500135221872646
84101750	0.500150375302949
84105790	0.500205759071278
84115021	0.500157802304813
84119710	0.50129779787434
84120060	0.501020311301123
84125201	0.501182562911013
84126610	0.500145704492447
84128941	0.507990202828404
84130401	0.500500512847662
84132331	0.500145586017616
84135850	0.500132563817149
84137780	0.500151100002241
84138471	0.50013541876428
84139650	0.500144486353284
84143330	0.500146916696278
84144560	0.500195541012362
84156960	0.501229998030849
84164620	0.500387260288836
84167430	0.50028597439826
84171921	0.500130887554354
84172391	0.500171283058371
84173091	0.500166271257573
84173980	0.500155122646905
84186490	0.500112330325011
84194270	0.500878456180654
84196320	0.500294748474432
84199650	0.500148113101668
84200120	0.500581509330022
84200811	0.50015226310236
84201990	0.500227251857426
84202921	0.500159902446614
84205431	0.500486672705654
84207131	0.500113030990423
84208950	0.500172594822214
84209590	0.500632731648828
84209710	0.507865426380335
84210991	0.50013639751505
84216431	0.500143134925871
84219360	0.500686975636189
84228531	0.52583858580213
84234441	0.50104096859808
84235201	0.500536544990768
84235560	0.504099264864627
84236021	0.500274566971372
84238361	0.500121365303808
84240291	0.500112395325825
84241290	0.500291016874732
84242861	0.500134173285504
84243980	0.500975282485399
84244381	0.500146547147891
84245261	0.503494427200066
84252110	0.500610245473789
84255730	0.500158988997457
84255910	0.501127237639498
84256781	0.50012707586458
84258241	0.500465421611711
84260461	0.500135966647732
84263271	0.500153424531547
84267660	0.500584620793439
84274381	0.502339279055566
84275440	0.500152088375103
84277251	0.500183897844961
84288600	0.504798584204139
84290060	0.500311164695295
84291170	0.506786060497038
84292631	0.517766905918006
84296841	0.50044050485154
84298660	0.535678405867618
84306260	0.500163736493335
84306371	0.517488841102939
84309240	0.500377243999273
84310180	0.500461136062182
84317541	0.500527219375818
84323211	0.501614505723697
84323340	0.500245955262527
84325620	0.502372449460586
84325790	0.501180576959485
84328190	0.508521632484666
84331811	0.500158390567262
84332170	0.500165420110284
84333331	0.500315913429709
84333391	0.502621121150827
84343041	0.500241466810183
84344851	0.500143327083142
84346030	0.500137421000078
84382990	0.500626924194193
84395961	0.500159839947722
84407490	0.503463696968816
84421880	0.505257603444131
84432691	0.50018138520526
84441051	0.50473050945104
84449531	0.500130481197272
84451171	0.500176720949499
84468310	0.500711213449635
84474271	0.500151839207718
84477781	0.500131401130336
84528080	0.502958525325433
84530411	0.50013068396138
84530471	0.500169985795651
84531581	0.500592465951282
84533690	0.502813977553582
84539070	0.507436647766546
84545040	0.500607307712703
84545330	0.500578392738861
84561760	0.50041149319635
84564450	0.500132752940772
84567900	0.501229505279622
84576560	0.500257741331519
84585091	0.500160780859035
84587661	0.502105448372281
84592691	0.610938110556423
84594271	0.500300567962656
84594510	0.500115671372572
84606380	0.500251524939048
84615270	0.501175942870344
84616201	0.500310768322195
84619241	0.500305372149571
84619831	0.500550475805463
84623460	0.500416961867373
84642410	0.500643369924948
84660001	0.500202208421494
84666560	0.503136670693925
84675740	0.500306177030903
84681880	0.52120981623037
84682760	0.500264777272033
84686031	0.50762543629134
84687431	0.500169675908112
84687730	0.500159846194536
84693751	0.500282624621857
84714041	0.500566375544119
84724921	0.500176164865001
84729831	0.500222141344325
84730130	0.502166475977251
84738490	0.500904459395733
84740830	0.522803737207712
84748490	0.500127804288258
84749011	0.500166116482108
84751001	0.500285558207251
84754331	0.50014505185816
84760531	0.501770955919467
84763290	0.501871234482144
84764331	0.500608340373402
84765040	0.500384505772708
84773230	0.500429481451652
84783631	0.500202456480005
84784220	0.500563733328735
84785630	0.503085788007851
84788260	0.500380568772983
84800531	0.500149865231386
84800830	0.500355163381357
84802231	0.500133874478402
84804161	0.50041467065655
84809421	0.500116754528824
84809490	0.500185472100966
84809601	0.500123754297134
84814101	0.517978598873074
84814161	0.500143181170324
84814280	0.500229039297349
84819421	0.500948689422307
84819831	0.500188546210664
84822350	0.500172578599327
84823631	0.500785539689357
84824400	0.500181715327811
84830600	0.500184408199163
84830651	0.501339549414921
84830950	0.500126781835957
84834750	0.500145450550989
84838721	0.500186850923177
84838960	0.500190664220066
84851121	0.500298292790818
84852760	0.500176505238127
84853760	0.500444656582872
84859131	0.500130833466085
84866731	0.501278047840751
84867850	0.500584994349211
84869951	0.500164931680387
84870480	0.500284482171731
84870941	0.507544831340035
84871010	0.500129723545009
84872351	0.508368335376977
84873751	0.500217093405222
84878371	0.500175089415778
84880011	0.500124477324465
84887141	0.503955828340325
84887850	0.500916282208464
84891821	0.500152932696564
84893000	0.500227723565629
84900011	0.500488852586028
84900651	0.500193519422833
84911761	0.500463363542712
84914281	0.501181034530691
84917381	0.50014203772492
84918841	0.500800582734313
84919900	0.500213897332544
84921010	0.500224551279703
84922351	0.500291341145414
84923931	0.50130570024079
84937270	0.500681585858495
84938311	0.502429366808602
84938721	0.501038714478574
84943760	0.500752971484218
84944921	0.500304955020653
84951070	0.500113071620824
84952180	0.500385255231983
84952300	0.501775590791981
84958670	0.500886865115342
84972821	0.50015330723295
84974810	0.500157280524421
84978021	0.5001303948466
84978030	0.500175883047557
84978841	0.500140526360396
84982291	0.515132302359511
84993230	0.500864432534934
85007270	0.500146264454207
85015750	0.500128514667535
85020361	0.500197403973454
85022120	0.504206370618769
85022710	0.501816972249085
85024810	0.500111816708449
85028551	0.500152993939776
85032650	0.500137578283116
85032701	0.500876334918313
85033581	0.500151298324994
85033820	0.501205400903124
85035041	0.500106863740297
85040780	0.509087855499996
85041711	0.500121418884162
85046390	0.500332702497398
85048790	0.500130609554794
85049951	0.500405337407566
85056681	0.500115950971919
85058261	0.50019731890008
85058730	0.500266298206226
85068670	0.50084926418803
85069840	0.500263970220871
85070191	0.500255196080888
85073060	0.500186816975506
85075101	0.501007257362581
85077321	0.500154784116283
85079320	0.50282096345695
85081941	0.500125800987102
85088261	0.505933327902476
85088431	0.500714942541508
85088901	0.501486153511961
85091250	0.500842432487572
85097501	0.500285527537053
85111771	0.518312259342635
85114051	0.500230423668499
85119841	0.500158430497997
85121130	0.503041083615429
85121540	0.50025819951383
85125460	0.500159334957297
85128560	0.500305794262408
85135110	0.500291833271256
85138261	0.500426379593154
85141070	0.500228179804558
85141941	0.500642360746154
85148970	0.500358116436292
85162300	0.500147435870983
85163171	0.500181312411171
85165571	0.539737915631984
85166860	0.500129970854529
85169021	0.500496747105006
85173000	0.503081115344016
85174051	0.504232015660871
85174751	0.500625908322781
85175281	0.500896756608707
85176331	0.500630980405674
85177791	0.500277550088299
85178901	0.501745318919754
85179721	0.500210404581155
85180831	0.511306423259368
85181711	0.500201787764247
85187561	0.500761990313695
85194170	0.500398075574872
85196271	0.50262236341522
85197860	0.500371486291459
85201651	0.50072875847916
85202591	0.500111818461415
85205870	0.500342683617356
85207621	0.500152262549163
85209081	0.500433920628212
85217740	0.50192432749804
85220720	0.500199890233813
85222830	0.500637230081347
85222941	0.500155757349685
85223931	0.50015016478911
85230020	0.500148078365759
85232710	0.500142638229948
85235400	0.500261988643583
85249431	0.500717901226138
85251711	0.500131190944723
85252471	0.500296525456482
85254290	0.50015468399662
85254640	0.500169951960003
85254990	0.500144290470204
85256280	0.500709138005676
85260020	0.500863656181566
85260550	0.501006710235794
85262070	0.500130689169703
85262821	0.500152896073903
85262941	0.500130892821231
85267510	0.500166354264787
85274700	0.500496092524275
85276980	0.500196792249417
85279670	0.500180417415231
85282061	0.500417221710272
85285161	0.500111447704129
85285170	0.539709863134778
85288961	0.500661593921882
85293351	0.500403880070499
85297510	0.500163604930116
85301250	0.500219072864832
85301600	0.500144737695038
85310840	0.500241567937895
85312010	0.500121001065521
85312950	0.500204909731038
85318560	0.500133539750259
85327911	0.500218620358021
85332130	0.500232841215675
85332480	0.500545833435442
85341020	0.500248884999902
85341600	0.500173838418575
85343231	0.500185799255648
85343351	0.500110038586642
85343590	0.500143206153829
85343641	0.500167093597813
85344991	0.500395061305219
85345281	0.500433914011965
85346280	0.501301386805102
85346810	0.500129810625059
85349781	0.500125772147206
85351891	0.500119682743306
85357570	0.505490211982063
85358740	0.500230044450617
85359910	0.500219170262298
85361481	0.500279639481987
85363411	0.500122879565773
85373351	0.521727483881192
85375051	0.500362097972902
85376451	0.500253663809831
85379500	0.501199117385807
85380781	0.500163667983025
85390490	0.595355450271319
85396340	0.50023761844982
85397681	0.500861173442822
85406451	0.500474854307806
85406921	0.500203689821163
85406981	0.500192352489867
85411310	0.5004608661276
85413300	0.500157800773595
85414931	0.500183276925082
85419440	0.500177948196424
85421020	0.500367230724457
85421660	0.500267282027898
85428270	0.500135647724444
85434521	0.500130893074514
85444931	0.500306685842804
85445051	0.534890108949564
85445930	0.500317323345755
85448800	0.500249260959229
85449910	0.500232195421175
85454410	0.500292134817956
85454470	0.566388657425901
85455580	0.500160293313512
85456221	0.501419531060592
85460380	0.500120472093925
85462310	0.500433944199794
85466221	0.500127099859542
85466631	0.500186033412117
85470140	0.500173610772122
85471661	0.500229996932146
85473881	0.500661718167629
85475341	0.50013732391114
85476921	0.500252382244951
85481421	0.500311580537829
85484060	0.500838675288855
85490021	0.500206436650286
85492831	0.500364865761
85493710	0.5007876268564
85511430	0.50062810009594
85516451	0.500127773880869
85517100	0.500205084363758
85520901	0.500122400053991
85524940	0.500129407898605
85526460	0.500128330940783
85526990	0.500168249322251
85527801	0.500128484888739
85528091	0.500194414505754
85528501	0.535816197575653
85529961	0.50033537357453
85532651	0.500148376225035
85533010	0.50058072293348
85533591	0.500162632320192
85536341	0.500755403457442
85543070	0.50014948803481
85547331	0.500388697966261
85547570	0.500131097889375
85556810	0.50017829441361
85557101	0.50019315994508
85558860	0.500158706068134
85560551	0.502027442222275
85560790	0.50016006925233
85567220	0.500295497018727
85568920	0.500166407431692
85573360	0.5001933788309
85576520	0.500126263605783
85590260	0.50060006231584
85590901	0.500511344836853
85595871	0.50018281731808
85596930	0.500120977718447
85598860	0.500122991841014
85600901	0.500170871767439
85603471	0.500176422175875
85604180	0.500803537744865
85614761	0.500344529879039
85615231	0.522245680428993
85618920	0.500170925030322
85619680	0.526309044411769
85620260	0.575751613785191
85631251	0.500259043177815
85633121	0.500214345456939
85635760	0.500610615409476
85640380	0.501591465717394
85645290	0.50011320834267
85653121	0.501501981103375
85656990	0.500635287836364
85662020	0.500129145331752
85670961	0.50020822595284
85678220	0.500249103218174
85679731	0.50012553704701
85684531	0.500182448066803
85685180	0.500137279421515
85689040	0.500911298434082
85691251	0.500117399545637
85692080	0.50028879907831
85693301	0.500176586434796
85696580	0.500183070979099
85697041	0.500511761736369
85698911	0.502319647542028
85709441	0.511981989074812
85710551	0.500472070550146
85715410	0.500141976601896
85720901	0.500180218766649
85720910	0.500138552394294
85725291	0.526772394362802
85725581	0.500370727396382
85729330	0.500241838675057
85729390	0.500637107347963
85729851	0.500401434421262
85733830	0.50027228521979
85740901	0.500172729658789
85742481	0.500129268947486
85749971	0.502781114478142
85750620	0.500592870132355
85752080	0.500126577795401
85752370	0.504724041978454
85754710	0.503124680776489
85757801	0.500386094904522
85758450	0.500110172195771
85766290	0.50634974131448
85771610	0.500186256259031
85772951	0.500610809642211
85777110	0.500214641118344
85782541	0.500582663430144
85782831	0.500684307413297
85788690	0.50043223672284
85789800	0.500308987912256
85804420	0.501144335202429
85804480	0.500968457990903
85805470	0.500432965002928
85806691	0.500169730201714
85808980	0.500208521311063
85810910	0.505633866028321
85811200	0.500113332944863
85812481	0.610699571002024
85818750	0.500161139897088
85831841	0.500138321240801
85832481	0.500279802309589
85834471	0.500116378628881
85835650	0.500566289850744
85835991	0.500167162721071
85839791	0.500631707690254
85843361	0.500155774806294
85843421	0.502030440327711
85846751	0.500161043744537
85847110	0.502187163686593
85848980	0.500239002244239
85849151	0.500434152105941
85859971	0.500117111829367
85861030	0.500135586117799
85864531	0.500430498719696
85867161	0.500427601554479
85878681	0.500142244048609
85881841	0.500241593517184
85885650	0.500134588769196
85887870	0.500786047756519
85889851	0.500115454877672
85890441	0.501049044458178
85893020	0.500150066881825
85894480	0.500162544323156
85896880	0.50023063644762
85901380	0.500117121882187
85902191	0.512898557879132
85907751	0.506385666276753
85914600	0.500131191486773
85915001	0.500133819686056
85916120	0.500646692238618
85918280	0.503274140996166
85920210	0.500208469270633
85920791	0.500291760607578
85921491	0.501684858344248
85921961	0.500169329226084
85923370	0.508243856847397
85923541	0.500278886066376
85923660	0.500296802793955
85927580	0.502338468965361
85928741	0.500437979301699
85934010	0.500149492492385
85938921	0.500378891929882
85951021	0.500197761762186
85956291	0.502391005972435
85957640	0.500184140371179
85963361	0.623015999461478
85963831	0.500215658693134
85964190	0.500810438704188
85965821	0.500141823691643
85968810	0.500238012902448
85969911	0.508581711682385
85972490	0.500447300265678
85973831	0.500306687526827
85974770	0.510994226124611
85999800	0.500147143977872
86006060	0.500151687501701
86007230	0.500959339997497
86008460	0.500272120844088
86009040	0.500335522519693
86011150	0.504184297919696
86011611	0.503575831112604
86017051	0.500163884848234
86019271	0.506676802077012
86020800	0.500155663716632
86024011	0.500143255540174
86029920	0.504527858998458
86030441	0.500128827096147
86034011	0.500229770608683
86035531	0.500383682272789
86046180	0.500222627555592
86046590	0.500675655031356
86050450	0.500311955515568
86052661	0.500148006453237
86055411	0.500379860475076
86070501	0.502095580670419
86076410	0.500132138683526
86088520	0.500322645604022
86100091	0.500613081676188
86113601	0.500948188123844
86113780	0.500114276555006
86114011	0.500364067890198
86130160	0.500248697795143
86131261	0.500155253025791
86134071	0.500121942792152
86135881	0.500227661906038
86141270	0.500155446594118
86144481	0.500404838399445
86146991	0.500930229781419
86155121	0.500346485838915
86164780	0.500124466360196
86164831	0.500213948455134
86165651	0.503416624724592
86169451	0.500139829982264
86169690	0.500359921188592
86177231	0.500191816070673
86177880	0.500160903559941
86179391	0.500118621334384
86181201	0.502011649535762
86184771	0.500422916331089
86187581	0.503099552508839
86188580	0.501792689975217
86190920	0.500734701095852
86195070	0.500881772386281
86212790	0.502555629935687
86224310	0.500154492529359
86227111	0.500169075669667
86243371	0.550378726835471
86252141	0.500860145997106
86256001	0.500134665401115
86262551	0.501023487840146
86265830	0.501106091703178
86277641	0.500163711836026
86284771	0.50042057529845
86288281	0.500367198227106
86292081	0.500296788635042
86293320	0.500122836170449
86296941	0.504347388609185
86300510	0.500262420106223
86301620	0.500163231235432
86302910	0.500214315540099
86303431	0.500242411854216
86305301	0.500153811555584
86320211	0.500375615419884
86325070	0.502078639658047
86331851	0.502535878589928
86332961	0.50014928571782
86337590	0.500563275251176
86339281	0.501551185037071
86341501	0.500116170248404
86349571	0.510587714701959
86358341	0.500448098168714
86360451	0.503847472783917
86363081	0.500527015855498
86366351	0.506354021507532
86379281	0.500320776707492
86382901	0.500147777584704
86383491	0.500139094979159
86390510	0.500125455860318
86391151	0.500129440722636
86393200	0.500127272142521
86394020	0.500593117024471
86406830	0.500779339935528
86420630	0.500192287930452
86421330	0.500187229635104
86427530	0.500127516808605
86429400	0.500492482402134
86432381	0.500480067049854
86437240	0.505691632149801
86444951	0.500721946895922
86446540	0.500407318331131
86446890	0.500117665962532
86448461	0.501729665561666
86448521	0.500404102303504
86449341	0.500182388871808
86450861	0.500399603259862
86451450	0.502924593929607
86453380	0.500501283260008
86456770	0.500224297119974
86459810	0.500169163908424
86460331	0.500597612629938
86461800	0.501594231513811
86467641	0.500242087683497
86470160	0.500149757246574
86473081	0.500442665509952
86473850	0.500241517893083
86474951	0.500984126892873
86476241	0.500124150367227
86481920	0.625499440927483
86484191	0.500620076664005
86485541	0.500211902535384
86487360	0.502667647413111
86493551	0.500282296972127
86494661	0.501001918042643
86497001	0.500169835870991
86499691	0.500171874951857
86503551	0.500288014649418
86509640	0.500269335342695
86513081	0.50222788909822
86513841	0.500347539246957
86517530	0.507348756206695
86518581	0.500379568383285
86519460	0.500148701121668
86525780	0.50097397390948
86528000	0.500115726081059
86528461	0.500267426356779
86529580	0.500215233749316
86534320	0.502379331267422
86535191	0.500224312842033
86539990	0.500328770138355
86542791	0.500261220130105
86545191	0.500127358726988
86546830	0.531739227192238
86556941	0.5012260450475
86558760	0.501123251468435
86562441	0.500920549041162
86566591	0.5003224981069
86569640	0.500610509362193
86570870	0.500129397078916
86574781	0.500398102421346
86575421	0.500172201916202
86576181	0.500177409273322
86576190	0.500578529000761
86577300	0.500328029894358
86586540	0.500234818815381
86587061	0.500115049531755
86589230	0.503413920599788
86591630	0.500483706878473
86592441	0.500218644133176
86595831	0.500135020890007
86596250	0.500638723160879
86597181	0.500531632583506
86600631	0.503362767336788
86600801	0.500185070323685
86601621	0.500144202112034
86603500	0.501427454709198
86607471	0.558053129527753
86613560	0.500456807037441
86621561	0.501214309828512
86624670	0.500141111518028
86625891	0.50012316699868
86627181	0.500140122134343
86630460	0.500154923429029
86631510	0.500311259383986
86633611	0.500124487961078
86636950	0.500165580977345
86637240	0.500236170086175
86638641	0.507978508527244
86640161	0.500134638185882
86641100	0.500237572346292
86643201	0.50015253566338
86644311	0.50012031687795
86646831	0.500301994724827
86648291	0.50011754819978
86652501	0.500146867122747
86660691	0.504866355905285
86662100	0.505702493045834
86669871	0.500274557989303
86674551	0.50043878831481
86674730	0.502681580172669
86677130	0.500164368944813
86690050	0.500548485105412
86693270	0.500420218117252
86697061	0.500190811093674
86697890	0.500178592222956
86702561	0.503453722066948
86705080	0.502316333721094
86706720	0.502676378957435
86714790	0.500266996292608
86717411	0.500210862304221
86723031	0.500136362016258
86725610	0.500955562640531
86728231	0.500313767071391
86738991	0.500181109024418
86739230	0.5022690752689
86742740	0.500211680277084
86746250	0.500266743674058
86749931	0.50562782884005
86759461	0.50012560878159
86763270	0.50171102596642
86763851	0.500130145571908
86764551	0.500118196444652
86768231	0.500540978522536
86771861	0.500153114938551
86782211	0.546024113673742
86782330	0.515237872918295
86786361	0.500770837093365
86790161	0.50048373529947
86793611	0.500435109326357
86793620	0.500199131411007
86793740	0.500170561278973
86794551	0.500198567103727
86806720	0.500168796372218
86809820	0.501982778362171
86812510	0.508439909741875
86813560	0.502668909295853
86813910	0.500230524478227
86816951	0.50166509165224
86817881	0.501017788987186
86826131	0.500247689542426
86827651	0.502176115627888
86830460	0.501901068749845
86830580	0.500286196574259
86835080	0.500149743201076
86839231	0.500471560049642
86839931	0.500259745536957
86845610	0.500245254315056
86847531	0.50113126247185
86859171	0.500137864351632
86888650	0.500144754613894
86900341	0.500398437128853
86902621	0.500219256709251
86907950	0.622444132826423
86930111	0.500357274682803
86937591	0.514034383651613
86943740	0.505536549724308
86955260	0.500138992971552
86956071	0.50011359534186
86957310	0.50021824149947
86957720	0.500196542261573
86958360	0.500187136273444
86967480	0.500180215027986
86978001	0.500557674326921
86978881	0.500768704239624
86985030	0.500124258749112
87024270	0.514799165857659
87029470	0.500277158805404
87031810	0.501272314362845
87032801	0.503284086278782
87033091	0.500140281167786
87037020	0.500283508666395
87039650	0.500144062269882
87042280	0.500180999862133
87050880	0.500186861651889
87061221	0.500354782848059
87065781	0.503770830552525
87067310	0.500242432798558
87074970	0.500113287747278
87098010	0.500136030653626
87104031	0.500226171237909
87110290	0.501128557019247
87144680	0.501152510546481
87149770	0.500134919859178
87155201	0.502293370123805
87155440	0.500156764211481
87156431	0.500934205427009
87159360	0.500662079202962
87160231	0.501041145661295
87162101	0.500203977173532
87162110	0.502100589429506
87168941	0.500163291244957
87172101	0.514110849902036
87173220	0.500132165047667
87180111	0.501588419475625
87181640	0.500681857775523
87192340	0.500368263482983
87198181	0.500146913160924
87201111	0.500762413758946
87201350	0.500153266793076
87203971	0.501402147363317
87206200	0.500674544796613
87217601	0.506298262436403
87217891	0.501281470481735
87223211	0.507163730692052
87228540	0.500146498880012
87230590	0.500244798611995
87231700	0.500315480026384
87232221	0.500193973748293
87236141	0.5101332445075
87242511	0.500246712343885
87250820	0.502199826856815
87265961	0.500578325749137
87287840	0.500293087921593
87288301	0.500122858585676
87296260	0.507927482084736
87298651	0.500187942665636
87299070	0.500200986087924
87318771	0.500258006363333
87319181	0.501271489210512
87321751	0.50019711100064
87339480	0.500603404659413
87344330	0.500132083618312
87347541	0.500588387122808
87351521	0.50803564970785
87368421	0.502876648389022
87377311	0.500183272539831
87378370	0.50145232504189
87384800	0.501391919105149
87386021	0.500764775751452
87394510	0.500136678718898
87395321	0.500120439263812
87409181	0.50028869166633
87434621	0.500504507947679
87436730	0.501056021422748
87440300	0.500608499668499
87448780	0.500335433476043
87448840	0.500362897513533
87456321	0.501866305601772
87469890	0.502469609952438
87474621	0.502789963833008
87478660	0.500300589706079
87479301	0.500243827232829
87480941	0.500310886303813
87484570	0.500224461672858
87492631	0.500391710008918
87493981	0.500336335993229
87494160	0.500191689828778
87495040	0.500166068245176
87507661	0.500144210234641
87508071	0.500205249516772
87508720	0.507163122780588
87508951	0.500214654366755
87511931	0.500122198220001
87521991	0.501692460144668
87534980	0.50017737627961
87536671	0.501870615545583
87539711	0.500256770932316
87540770	0.500383030152924
87542051	0.500616037219289
87542871	0.50041969122444
87546611	0.502975810643727
87547380	0.500176434321485
87552230	0.500142276234966
87554340	0.500129394147327
87560130	0.500181234761504
87560591	0.500223505563581
87565851	0.500235631424911
87568251	0.500417335787762
87571650	0.500237169638677
87573101	0.50092231106355
87575151	0.500385779038971
87579301	0.502757223708436
87585271	0.50025930613438
87588721	0.500358796947583
87595740	0.500301629059568
87602700	0.533649421839644
87608311	0.501291667603206
87608541	0.500113785202992
87610420	0.50029673536117
87612350	0.500162772458219
87614271	0.507051773881607
87616680	0.510680351239016
87619020	0.500146691750291
87629310	0.50030689779644
87639071	0.503500422506721
87642401	0.500148477219828
87642991	0.500827862239794
87657901	0.500113590514107
87662401	0.50013538419372
87662811	0.512574799885695
87664340	0.50044091290483
87666500	0.504753504830765
87668260	0.500124594545815
87668721	0.500643177194889
87673751	0.50098376538952
87677030	0.500159037070214
87679711	0.500180015075112
87686031	0.500130089217862
87686731	0.500140760692259
87687551	0.500176290333183
87689310	0.500177021524867
87691471	0.500161547709393
87692530	0.500218425676323
87693640	0.500163174337771
87697090	0.500868378434971
87700241	0.500158031231386
87707431	0.500323404025879
87708900	0.500586880854374
87717790	0.500133269249507
87721010	0.500164386769323
87723230	0.505720101839937
87723981	0.500172367413201
87724340	0.53836295327008
87724451	0.526834321608959
87725450	0.50020581848747
87726151	0.500137860110602
87730190	0.500614928065403
87733691	0.500133555085169
87734101	0.500774716373999
87734741	0.500145090660097
87736680	0.500119534333334
87736911	0.500139450524576
87737081	0.500158786778205
87740070	0.500133191536445
87743631	0.500403635003655
87744280	0.500367705489521
87747380	0.500328329372327
87749541	0.500209423629339
87750830	0.503782295470587
87751770	0.500170691270838
87752701	0.500167993610755
87754690	0.501788241251663
87754921	0.500181883258278
87761411	0.500753739023862
87762350	0.500223059769957
87762581	0.500179476737796
87766740	0.649510891959894
87767081	0.502502725837411
87770540	0.500397448026143
87771351	0.500141902550753
87771710	0.500115623520049
87772180	0.500121538946348
87773230	0.501052379923808
87773990	0.500129403743016
87774050	0.50422290691062
87776151	0.500141112792283
87776791	0.500705654293851
87777030	0.500124820788949
87777790	0.500254773160819
87779541	0.500383018759047
87784101	0.500128898226786
87784511	0.500134164904065
87785280	0.501045746529933
87785920	0.500180286947657
87788140	0.500135258108584
87788251	0.50018049679538
87792530	0.501981145701707
87794041	0.500252746655349
87797611	0.50014959483441
87811121	0.500453858502048
87811240	0.500158905772848
87811591	0.500988478316895
87814631	0.50014353978468
87818901	0.656986050834134
87823751	0.500148352038821
87824520	0.500121283312822
87827440	0.50026365049246
87828730	0.500152190145801
87829140	0.500461898920695
87831061	0.501232935632232
87838081	0.500698526299312
87840190	0.500148567738735
87840480	0.50034438373005
87846211	0.50021697322685
87849601	0.50021562749764
87854930	0.500126633226222
87863461	0.500318352490092
87865101	0.500139947718142
87866510	0.5002296166702
87868960	0.500818162011169
87872820	0.500155720218847
87883640	0.500300342988023
87884230	0.503697251474702
87887210	0.501032158929558
87888380	0.503129230413522
87888670	0.500126733734009
87902291	0.500276233668528
87903521	0.501051111172659
87904930	0.500151683596923
87909550	0.500145710853989
87912180	0.500941478709485
87913060	0.500193473504734
87916211	0.500140516600602
87923401	0.500137549938186
87923521	0.500141378864365
87924520	0.500708840356403
87926450	0.500294805609514
87926501	0.500512867538344
87929601	0.500204392398257
87931471	0.500145638602004
87933350	0.50015235743971
87939020	0.500302144527108
87943171	0.500900701453176
87943811	0.500197510826582
87945400	0.500952176081756
87945750	0.516572500811252
87950430	0.500157889821205
87952701	0.500752866962816
87954050	0.500134186007152
87954230	0.500372319954126
87955101	0.502315456336624
87957910	0.500113169860043
87960071	0.511741811595584
87961301	0.500181462768451
87961941	0.500677429069979
87969021	0.501021996389345
87969260	0.500155218172032
87970720	0.500156969799438
87971010	0.661075905024454
87971241	0.500154119274434
87972650	0.500306160290749
87982360	0.5002337168667
87983880	0.50135163990812
87984230	0.500152911578255
87986151	0.50013263897598
87987970	0.50015638687069
87992650	0.500381127532608
87993760	0.50011970150065
88002001	0.50016114663165
88005750	0.500362952815319
88009900	0.500180002329566
88014751	0.50016736222448
88014990	0.500152353668122
88015460	0.500163685872742
88019431	0.500229449985919
88023171	0.500166300329892
88023820	0.501038978673096
88025571	0.500725709794459
88030370	0.501562163152543
88034691	0.500172553700971
88036391	0.500243538711985
88040720	0.504766776468782
88041420	0.500379670535457
88041651	0.50013286155998
88042300	0.500220066529533
88048901	0.500375448275699
88059320	0.512012387418473
88066980	0.500109682986811
88068491	0.503247846904023
88086801	0.501652197761402
88088970	0.500119443721796
88089841	0.500119202446923
88094281	0.500167170172384
88098090	0.500131016941348
88098321	0.500263452390727
88100661	0.500132496011451
88106271	0.500116370123947
88112411	0.500152119644232
88117561	0.500253156067285
88123530	0.500110796655871
88131190	0.500134682921632
88133590	0.500134388946159
88136220	0.500976033321169
88138321	0.50107713655348
88146861	0.500293694268616
88157390	0.500534208482183
88157510	0.500263667481627
88185400	0.500433580483268
88185750	0.504387335281793
88187330	0.500224324030834
88187450	0.500210695466526
88189790	0.626159397296159
88190020	0.50014439000709
88192181	0.503701012391987
88193530	0.500134346961952
88194700	0.500357316986194
88203701	0.500571747436676
88205981	0.500209633208294
88218090	0.5002788158168
88220601	0.501881394971472
88226220	0.500140722672538
88230311	0.500164332348985
88237681	0.500155250826781
88244060	0.514204406938069
88251020	0.514185347286244
88253641	0.50036839117779
88259551	0.500252776209496
88261190	0.500125537061923
88262420	0.523912375346729
88265161	0.500178962312148
88278680	0.500150725818348
88279081	0.500149270654377
88282950	0.500692594402992
88287681	0.500166164330042
88291840	0.500221343327916
88303471	0.500246312032614
88307160	0.50040063667799
88312540	0.500159164188153
88334180	0.500139655538841
88335520	0.500575025805971
88339560	0.500170310491241
88343300	0.500555234421452
88346690	0.500244804137542
88352540	0.500832299214152
88358501	0.500209148035461
88360081	0.500339556633007
88361251	0.500404509490375
88361840	0.500394919624669
88363351	0.50016100350214
88374111	0.500220418413341
88384590	0.500179170366064
88386801	0.500174754203561
88388151	0.500197858906134
88389141	0.500175154339872
88390311	0.523522372593511
88395871	0.500325928938019
88397220	0.500529174986823
88399731	0.500220373018581
88406520	0.502010941420759
88407860	0.501077002013465
88413591	0.500142841912235
88418211	0.500135242017764
88429731	0.500236655401293
88430670	0.501170974517259
88432890	0.500866822155817
88438561	0.501157671351159
88450491	0.50015732812335
88455990	0.500168016715698
88457630	0.50033783219965
88458450	0.500130231653615
88459970	0.500125993796603
88470491	0.537819996673171
88473710	0.500130598940583
88476861	0.500128804333714
88480090	0.500133970468081
88484411	0.500151484519313
88487570	0.500130170757154
88493531	0.500436408141989
88494641	0.500122547294448
88508441	0.556183849122568
88513471	0.500265718279859
88522780	0.500149545680512
88533471	0.500211569554215
88546631	0.500149704727934
88557161	0.5001684298146
88558681	0.500162705798566
88559970	0.500174904177063
88562250	0.500228240040619
88568860	0.500133870999259
88569740	0.500161201053287
88592430	0.501884040639605
88594291	0.50011968390666
88599150	0.500276611468033
88603420	0.500203816401167
88608211	0.500139113147861
88609680	0.500273712773002
88613950	0.504521087720564
88615820	0.502071112602852
88619911	0.500219863722951
88620500	0.500936034844456
88629210	0.500175388676987
88635350	0.500974177126097
88643531	0.500265803743381
88645521	0.500434753177837
88646751	0.500218739362147
88650030	0.577770661587274
88653190	0.500183545605417
88659040	0.500413932679761
88659911	0.5003299887855
88662251	0.500689357802254
88663301	0.500164161985657
88668220	0.500632897771197
88670321	0.502341571788591
88671781	0.500180457624216
88672601	0.500180955856581
88681140	0.500181090932719
88694881	0.500136662475425
88707221	0.500204320658431
88709441	0.500199156813572
88710141	0.500311903525967
88715931	0.50020926974399
88718280	0.500148266004178
88719100	0.510998471723155
88719791	0.50017771854518
88719800	0.502606243159645
88720560	0.500215069544082
88724001	0.500209226456169
88729390	0.500170583632653
88736401	0.500220283631028
88738621	0.500182144875392
88738690	0.50086026367084
88739911	0.500321751585179
88741260	0.501468462373422
88742020	0.503546373418591
88744881	0.500142372495217
88745530	0.500310480499049
88751670	0.500526619882287
88759621	0.50016575229421
88762370	0.500133126378687
88764130	0.506096009639233
88764181	0.500236558738458
88765470	0.500268350500231
88770611	0.500895396349486
88778570	0.500148552704783
88786700	0.500392175367131
88789211	0.508939036134665
88793011	0.500133883878406
88799570	0.5001690305564
88807511	0.504431794231863
88812020	0.500568614224013
88818511	0.500818750502548
88819390	0.500314425723033
88830851	0.500163640081106
88845701	0.500301616619501
88851081	0.50014211420657
88868511	0.500200317431492
88871551	0.505618301394677
88875770	0.500887245724654
88879450	0.504060641708208
88882140	0.500134170296688
88885411	0.500196819990636
88888981	0.501499919090493
88895650	0.50022935913688
88897290	0.500303983856739
88899160	0.50058238444024
88900911	0.500167176093086
88902781	0.500169027128263
88912021	0.500148006016908
88941210	0.500188785154861
88943430	0.500520993920132
88946581	0.500118826724361
88947631	0.500118653344376
88953891	0.50013455937533
88958280	0.501714977018028
88959860	0.50714457985517
88962610	0.50027376875243
88963951	0.502678433411803
88966581	0.507814205368082
88973370	0.500426838467955
88992841	0.500287454194283
88993481	0.500165021146627
88995360	0.500329760843346
88996761	0.500244327508737
89002841	0.500128137290277
89003191	0.50013959898638
89008281	0.500224078427015
89009041	0.566413092506319
89009100	0.501240209913882
89012670	0.500511004372345
89013430	0.512200789769075
89014890	0.500210614703785
89016240	0.500382721830533
89020740	0.500141975504681
89026410	0.515444963669496
89039681	0.500212705868957
89056940	0.500229730692501
89065130	0.500118739764199
89066240	0.500151239905839
89068930	0.501837301082059
89073311	0.500189461674179
89073601	0.50017489262763
89081731	0.501751181668815
89083900	0.50203760242897
89085881	0.500201909352056
89104020	0.500153671750662
89104720	0.500144290749942
89105881	0.501592825294762
89108230	0.50032680380897
89110211	0.500558441227328
89115181	0.500270443972405
89119280	0.504822163236308
89125711	0.500194245953045
89149861	0.51991058950712
89156351	0.500469638517811
89164891	0.521891671892868
89166010	0.50016567303639
89168230	0.500171390469939
89168571	0.500257091693513
89180920	0.500141281219683
89190450	0.500152315417137
89193431	0.500307558144917
89211791	0.500124012353975
89225241	0.500407077273938
89234720	0.516201744312674
89236300	0.500276630669812
89244951	0.506103519910183
89249520	0.50022799944272
89249631	0.500441733292563
89252961	0.500220693541368
89265421	0.500195210799988
89269690	0.500172605713135
89270971	0.500183614711062
89271151	0.500714481437546
89274251	0.500743145404885
89293371	0.500154865654166
89296420	0.500362966510615
89299460	0.500149182423002
89301100	0.500278131886847
89307001	0.500123027749703
89309921	0.50366321007614
89313610	0.500465103124868
89324891	0.500183407246761
89325831	0.505064965621505
89340741	0.519982753064072
89347880	0.500448772646584
89350391	0.500160912809816
89355131	0.500724493166932
89359520	0.500508071585239
89362560	0.500157655610279
89363141	0.501592356785381
89364610	0.500311278169474
89367710	0.500150431414084
89372671	0.500169504735431
89377300	0.516735724358962
89378111	0.502253076245475
89379511	0.500132601074555
89381040	0.500127597970191
89383371	0.502107950468709
89391920	0.500151533492392
89397710	0.50015128748513
89398640	0.500267445209183
89399990	0.50022826775103
89402261	0.500142697057607
89417240	0.50012624342161
89421561	0.500130452156041
89425020	0.500555502348816
89427180	0.500343950379436
89431570	0.501526673913688
89431971	0.501797865500011
89444601	0.500194442043833
89445250	0.500546963861273
89448120	0.50031885594006
89448521	0.501318577990226
89455891	0.500125796582873
89456830	0.500155222391012
89469401	0.50023274824309
89469870	0.5001387225794
89472210	0.500372396150117
89473491	0.50039533154414
89475310	0.500303682832585
89478111	0.500163166470073
89495080	0.501474549584536
89500161	0.500410054035873
89500571	0.500365127993876
89517941	0.50060084779043
89525251	0.500173809862432
89534900	0.500475123317746
89536301	0.50032366466877
89540921	0.500452828411687
89544081	0.500140041758995
89547531	0.500165177022904
89550110	0.500538309629551
89560161	0.50030930698154
89569401	0.500199498100174
89579000	0.50013559631009
89585191	0.500273527749391
89587770	0.500192305099285
89590221	0.50012350783534
89600861	0.500152344337786
89616890	0.501061428699523
89618701	0.500184956999202
89629820	0.500535584067356
89636540	0.500112816912771
89637181	0.500491999734577
89652740	0.501104273392383
89685430	0.500313850912161
89686020	0.500165834350226
89686131	0.514526229977484
89695781	0.50152273980803
89699470	0.505817260026969
89731161	0.500176190028497
89742501	0.500155447085732
89747301	0.520327937987252
89750930	0.500244122858934
89751400	0.500336622579444
89763740	0.500761500787076
89783620	0.50019488229352
89789760	0.500470137945823
89793911	0.500177911460514
89796071	0.500386740147075
89802860	0.501955592174126
89824910	0.50073058685353
89824961	0.500620720326492
89834850	0.500716818328486
89836661	0.500226878579137
89841400	0.500342175086252
89841930	0.50105216811541
89849111	0.50026126063406
89853390	0.500184847707748
89859820	0.512422757214751
89862741	0.501695929598375
89873040	0.500163540336174
89877421	0.500200192540691
89885550	0.500386647068915
89890461	0.500149080058083
89899650	0.575168935628193
89906661	0.500441116773183
89908710	0.500299247238444
89934321	0.502572079879263
89934440	0.500506253284059
89937011	0.50017691496397
89938360	0.500436563919137
89947771	0.500333341488235
89979291	0.500133230296761
89996601	0.500396968632173
90000700	0.533229785835928
90003390	0.50032554120655
90012511	0.500283846091643
90015440	0.500386407332174
90024261	0.503161405352442
90030461	0.502863716721039
90039180	0.50014572530154
90059590	0.500476316797557
90069881	0.500995085048647
90078190	0.500526139975471
90088361	0.500718601906892
90123980	0.500282054657149
90128540	0.505384389859983
90134800	0.500167975746815
90135150	0.500135776618607
90144501	0.503057381876622
90145850	0.500132810426812
90150291	0.509871861938421
90151640	0.501695503125719
90151691	0.500313155564769
90152631	0.500206769858822
90156550	0.500148963838939
90157071	0.500133646194608
90158250	0.529396455234386
90160521	0.501106101144388
90164151	0.50011546605646
90171811	0.506845846849298
90172580	0.500380533083411
90173331	0.50017235462389
90180521	0.500225920096461
90183980	0.500158457476148
90186610	0.500213238099244
90190641	0.501537591036748
90192161	0.500185665755921
90194680	0.502086812431
90194911	0.500705116671682
90201751	0.500132006822829
90203750	0.501702532858022
90204621	0.502438613501386
90205201	0.501459157533668
90208651	0.500183365306683
90210240	0.500758195480778
90216200	0.503832664528155
90224791	0.516006391325628
90224800	0.501459041248999
90231760	0.500703885011007
90234450	0.500540585152036
90238250	0.50143932453079
90242341	0.500281235638502
90251760	0.500341430834183
90258421	0.500880958761347
90280940	0.500130429005433
90282460	0.503442677859186
90282571	0.50019104549389
90286961	0.500344942988312
90289711	0.501823971462894
90303220	0.501582940206115
90303861	0.500289832443446
90305740	0.501654351049705
90315560	0.500345749501337
90325390	0.501046149486125
90326081	0.500138490541275
90326261	0.500133545239777
90326500	0.500152268412612
90326790	0.500215255140408
90334501	0.500403942760589
90336850	0.500114573507634
90345680	0.500167100292207
90345740	0.500126138596971
90351291	0.500933438166131
90352281	0.500169825858687
90354980	0.500133273854048
90357311	0.50013790605769
90357661	0.50053101624634
90358011	0.500760384383419
90369651	0.500579165441358
90370471	0.501102912734216
90376380	0.500599615840312
90380360	0.500122976616385
90380420	0.500123155964895
90382751	0.500351296084992
90401701	0.500117195214715
90403810	0.500150455804234
90410701	0.50020480262455
90413391	0.500466807920019
90420351	0.500152919374487
90428251	0.50018037275187
90432230	0.500162546572456
90434621	0.500220398942285
90438891	0.500189774729776
90439301	0.50017173813576
90445040	0.500167774798735
90448720	0.500125171372464
90449651	0.500419062110861
90452290	0.500228179189771
90454681	0.50014302799915
90460830	0.50022894258486
90463870	0.500203056034264
90464160	0.500164442598262
90474920	0.500123887924717
90478831	0.500245271989755
90481650	0.500160426470419
90487081	0.500127042732414
90488191	0.500210792399833
90496551	0.501121869981052
90503750	0.500216436121001
90508721	0.500171333677304
90508900	0.500134246316555
90511300	0.502102423987966
90511590	0.500153804839378
90512990	0.500801917703995
90517440	0.500476504575705
90519600	0.500296881125971
90521590	0.503629720851015
90523520	0.501693313815111
90526680	0.500469484999606
90529831	0.50014956617879
90540651	0.500146495524559
90542751	0.500171374908111
90543050	0.505746235947241
90543460	0.50126414412259
90549361	0.501480868829123
90551710	0.500134648305943
90570651	0.500288888234369
90574391	0.5001832540891
90578951	0.501198539784251
90581061	0.500462628439327
90593640	0.500585278468716
90602350	0.500478393799813
90602521	0.500126508563696
90604511	0.500932245138871
90604921	0.500146790766531
90610480	0.500894018388259
90610950	0.557897776676386
90611650	0.500155798822694
90612700	0.504690140553062
90617431	0.500339451759082
90619250	0.500131325584943
90621291	0.500372403757697
90622231	0.500426334806925
90626851	0.500144707451721
90627141	0.500140058913562
90629310	0.500340193092895
90634400	0.500225452937287
90637431	0.500371657921378
90649831	0.500118904027402
90660711	0.511198171823518
90665860	0.500152909793046
90677790	0.500317097292819
90698320	0.500287521233429
90700361	0.500204990311824
90702171	0.500213440467089
90702581	0.500148119631242
90703281	0.500162988373636
90705271	0.500145876995722
90708550	0.500147973024902
90712120	0.500205676842698
90712351	0.500138260865322
90714041	0.500217035011656
90714690	0.500165497809594
90719370	0.500159412296242
90719831	0.500399056943461
90722820	0.500296589324812
90724170	0.500122646725481
90726330	0.500633753568091
90726851	0.500136032200316
90728781	0.500115484203787
90729780	0.633839129439764
90730011	0.500399006498161
90731650	0.500238464003728
90741061	0.5002284978383
90741240	0.500164489336196
90745100	0.50018324657199
90747560	0.50017637818521
90747970	0.502994079207964
90748030	0.503250193952703
90752060	0.500137414020937
90756621	0.500139782846127
90756800	0.500112434386414
90758311	0.505639736026576
90771941	0.500820994243359
90772590	0.501713613566453
90782411	0.501462615944348
90786270	0.502594988002817
90788721	0.500187104327271
90795630	0.500700063923189
90797560	0.500620536659234
90799721	0.500150843575973
90802641	0.500169638717829
90803640	0.500140394774708
90809601	0.503476446967614
90811941	0.500400597326612
90812291	0.500166319149723
90812590	0.507179351630429
90813820	0.500129127263835
90816271	0.500238836142737
90820310	0.50012748601222
90822710	0.500956585724909
90824170	0.500247132174275
90825980	0.501118328438843
90841130	0.500216775707113
90841830	0.502540418236636
90849311	0.500128758305481
90851710	0.500195037751481
90852710	0.500287443401215
90854050	0.502402050457332
90854400	0.500282724794472
90860891	0.500142698271838
90862411	0.500189744052888
90862821	0.500173232760945
90864930	0.500131340941833
90865391	0.502842208944653
90869251	0.500318349649052
90874221	0.501538932358448
90874341	0.513959046457191
90883641	0.500177242931093
90884290	0.500137115883648
90884571	0.500340533517822
90885340	0.500133273254884
90886920	0.500329785339766
90891711	0.501772715923677
90896211	0.500113791137524
90898790	0.502914713918057
90901651	0.50012561757373
90901711	0.500121687726008
90911010	0.501930919671827
90911890	0.528979611675226
90914990	0.500160379303914
90916211	0.50025151783883
90918431	0.500406789799123
90921830	0.500131782470461
90929080	0.500123708237134
90934341	0.500382237200437
90938730	0.500142083550067
90938901	0.50013535270448
90941651	0.500632254858177
90944230	0.644087512125836
90947381	0.502312984755579
90947680	0.509521284753705
90951241	0.500502934304457
90952881	0.500197881141268
90956271	0.500224735470561
90958970	0.500293311223333
90959721	0.567285772249189
90964221	0.500127024032499
90964281	0.500350463149774
90967731	0.500275380660282
90967911	0.506721266391446
90969841	0.506593533679525
90971950	0.500149614458151
90974691	0.500121478775688
90976160	0.500240354212256
90977151	0.505000446845895
90985460	0.500239290516852
90998261	0.501055688672345
90999320	0.50019474718493
90999550	0.501841315654118
91000020	0.500220645662805
91001771	0.500180652893842
91010840	0.500448480998692
91012881	0.500128977444639
91014691	0.500833245741388
91014700	0.500248434376069
91019491	0.50107843941216
91021011	0.500212777512165
91030370	0.500600168241858
91037441	0.500129018039602
91037731	0.508375015092912
91040951	0.501042574755584
91045221	0.62303156758692
91055861	0.500203089418496
91061071	0.500149781653448
91061361	0.500271073856265
91068381	0.501125761176868
91070490	0.500135346901626
91071421	0.500200813217018
91071771	0.500120556142107
91087441	0.500181108808967
91087860	0.500181659766043
91088031	0.500263292932114
91089371	0.501933911680297
91096980	0.500125108281028
91104171	0.500949100237513
91106331	0.500649153517247
91116331	0.506135537681788
91119320	0.500143195233681
91119610	0.500398723270095
91122950	0.500449221714
91134640	0.500354125526312
91135751	0.500125983440728
91135810	0.500177576983838
91136861	0.500855070597332
91137740	0.502920708531229
91150020	0.500224215547328
91154880	0.500123082163255
91160251	0.500162299581168
91163880	0.500168645693789
91164461	0.500328674830905
91165341	0.503832206483836
91170960	0.500192776401402
91171951	0.500159013235091
91172241	0.501733501401237
91173650	0.500873983581938
91180721	0.500132913300913
91181600	0.500142108962705
91181711	0.50367185205733
91182010	0.500188004404724
91185571	0.500358454317556
91188270	0.500173768870115
91192360	0.500127314471464
91201020	0.530419325777248
91204290	0.500150504365127
91210951	0.500203778660386
91213061	0.500428925877214
91215580	0.500121123372859
91218210	0.500412757264619
91218330	0.501951369234932
91222540	0.50012598188565
91222651	0.501490394694671
91223650	0.500484165781735
91226041	0.500141761484607
91226511	0.500133917626374
91226981	0.500400006780762
91228970	0.500175395010745
91231601	0.500157509120872
91235691	0.509321273620088
91243061	0.534877301369123
91246571	0.500132660062858
91250140	0.50217022728837
91252241	0.50031227936233
91253940	0.500746202913976
91255981	0.500360610166186
91257570	0.500942874825096
91258270	0.500132265111596
91258620	0.500237707735719
91259141	0.500263912926503
91261430	0.500433154925933
91262540	0.500241394175959
91263830	0.500132760786044
91265350	0.500255614181424
91272651	0.500375866759825
91274521	0.500270981921772
91275230	0.50012346012937
91286810	0.500176271889916
91292771	0.500137457845955
91295051	0.50023420342874
91296520	0.50018113430773
91297681	0.516936842907032
91300200	0.612016203640019
91304470	0.500222645594833
91305290	0.507398450817166
91306340	0.500310570138046
91311550	0.500975615241896
91316631	0.501407131247192
91320661	0.500110800471852
91322950	0.500294050163732
91326400	0.500159785708468
91327630	0.500269033850373
91331481	0.503736957953062
91334581	0.500133265981794
91336580	0.504386827147639
91338211	0.500170733987364
91339321	0.500166178895201
91344521	0.500391482636053
91347980	0.511710231073174
91349611	0.62125145401424
91349671	0.500130109250013
91350320	0.50041951208873
91352720	0.500195876308021
91353241	0.503058911790309
91355350	0.500658064582055
91356571	0.500239437324839
91358510	0.500469708154948
91359620	0.500212400455772
91362250	0.50012981886373
91362890	0.516466063011856
91364701	0.500224340142998
91368390	0.500311933530212
91375640	0.503539893383848
91380841	0.500216609577547
91385871	0.500591204661711
91386221	0.500208717681232
91386460	0.500149925605366
91389791	0.500521903396595
91391951	0.500418264483088
91394120	0.50017117222746
91394351	0.500929174607749
91394701	0.500199649741373
91399210	0.500124190612588
91403531	0.501267208597007
91415350	0.500325347303587
91415700	0.501595879303294
91417511	0.500193036849295
91420730	0.500522438476838
91421020	0.500922715627969
91421191	0.500193963069038
91424300	0.500238913824254
91426580	0.500361816964644
91432421	0.500140402310852
91433420	0.500239907495708
91434001	0.50180417701317
91435871	0.500119534017126
91438390	0.500196141967618
91440781	0.500116619332431
91441541	0.500174294812881
91442190	0.50022119770136
91444001	0.500201486628527
91444530	0.500146420000174
91447861	0.500211164849341
91453471	0.504545618549313
91462720	0.500230954841906
91463950	0.500279723162182
91465111	0.500177564403224
91465290	0.500125559894638
91466631	0.500163463387106
91467511	0.500108060757215
91471080	0.500702317444594
91473591	0.500136369943249
91474291	0.500116787257912
91475171	0.50022218387925
91477690	0.5001821147615
91477801	0.5321243103739
91484001	0.500169454061661
91486050	0.500154933231763
91490440	0.500130178250913
91497340	0.500183171053917
91497451	0.500155527302685
91499390	0.500103700674786
91501140	0.500233977995558
91504881	0.50105513561192
91506110	0.50030157648404
91506870	0.500347641253868
91510790	0.560902854264047
91510850	0.500138731968093
91516341	0.500115807995704
91516520	0.500113957324671
91517511	0.500289369330494
91517750	0.500145056174733
91517801	0.500925310763397
91530141	0.500380520628769
91531730	0.500354585802351
91532490	0.5001613265942
91534770	0.50157671688224
91535060	0.500145053546371
91537391	0.500151617277511
91537801	0.500667558464603
91539040	0.500126153617414
91557101	0.500320197879893
91558860	0.502258023613399
91562490	0.50298574286586
91564770	0.50014426217832
91565590	0.508584416101701
91565880	0.500261599076587
91568570	0.500119019298793
91576640	0.502128594909692
91581311	0.501016186502027
91589441	0.500561444795602
91593070	0.500182185694058
91597801	0.508635443006813
91600731	0.500169632725299
91601901	0.547885338668198
91602891	0.500337533742995
91608741	0.500210770691802
91609330	0.501765814895613
91613241	0.507187699623982
91613250	0.500127404879804
91614070	0.503796877363358
91619211	0.500840243629602
91632780	0.500270713281929
91639031	0.500652580577858
91640731	0.500574619179891
91641030	0.500252110627431
91643720	0.500138550028894
91645060	0.502619541113929
91654480	0.500313339024543
91671730	0.50084565828595
91672900	0.501603963776737
91673011	0.500660382444841
91678451	0.500335997192291
91679791	0.500435161778405
91699800	0.500391757671436
91704471	0.500515623842689
91718041	0.501043530934058
91725061	0.502237393378428
91726931	0.500161191780138
91730500	0.500340328981228
91733891	0.500339604354294
91739501	0.500814893284408
91748331	0.500499428072157
91751431	0.502138947219358
91759151	0.500121303909926
91760560	0.500397788171649
91769920	0.500183211647257
91771150	0.500140103886452
91772900	0.500443499717914
91782781	0.500151612236074
91791030	0.500137236758023
91798690	0.500136952566438
91799800	0.500119354203358
91803601	0.500168464320779
91804711	0.500151790296009
91805291	0.500663712758286
91807930	0.500257591948954
91809980	0.500177285133384
91810680	0.505817320255665
91815300	0.500132558699198
91816991	0.500134943549822
91819450	0.50016418472924
91819741	0.500121171353394
91822670	0.500444202873532
91824941	0.502524043568461
91830791	0.500839238587169
91832841	0.504647441956915
91836120	0.500157609959068
91836171	0.500243001544623
91837230	0.501435619214704
91837981	0.502251029288352
91838460	0.500667732891065
91842661	0.500242903816534
91844011	0.500412538452371
91844771	0.500133382042781
91847990	0.500354545885086
91848110	0.503162361370619
91853421	0.500372466133662
91868391	0.500467249121991
91869510	0.500178078868183
91870210	0.500208849905114
91870740	0.50027311165854
91871551	0.500127265713724
91871611	0.50032161722475
91872380	0.500136441356032
91874070	0.500210259967505
91878400	0.500826934080448
91883310	0.500139393881564
91893020	0.500278842306716
91898690	0.500155992807898
91906171	0.50135285572753
91915480	0.500121479245332
91916000	0.5001260279749
91921030	0.500129050499266
91927760	0.50014561255418
91929391	0.500131873977587
91934190	0.502479287888311
91935710	0.500163575833558
91939331	0.50021327810169
91942670	0.50051728024139
91943131	0.500595732004137
91943951	0.500276709166989
91952790	0.500568684262898
91954421	0.510618379648506
91957350	0.500160887239777
91961671	0.500138870782545
91970510	0.500180107565569
91970920	0.500145716607182
91978990	0.50094129770219
91980791	0.500642416072126
91981791	0.500253788378026
91985941	0.500223229355802
91987111	0.500263678616364
91991261	0.500476201337964
91992440	0.500314683013661
91994071	0.50013559654894
91995540	0.500346944678532
91996120	0.500912342125355
91996300	0.500194075639545
92000621	0.500218337830927
92016761	0.500311572175018
92028230	0.501389673642768
92031150	0.500151225294321
92051680	0.509113083975167
92052730	0.500205181801135
92053840	0.500162045244088
92066120	0.500304602112013
92067581	0.500241449624103
92068691	0.500256416666854
92070211	0.501110832205149
92075181	0.500258686350914
92077000	0.504830786876658
92079101	0.500574255601673
92080331	0.500177979378999
92082090	0.502615044623877
92083191	0.509128923014847
92086650	0.500388331121382
92089571	0.500133140690818
92090980	0.571689527497156
92097171	0.501005813621564
92097581	0.500207261349605
92098700	0.500735136135933
92107581	0.500149620089621
92107641	0.502978402230846
92113601	0.501536777228107
92118580	0.500114235960047
92122841	0.504161114681593
92131381	0.5001485095491
92132961	0.50117674302771
92136291	0.500119657043915
92137701	0.500132820653047
92138640	0.500259385743726
92140741	0.501353660713443
92142201	0.500149562762771
92145600	0.500165524443331
92146710	0.501754330155582
92152611	0.50036632577843
92157410	0.500711716642344
92158990	0.500854761936711
92163260	0.50019250984974
92164310	0.500218473013656
92166471	0.500331457621793
92169631	0.50194177591193
92174891	0.500168338177386
92175250	0.500123837029391
92176471	0.500373936453839
92177590	0.50018354103482
92182620	0.506987900071817
92184900	0.500528669449511
92186761	0.500123746831454
92188521	0.500239778572839
92188811	0.500152165603022
92192500	0.564000161229718
92193790	0.500131867931975
92194071	0.500399973011822
92198521	0.500148780202998
92202611	0.500271295785513
92208170	0.500192534539828
92212201	0.500163820754708
92213200	0.500484978812677
92216770	0.500798925058277
92217761	0.50030945185275
92225890	0.500624801394995
92226830	0.500168373873907
92231860	0.500195294350887
92233200	0.500293480162294
92233610	0.500130934011088
92233721	0.500141900442886
92238410	0.50018834780129
92238461	0.500260468972169
92240630	0.500290042355729
92243790	0.500155261006815
92246761	0.504460258888107
92247171	0.500142505753229
92249580	0.500163139798603
92256651	0.500186821947867
92260160	0.500273787148479
92261211	0.500482633860149
92264430	0.500134106999194
92273841	0.500151726063607
92275370	0.500132551218482
92276821	0.50012285567383
92281390	0.503812405167112
92288401	0.500289361690693
92290041	0.500130989899301
92290271	0.500165932181623
92290280	0.501552458996652
92294891	0.500337771634947
92294960	0.500237063153558
92295950	0.500401305010249
92297061	0.500153329203071
92297411	0.50021280124645
92298111	0.500118818376761
92301911	0.5001304665912
92303431	0.503294671340527
92304140	0.500139732456221
92304191	0.500118334939907
92311920	0.500166534727228
92315660	0.500130079874222
92321151	0.500166757951991
92324080	0.500226755968097
92326531	0.500124938727605
92334670	0.500271032529956
92338051	0.500134635275328
92340340	0.500204483363036
92340511	0.500683883465928
92346360	0.500384127819593
92348760	0.501427391032805
92356950	0.50030779089422
92358820	0.500129977727387
92361450	0.500119911367134
92362851	0.500222684649214
92364191	0.500119396004228
92367881	0.500189677268276
92374661	0.500616645827366
92378470	0.500125859553106
92389930	0.500205856075235
92390801	0.500610430537066
92393261	0.500478015617498
92393790	0.500166188065169
92395131	0.50013934791535
92402851	0.515732041447614
92409811	0.500132032551104
92411911	0.500139410689928
92413150	0.504952023122052
92416591	0.500144651150418
92416660	0.500175424692038
92420101	0.500331020348902
92425020	0.500117890672907
92425780	0.500129953505273
92438760	0.502528648610361
92446420	0.500117049769987
92451450	0.500156650728428
92452321	0.500119272933584
92453961	0.500148473831955
92453970	0.500138069289277
92459520	0.500135556439069
92464081	0.500108208279477
92467590	0.500213021100979
92471630	0.500172022659819
92471980	0.500174711833137
92473141	0.500125983434124
92475071	0.500191876933824
92477181	0.500137012116647
92481041	0.505774224583427
92481100	0.500495936380693
92481741	0.500724850603108
92483141	0.510444990643604
92483671	0.500889533029509
92486591	0.500229551024463
92487830	0.500219095977317
92489930	0.500252351319515
92491160	0.501639761127441
92493210	0.50013319237256
92493321	0.500143626145156
92495310	0.500351078157595
92498761	0.510908921109268
92499930	0.500306814373398
92500571	0.508064758336737
92504141	0.500155192308716
92507531	0.50025924416761
92510460	0.500119028986718
92512151	0.502160651834195
92519751	0.500148667938622
92521340	0.502451638745044
92522151	0.500167292853863
92522270	0.500200969803675
92522621	0.500145669991297
92523030	0.511139494025423
92525481	0.500533401947395
92549580	0.500541555615017
92553620	0.503120802033256
92554901	0.50070981647898
92558590	0.500145378663606
92566660	0.501951723635518
92575311	0.501493540781237
92588001	0.500127049290175
92602911	0.500185846724211
92614670	0.500385146688017
92619700	0.500336131530207
92628761	0.500244518223254
92633441	0.500120988843488
92656481	0.501102296421945
92656711	0.500184021763159
92674431	0.500135052981929
92692630	0.500187078401491
92692741	0.500576696793932
92705140	0.500491017430501
92711981	0.500240963927751
92758650	0.502158699297478
92769351	0.50046678986821
92781451	0.503044162787593
92795960	0.500185147786797
92797540	0.509882316067461
92798010	0.500210666504333
92812801	0.500152825809044
92813031	0.500124413784462
92817241	0.500485039527672
92831101	0.500131737977459
92833211	0.500304458710716
92867250	0.500653252230668
92877250	0.500164163016979
92882920	0.50098796357233
92889650	0.500899788484676
92894150	0.500463119246261
92913621	0.501316867046424
92926371	0.500216930014912
92928301	0.502895932526985
92932331	0.501191430001794
92934210	0.500278307662519
92936191	0.500533708435337
92939061	0.50026143180226
92942041	0.500168912377834
92942980	0.50568337205343
92945021	0.500813723633911
92945081	0.502066520497188
92946200	0.500201903257608
92956721	0.500138343868471
92959590	0.503697731007518
92959710	0.500923545887167
92961230	0.500233583901687
92961870	0.50057145016812
92967720	0.500345937265783
92969770	0.503926470551867
92977481	0.503395631448963
92980940	0.500181827112602
92981170	0.500259010007933
92983220	0.500190955977676
92994671	0.500167035965365
92997020	0.500482298837707
93000051	0.501229851907865
93007771	0.500181203175732
93011640	0.500385087467251
93012041	0.500282444217197
93012161	0.500123022684551
93014731	0.500212019072345
93015201	0.504313373057351
93017370	0.500158849599088
93017421	0.501383522333246
93019420	0.501285665599806
93022520	0.500133222476702
93036661	0.500214802992077
93036670	0.50037109714061
93037071	0.501123495703479
93042280	0.50019618807592
93043271	0.501406761178418
93044381	0.500135812897685
93049360	0.596405065509873
93051350	0.500194888868692
93052460	0.501872840967886
93052631	0.500187938742362
93055901	0.500121755719315
93056260	0.526003587635735
93058070	0.50012633658413
93060521	0.500116228959797
93063690	0.500323243765969
93066491	0.52521055329988
93066610	0.500155531059352
93076200	0.500424967158043
93077550	0.502800088934553
93078071	0.50014768909536
93082810	0.500141748266648
93083860	0.500252612084345
93089531	0.500166114637128
93093160	0.500241683350117
93094040	0.502036203344846
93095790	0.500147068907617
93096610	0.500183890867067
93098421	0.500383961925037
93110761	0.500151767843813
93112580	0.500144066917183
93115201	0.500477575592801
93117541	0.500687990789227
93118130	0.500161668118136
93126141	0.500136960619131
93132520	0.5024439560906
93135090	0.502016667207708
93136200	0.500291121792817
93139130	0.500702828001362
93140581	0.501409167485332
93146440	0.500720897182986
93152170	0.500157347655315
93153220	0.500298581734046
93157541	0.500117080584478
93163741	0.50013343467705
93164450	0.50013169253144
93169941	0.500158215586049
93170061	0.50013720417161
93171581	0.500121652430614
93174681	0.500137331484132
93175381	0.500451406005362
93180411	0.500144599587297
93183101	0.500932115370764
93192170	0.500246330477701
93193921	0.5013044214709
93197960	0.500134374411006
93199190	0.502794595436099
93203801	0.500466310650674
93205910	0.500183843063351
93211171	0.500229220564623
93213681	0.501003650297853
93215851	0.500209981970698
93217601	0.501707619227453
93220650	0.500534735910562
93225321	0.502143197825447
93226901	0.500722701621776
93231530	0.502287990871527
93232050	0.500132374602983
93235620	0.500438441505141
93237721	0.500255632098192
93239950	0.500202026908939
93242640	0.500347324519761
93247960	0.500142452966017
93256261	0.500207292201803
93257311	0.500238103639954
93257840	0.500201939190243
93260180	0.500123928932566
93265501	0.500127493985094
93277781	0.506712095634713
93286320	0.500163925665085
93289651	0.508111105555367
93299890	0.500430370674483
93300411	0.50011699723469
93301641	0.50013976011249
93301931	0.505276766852678
93302281	0.500252355388563
93306611	0.500134504529108
93307021	0.50014731797222
93318020	0.501036878615543
93321940	0.50014488575861
93322401	0.500154857565326
93326551	0.500923579048161
93328140	0.565947748343311
93334100	0.500114393856324
93335680	0.50054825044954
93345791	0.505576416404955
93357550	0.500237695275064
93357960	0.500471966362125
93359651	0.500165100209516
93360300	0.501161551616123
93361000	0.503268148030055
93367081	0.503532557779603
93408200	0.501027562080084
93510890	0.50016560681392
93528080	0.500482142339861
93528251	0.50062199772469
93529831	0.500127772044681
93531590	0.500350496290535
93533401	0.500237207480663
93533930	0.500125151022857
93537670	0.500213347467986
93553110	0.500290976163845
93554921	0.500443574835866
93559310	0.500145530748443
93559660	0.500121214489544
93559780	0.500192803013632
93559840	0.500122489560491
93561010	0.501805432172322
93565630	0.50032037570725
93571590	0.500160193928915
93575630	0.500166210972168
93581291	0.500166158378139
93582410	0.501296157202435
93583640	0.500136151692736
93588730	0.500479068556681
93592060	0.50016002841001
93607210	0.500132558458542
93608841	0.500298048809669
93609071	0.500479113771322
93609891	0.500136868597395
93613520	0.504177016869819
93614571	0.500589463875314
93616740	0.510443019409792
93618320	0.500216734105358
93618781	0.500145042657796
93618841	0.500137595551225
93623871	0.500294471695099
93624400	0.501308463928496
93624511	0.50167681738448
93626441	0.500122185848757
93626800	0.500891380115169
93631761	0.500561265991878
93631821	0.507061886458928
93635621	0.500116893490769
93644161	0.500453491190791
93653051	0.500269189447254
93654281	0.50011989243488
93659430	0.50012033877138
93665570	0.500548626790387
93670591	0.500136309625801
93684571	0.500480000552174
93686860	0.500140872356602
93687321	0.502399799283259
93688380	0.500161636669429
93689831	0.505997684357346
93692581	0.500139004148111
93697620	0.500120514000638
93701830	0.500122074207809
93705570	0.500514047987503
93706330	0.500522597155979
93709891	0.500244332895173
93722590	0.500130446641822
93726860	0.500194629910579
93732590	0.500287679919378
93733871	0.500342952985274
93736031	0.500203641290069
93737680	0.500215835964094
93741651	0.500120627867592
93747910	0.500158299230788
93749550	0.525678298832724
93751770	0.500628656657489
93755750	0.500145553015787
93765400	0.500185483094893
93767850	0.500745564940572
93773410	0.503402498257779
93774640	0.500139143043034
93782351	0.501102958400872
93783171	0.500232887691755
93784221	0.500154146254542
93787270	0.500239637965784
93788090	0.500123776463375
93797910	0.500133863248998
93798090	0.500263537667311
93810370	0.500758826654238
93811480	0.500149421608922
93812590	0.500246959500354
93812761	0.501149885398361
93815571	0.500197220937753
93819200	0.500117601728998
93820780	0.510204191008451
93822291	0.521661249525675
93822821	0.502559109552746
93824281	0.500127364205674
93825741	0.500139369315746
93831301	0.500119373929483
93833760	0.511870266108271
93835451	0.500244279945129
93837381	0.500168768893434
93842821	0.501064100442537
93847270	0.515818014918457
93848320	0.5004968429588
93850421	0.500215960547369
93853530	0.500124871495514
93856561	0.500217792701903
93860430	0.500110121853386
93863051	0.500122892095659
93868380	0.502727742643726
93871190	0.501769419949383
93872351	0.50015805013592
93872360	0.500314592929305
93873350	0.500263234497208
93873991	0.500175222009801
93874051	0.502166629350838
93875340	0.501254306651813
93878551	0.500152308503134
93880771	0.500131344048484
93885511	0.527221290289121
93886630	0.500107972334037
93887091	0.500188851425127
93889311	0.500283100898682
93889431	0.50029969211045
93892821	0.500300217454832
93898380	0.50097412852835
93900421	0.501174021328782
93900541	0.501875809758758
93907390	0.500125568285503
93915690	0.511256734157312
93930421	0.500198298641809
93933180	0.500174202881475
93945161	0.500554739527592
93947270	0.500582133656458
93950951	0.500357652173821
93951301	0.500134022307476
93951480	0.505545368272582
93955451	0.500142247504988
93967091	0.500624368286117
93979610	0.503034144398497
93982420	0.500217306189942
93985511	0.515197957837234
93986391	0.502268408954958
93986690	0.500326171150715
93991241	0.500564666444002
93994931	0.500290454955043
93997510	0.500472647094654
94008611	0.50033395681475
94008671	0.500126888955724
94010960	0.500122206270242
94011361	0.510730218402665
94012710	0.500488722994158
94012770	0.50029429930076
94016741	0.500448354472684
94016750	0.500152288559559
94017091	0.500148463743978
94018321	0.500165122387046
94018731	0.501830729440159
94019721	0.500375588919003
94020780	0.500113979507616
94029790	0.500410690095962
94030610	0.501177618646135
94031720	0.500253599608602
94032471	0.500348669063612
94032651	0.501018372492634
94033231	0.513073699896826
94033240	0.500591305988887
94033470	0.500193993928956
94042360	0.506169976218725
94044290	0.500206049539363
94044521	0.500149666972116
94049081	0.500145342477214
94052301	0.500260045224233
94052881	0.500164764509176
94054401	0.528157342453627
94060191	0.500261649774432
94062360	0.500608546735929
94063530	0.502549666010388
94064931	0.500208120074086
94065110	0.500180052817291
94065281	0.50025134913956
94065460	0.503995838917924
94069491	0.500138709345357
94070780	0.505623531186932
94089781	0.50015746820846
94091891	0.500333901706898
94093530	0.500275738324121
94097510	0.500134457197762
94099201	0.500339931522424
94100430	0.50011143202158
94103240	0.500147991683437
94104111	0.500154606289077
94105751	0.50014288078873
94107100	0.508128477817183
94108910	0.529799624262756
94121771	0.500174136502639
94123001	0.500174118213325
94125110	0.500133727112954
94135110	0.500170515719199
94135230	0.500722898387089
94136741	0.500164217140964
94147220	0.50040588300231
94148150	0.501561567992372
94149491	0.500460427079655
94149790	0.500132988995952
94154991	0.630888648024599
94155281	0.500230092201148
94155290	0.503020505394423
94157211	0.501524262787747
94160431	0.500432811772329
94168040	0.501031761981073
94168911	0.500654881824268
94169961	0.607224250041053
94172181	0.515559061988715
94177621	0.500491179709936
94181481	0.500213698868297
94184111	0.502096237464612
94184521	0.500931145323054
94186221	0.500121148777662
94195281	0.500129079601056
94210491	0.500847429387203
94211601	0.500723268382694
94214931	0.500140015829023
94215990	0.500261605492693
94216161	0.500120936182872
94221251	0.50012289789788
94231131	0.500925093012117
94234530	0.500163322698414
94234940	0.502552388106128
94237160	0.500903834746098
94240841	0.500691775911176
94244410	0.500196974949166
94251191	0.500463456501629
94253761	0.500332388550653
94256930	0.500412117316608
94259611	0.500204809280784
94260311	0.500194317807584
94265410	0.500211164269887
94265871	0.583561376502296
94266050	0.500168605573945
94266870	0.500204252567441
94268031	0.500205159664874
94270790	0.500366922482033
94278510	0.500151576656599
94282130	0.501157742088659
94282310	0.500406223133327
94283471	0.503764843567268
94285691	0.500156737753004
94286101	0.50017939788079
94293010	0.504269007115345
94294641	0.500340125485928
94295060	0.500566743800857
94295691	0.5001157503774
94296511	0.501355307518458
94296580	0.501027998671238
94296691	0.500895561156775
94297750	0.500156145229346
94307451	0.500122964093522
94310841	0.500160500566789
94311490	0.614140302263289
94319381	0.500603587931355
94319500	0.500649224605329
94319961	0.500119316883959
94320320	0.505927980676172
94329500	0.50011897143369
94343010	0.501504494403257
94347801	0.500405819578672
94349090	0.504355183179954
94351780	0.500211632416489
94352370	0.500243361309351
94361661	0.50543750243193
94363360	0.504298184488247
94366050	0.500274908849023
94366571	0.500130826540235
94369330	0.500122612457441
94369671	0.500397829993072
94374061	0.500165051059323
94376050	0.50019591393723
94377810	0.500174905961212
94383890	0.500599120195892
94384360	0.500233495628117
94385461	0.50029466865915
94387331	0.500449394827448
94393531	0.500178897291001
94393881	0.500673972326799
94394590	0.513834381719707
94397460	0.500139105299149
94399091	0.501612197770972
94399210	0.50019881076665
94400491	0.5003923316385
94411721	0.505261602163924
94412011	0.500543685682887
94412131	0.500365735531789
94425350	0.500463427728778
94425410	0.506413948647002
94429321	0.500365326489905
94432840	0.500267807061898
94436811	0.500884663436368
94441841	0.500272315082903
94444710	0.500356876972816
94449441	0.503433357716126
94456170	0.500607752273186
94458630	0.502504859157871
94461960	0.500160277707728
94465871	0.508489114666068
94466230	0.500609606009281
94468391	0.500123783435308
94479210	0.500176035716181
94479851	0.500327663865065
94481200	0.501483248138548
94488220	0.50014858464355
94492900	0.500192727950142
94504061	0.500144733221074
94506990	0.50233596626542
94507511	0.512219006251529
94509040	0.505967552920242
94513190	0.50013516739595
94516051	0.500191497503045
94517801	0.500152531408975
94521730	0.500539039493252
94522430	0.500227722110429
94523190	0.500172807803397
94525410	0.500125632967886
94526871	0.500649757163944
94536230	0.500135371851162
94543660	0.500492015640989
94544830	0.50718322069336
94549441	0.500230410286769
94554710	0.500820780640925
94560850	0.50014857032095
94562840	0.500211539111975
94564001	0.500191596033575
94567861	0.500999110632013
94569510	0.504417988490098
94570611	0.500209944680552
94572251	0.501126530050359
94573190	0.500182286059802
94576990	0.50036172501453
94580850	0.577034402228281
94581551	0.500155223318367
94581670	0.501194789629658
94590551	0.500152688320782
94594821	0.501005901203163
94595880	0.500133611079091
94596111	0.500534089758718
94596521	0.50013651844185
94598741	0.501410677644114
94602430	0.500383514183389
94606751	0.500165498022356
94608271	0.500118011994916
94609450	0.500236542998616
94609561	0.50490792543241
94622020	0.500181078533102
94622891	0.502696709066573
94625351	0.515699159311262
94626401	0.502040659916635
94629851	0.50791487373184
94634651	0.500117221018974
94635300	0.50061788782402
94640611	0.500297349052678
94642251	0.500125489060874
94643600	0.500129989501929
94646811	0.500186431346935
94649040	0.500161047905275
94654480	0.50019279793413
94660150	0.501104256994179
94668801	0.500281690062168
94669510	0.500175201396651
94680091	0.500159621837815
94682610	0.500214416448239
94684881	0.500151304276731
94687870	0.500707942043859
94687930	0.500171351246261
94691551	0.500836809475981
94692251	0.526592247516129
94694190	0.500165130754855
94694591	0.500174343936332
94696641	0.501849656725099
94697281	0.500118355751796
94698220	0.500526647498747
94700261	0.500129376192074
94704830	0.500142957322117
94704950	0.500149415250161
94707170	0.50019194790852
94709331	0.50016583290679
94710620	0.500158154238646
94716470	0.500951218630069
94717811	0.501204160851187
94718400	0.500129652286415
94719040	0.500135413802206
94722311	0.500242183211317
94722840	0.500450949990171
94723250	0.500124529365212
94724651	0.500120671888895
94748690	0.500409522369751
94751841	0.500135794943364
94752781	0.500171782744658
94753481	0.500961279476799
94754531	0.500823368628555
94754830	0.500941115995897
94756350	0.501121649528719
94760091	0.500225828232425
94765001	0.500552182856899
94766931	0.500119681005899
94766991	0.503266450156589
94768571	0.500112885336844
94772490	0.500368749999669
94772730	0.505571450468164
94780501	0.500141563328803
94782841	0.500596220952278
94786530	0.500275249509391
94792371	0.502189596412113
94793310	0.500725122629803
94797000	0.500304299949744
94809391	0.500118425594224
94811620	0.500460772600309
94812320	0.50069724708362
94814480	0.500124559643913
94817281	0.500171047836
94817871	0.50013647317029
94833780	0.500243173217619
94837410	0.500628861033376
94839980	0.50036990425524
94840851	0.50230776606445
94842901	0.500114767681341
94843251	0.500231867826572
94852200	0.500265552547621
94856120	0.500137646856791
94859920	0.500337244214663
94862311	0.500129320383365
94867401	0.500120361752067
94867760	0.500459839915941
94867990	0.500491166702158
94868050	0.500175141726787
94868281	0.500250860051526
94872311	0.500240034296368
94878571	0.500190673001613
94879101	0.500367096042244
94881611	0.500224507549863
94882781	0.500148693212335
94884831	0.50221581714524
94884950	0.501909960738217
94885480	0.500393909000324
94890441	0.500872827835456
94892431	0.50018805197332
94906581	0.508556319405619
94911500	0.513344670134961
94911961	0.501325318987561
94918460	0.500408461101699
94922081	0.500115529859124
94922320	0.500360697998622
94929681	0.500553940052888
94929750	0.500943054983246
94929801	0.5001287370537
94930510	0.500147984313314
94931150	0.500272338050807
94931910	0.500154091648054
94933900	0.501176638232017
94939861	0.500129432441123
94941381	0.500571235029515
94948640	0.50108110367929
94954301	0.500236988281632
94954600	0.500333528013455
94954660	0.500123734056196
94957290	0.502530549571257
94961740	0.500324259866634
94962841	0.500156081484265
94965360	0.500159328336856
94966360	0.501415071803723
94968110	0.500172593893671
94970860	0.50013114064776
94970980	0.507496594555097
94977111	0.500152639346451
94980570	0.500338025735095
94985010	0.500149132570217
94987060	0.500161975262452
94987401	0.500361911571702
94988401	0.501564687825492
94989861	0.500600636379872
94992021	0.500216115289613
94994780	0.500122120846736
94999511	0.504786394074735
95000220	0.500129295579965
95002150	0.539641760511053
95002850	0.500234587838828
95006590	0.500657860042858
95007051	0.500688672883056
95008930	0.513087774046956
95009451	0.500177912473322
95014541	0.502375286184397
95016471	0.501028443914791
95024071	0.501906017828229
95028281	0.500150109542233
95029801	0.500132735839441
95031851	0.50027948869453
95032320	0.50016427890952
95032671	0.500371977636348
95039101	0.5001911711273
95048930	0.519887007282259
95055771	0.500206466948397
95056531	0.500262340302231
95058461	0.500294146327648
95061091	0.500325674157075
95062560	0.500778858796771
95063081	0.500243247829053
95063320	0.500198494998337
95065830	0.500186736782009
95067461	0.500347401367263
95069391	0.500158523894181
95071031	0.500163478694043
95081321	0.500157507612845
95081620	0.500175358200306
95081911	0.500113482849732
95082261	0.500141774561847
95082850	0.500121554571649
95090741	0.515672677534547
95092970	0.500172463483991
95101031	0.509274826548806
95106181	0.501166996286871
95107111	0.500145833641239
95108111	0.500133064241421
95108930	0.500190753483144
95115190	0.500211699090683
95116300	0.500125437323621
95123021	0.500133031924922
95123491	0.500413126810245
95136821	0.500231442483603
95140451	0.500162875448211
95140621	0.500208873117053
95140741	0.500126203968391
95141860	0.50137800303123
95142620	0.502179687448005
95148111	0.500155074385253
95159810	0.500490960826381
95160741	0.500132131332353
95169161	0.500346508331479
95170570	0.5001446110725
95171270	0.500250577672723
95173371	0.500131124562992
95174550	0.500645440560296
95176411	0.502220799457804
95179981	0.500135492232711
95181680	0.500175488004118
95184131	0.500138299894062
95186651	0.500238377619545
95189981	0.500443083431076
95192210	0.500201942370757
95193380	0.500804438709701
95197650	0.500194825593006
95198290	0.500229546250118
95201510	0.500152778330399
95204550	0.500142114012962
95206821	0.500302105157432
95207650	0.50019620679702
95208751	0.500233464259203
95209870	0.500245398903407
95210630	0.500683076634087
95217291	0.500167707139965
95222791	0.500449737401849
95233850	0.500263476830201
95239110	0.500199481828066
95239161	0.500213069590446
95242321	0.500182614264206
95252381	0.500194943456037
95254900	0.500112934333333
95255831	0.503702717762045
95256241	0.500144143685025
95256540	0.500283326423515
95258581	0.500216366583409
95261160	0.500234795328169
95262261	0.500142079519995
95267001	0.500276327912653
95268060	0.500133485877725
95287881	0.500355986234188
95292210	0.501479137415409
95293081	0.500173545026589
95294661	0.500109939818486
95299700	0.500468829177031
95299930	0.500927365231054
95301510	0.500420416101754
95312441	0.500393968850811
95334021	0.500353227441521
95334320	0.500245137657606
95341271	0.500966392017997
95347240	0.500155285659793
95353671	0.502793531638678
95362210	0.500965086008181
95364900	0.500305836679321
95368701	0.500126388329311
95372031	0.500157871001707
95372270	0.500548407564981
95375131	0.500665646201911
95378880	0.500143927150619
95385020	0.503831714698122
95386540	0.500148686567315
95392040	0.500425470927585
95392501	0.500134557974551
95393030	0.500273470641053
95399290	0.501716265698825
95401280	0.500142354116973
95401860	0.500196815479438
95404200	0.500152381279405
95411280	0.500456803700269
95421211	0.502021663523697
95431271	0.500172256014678
95433270	0.500276685302816
95436591	0.500555680305291
95440161	0.502346099325985
95442390	0.500136973948385
95448171	0.500168964380233
95452680	0.50095561793467
95455490	0.500166897665503
95457770	0.500176061934384
95460990	0.500121882354724
95466071	0.500235294497473
95467070	0.5001619802811
95477941	0.500125344214727
95482031	0.500442724153285
95486771	0.517559281441408
95487480	0.503389903660215
95491400	0.500345762674945
95492040	0.506472224501704
95496421	0.500297013257902
95500571	0.500225067798439
95502091	0.501299347569151
95504841	0.500148785097125
95514201	0.501049615348492
95519581	0.500362818175427
95527010	0.500160780834844
95530110	0.500484281641238
95530580	0.500405368518116
95531570	0.500211118564097
95534790	0.50016272435134
95536071	0.50016470096411
95549820	0.50013239014762
95551570	0.509533288726595
95563381	0.500229077190345
95568360	0.500150223955166
95572971	0.500270113098816
95578300	0.502483087465581
95579530	0.500127808184007
95586660	0.500121176420107
95588300	0.500147748878141
95592160	0.500266107531366
95593501	0.500128529170101
95600520	0.500174055041839
95602570	0.500175382582186
95604910	0.572438907776364
95610230	0.500124208000078
95611050	0.500146265718527
95624551	0.500190917374797
95626481	0.504124336072296
95631981	0.502759592202659
95633501	0.500121687911565
95634790	0.500546418183821
95638180	0.500219755171828
95646421	0.501160228616353
95647771	0.500548611994777
95649530	0.501434075767494
95656481	0.500141042587016
95659171	0.500134537878189
95662391	0.500128658206331
95668121	0.50214706732041
95668420	0.502559214022579
95669641	0.500145633209776
95670401	0.50047893883807
95678300	0.500172769030499
95691921	0.500126179608278
95695491	0.500327884753305
95695550	0.500378484669038
95697651	0.500585430481934
95704210	0.500203190620996
95707190	0.500206956154909
95708121	0.500235507491778
95711571	0.500805840555001
95712621	0.500205710572746
95722801	0.500243760724603
95727071	0.500230539703795
95728471	0.500329464418923
95733091	0.500122688109191
95738881	0.500446081907632
95740931	0.500401704960717
95742681	0.500133737295928
95743740	0.500552368288001
95753501	0.500147750351773
95763270	0.500115268990727
95766721	0.500160705855469
95766960	0.50027556727994
95770341	0.500123485533466
95771110	0.500192381202721
95771170	0.500138925189707
95771990	0.500614129284545
95773211	0.503649210072033
95776080	0.500137222260212
95779940	0.500137405626017
95781990	0.539512294913811
95788420	0.500126092065673
95789300	0.504603114327403
95790820	0.500157364582365
95791990	0.500165160783445
95794850	0.50023039834002
95802681	0.501744554651338
95804270	0.500139469815317
95809701	0.500524244018324
95811751	0.50016172352599
95815030	0.600605531473289
95816960	0.50093194635194
95832161	0.5007625527681
95834671	0.500795111117592
95842220	0.500291552639637
95845781	0.500255252422919
95848651	0.500137646856151
95852750	0.50026250072471
95858130	0.500157668776669
95863100	0.502313756764857
95863570	0.500893860495342
95866490	0.503466222155789
95869471	0.500406917643278
95871571	0.500321084484579
95875491	0.500255574855492
95877310	0.500126885291824
95878301	0.50060613954118
95882741	0.500127416024319
95882921	0.509394250135631
95884740	0.500116504629742
95885081	0.500125138255519
95886490	0.50169554199872
95887891	0.500172679951296
95888540	0.500249811005399
95891110	0.50044683411518
95891580	0.500817219146891
95892981	0.500412455640338
95893510	0.500122793569382
95896431	0.622924974504354
95897951	0.503223763792446
95901520	0.500183010729489
95901811	0.500126378862739
95902041	0.500211582476111
95903151	0.500164258533865
95903800	0.500437902545572
95905901	0.500840127492201
95919940	0.500120638339628
95924210	0.500972764701998
95927370	0.514695980207767
95928711	0.500222830091417
95929471	0.500456821436505
95931870	0.500125678425579
95933040	0.500130129927597
95939121	0.500681932421353
95942861	0.500232903367895
95942921	0.500137484519631
95947251	0.50062711133343
95948540	0.501371186167336
95952460	0.5001346245944
95952981	0.500156026019272
95953621	0.500124709500041
95956670	0.500275332687036
95957541	0.500116164766074
95959300	0.500144218575463
95966320	0.500137034746512
95970521	0.51121624970719
95970880	0.500175021956716
95978181	0.500180848793542
95979181	0.500113232258431
95979761	0.500143039652367
95979830	0.500139362814622
95989070	0.500167030431137
95992451	0.500127230285608
95993630	0.500919341045113
95997720	0.500246395344693
96004211	0.500219264928012
96005620	0.500222221363467
96005901	0.500123997468348
96010931	0.501185057877243
96012110	0.526201628008061
96014791	0.500886488967347
96016141	0.500302827051703
96020351	0.500147095714832
96025321	0.500128213036399
96026320	0.500843977719913
96027490	0.500138885946229
96027780	0.500610606740874
96027840	0.500580889565112
96029360	0.530602161056297
96031000	0.514475189187173
96034100	0.500137916000387
96038241	0.500142212437182
96039650	0.500258743103069
96040940	0.500498575726529
96041811	0.500202902698367
96042750	0.501225056242364
96043630	0.500164427169558
96044510	0.501453721733871
96048831	0.501165183091167
96051410	0.50025097889385
96053160	0.500148490501887
96062221	0.500134621724606
96062930	0.501512324888518
96069061	0.500125855226779
96073681	0.507421220036489
96082170	0.501013146579673
96088370	0.500279747319023
96092580	0.500156413572667
96094501	0.500362981283496
96095680	0.500184592045332
96096850	0.500194688928869
96116380	0.501022359729632
96119480	0.500315597245497
96125620	0.500211652971097
96126081	0.500148131929846
96135330	0.500659763966977
96147601	0.565415845973452
96154920	0.500155857764363
96155671	0.500276465674405
96159600	0.506353442347888
96160121	0.500443182679975
96175091	0.500845172175639
96182401	0.500229098489652
96183280	0.501572922311785
96187311	0.500653646315794
96192170	0.500327629504772
96193921	0.502743490687194
96194630	0.500119042084104
96199651	0.500397673779587
96201820	0.500153785887503
96203571	0.50016324352951
96204971	0.50083330825512
96205740	0.501663441156185
96206150	0.500232235137116
96214510	0.504223377215346
96216201	0.500133931661952
96221410	0.500414805617051
96222051	0.500149213017403
96230351	0.5004823025788
96230710	0.502815593608953
96235501	0.500148466793638
96235970	0.500126657108536
96237311	0.50019419107887
96237431	0.500148386065211
96240070	0.500535260580354
96240701	0.500150277908507
96246671	0.500278266084785
96250710	0.500274714820142
96257431	0.500366596354406
96270360	0.50022986653257
96271880	0.500131216008706
96273110	0.50012972419805
96278310	0.50026871998208
96286901	0.501328173305324
96311991	0.500368292238956
96315911	0.500599804256963
96327491	0.500125250783537
96340181	0.500405515868079
96342051	0.500703433914503
96342060	0.500126933070637
96343691	0.500163200792505
96344340	0.500203677706665
96347901	0.519927016427788
96348430	0.5149678205021
96351470	0.500450252454067
96355800	0.500406384693379
96369190	0.502819023524646
96370241	0.500523926651625
96384681	0.500762077048508
96385740	0.500143260527108
96393870	0.500274705481968
96397670	0.5001901240444
96403400	0.500446184262933
96407440	0.500141500677868
96415040	0.500163173398113
96415851	0.500152629184687
96419250	0.500190721300421
96422401	0.501415802236783
96427551	0.504700762071793
96428251	0.500159175410629
96428541	0.50014206859558
96431991	0.500123388424269
96432120	0.505655010079931
96432641	0.500136584438645
96433460	0.500408286520701
96436731	0.500164210911615
96444101	0.500218265491184
96444690	0.500559320188073
96445091	0.512311544085193
96448840	0.502758718306682
96451701	0.503758934266654
96460711	0.500217789220197
96462461	0.500322076398827
96463700	0.500342616372751
96476150	0.500214498062542
96481650	0.500354841268736
96482350	0.500613537350381
96486740	0.500155126058574
96496791	0.500162721528959
96498081	0.500408755392301
96503110	0.500305618757553
96512521	0.500615259636903
96520130	0.50066900346012
96529370	0.500207652077915
96545220	0.500126955285231
96546740	0.501914052026835
96549601	0.500121207329586
96550660	0.503661256941666
96551411	0.500208916263749
96553811	0.500170007439987
96557491	0.500125373067948
96560190	0.500309675363952
96560950	0.500123325992023
96562171	0.500302436436481
96564400	0.501267981448798
96566091	0.500455432935566
96566270	0.500145388885963
96576100	0.500581856089249
96581471	0.500259960590984
96582470	0.500156469757163
96582590	0.500152210818464
96583111	0.500245556693644
96584041	0.500119595987941
96588721	0.500119681749611
96593230	0.500191217124857
96596501	0.500208272038485
96601121	0.504335138862592
96605570	0.500332046940245
96608260	0.50091867364602
96615630	0.500142251861401
96616911	0.500134305512855
96618200	0.501522962133496
96621710	0.500143306121022
96622171	0.500328181890517
96624170	0.502045982904162
96624930	0.500230376754976
96634170	0.500116779358689
96634750	0.500154274628825
96634990	0.500111703409603
96637671	0.500185675652288
96637731	0.500439315258512
96641540	0.50123744975912
96641881	0.505248995409896
96644230	0.500151525590898
96648380	0.500359202381385
96652291	0.500148111804986
96655331	0.500330103220041
96656911	0.500155730196195
96657210	0.500243847017193
96657731	0.500239252554752
96659721	0.500297740473617
96668850	0.500284117091855
96672351	0.500476320309228
96673760	0.500226626037785
96681830	0.500231850625642
96686441	0.506653480718543
96688670	0.50016471014794
96691121	0.500128761159209
96693290	0.500175151333637
96694921	0.500151069512054
96697851	0.500627657046597
96702641	0.500724200716875
96703120	0.501338905063984
96705511	0.503757657180914
96708081	0.505662732644691
96709200	0.500264150723412
96709251	0.501128704021746
96709781	0.500271502090535
96710891	0.500374970273827
96720541	0.500119657671391
96721881	0.500162884795878
96722180	0.500120138935501
96723521	0.500124978711223
96730541	0.500142405322598
96733820	0.501508169845328
96734221	0.500346902987451
96737330	0.501294040371053
96740711	0.500127312216236
96740720	0.500150147794459
96740891	0.500129913880407
96741480	0.500592373327056
96741600	0.500670374147498
96745451	0.500221208642022
96751130	0.500193459582168
96754631	0.512876037794736
96754870	0.500444396900704
96757910	0.500120717315567
96758841	0.500820734753405
96766390	0.500127164750129
96773060	0.521869648378837
96775571	0.500122740714184
96776621	0.500291497611852
96777210	0.501286024390046
96777330	0.500157776563
96779490	0.500811820357752
96779601	0.503732385084037
96782471	0.500145508155711
96792010	0.500149435238402
96801660	0.500263680507158
96802761	0.500190169720385
96803000	0.502807466858332
96803410	0.500165995542832
96808500	0.501391705611816
96817390	0.500148990405443
96818560	0.500179980361933
96819260	0.508266219888473
96831301	0.500935487962091
96831540	0.500158213366469
96840780	0.500444678267498
96869431	0.500176359391154
96871711	0.500221247755031
96877270	0.500378514026397
96879841	0.500166415764566
96885571	0.500284105160855
96891301	0.500912971781907
96891720	0.500276811917079
96895221	0.500187251053247
96897971	0.502105528745238
96899670	0.50131148723391
96902411	0.500179617465423
96908201	0.501631524575605
96921831	0.500361873718193
96924820	0.501808991040854
96925460	0.589047589544241
96930661	0.500238320525325
96934341	0.500339999522617
96939371	0.50350962279705
96947510	0.500324856330418
96956400	0.500132370305298
96959030	0.516346888103714
96961301	0.500208033759432
96963650	0.500126130432428
96963701	0.500770257698533
96965460	0.500152582471232
96969730	0.500587486985588
96970371	0.500487147329573
96973530	0.502465679690915
96974521	0.500181817925809
96975050	0.500304966446027
96985691	0.500173721756904
96988201	0.500128507270596
96991771	0.50473742929481
96992471	0.500188096523835
96994581	0.500143307262871
97004470	0.500631068193878
97019500	0.500141802781785
97020960	0.500512138976619
97022651	0.505761844844872
97027091	0.501401336970328
97035110	0.500348600931291
97039781	0.5006242248345
97047501	0.501017322506441
97053010	0.500123075906431
97055580	0.500271631959498
97055930	0.500210279613545
97060080	0.500279359655826
97061660	0.500185919642007
97066161	0.500144268431852
97076981	0.508258799805412
97078040	0.500138550008444
97079440	0.500328742909294
97081011	0.500176626469061
97094291	0.500121255676063
97094820	0.500320215571682
97095691	0.501507599457051
97096280	0.500210479245853
97102181	0.501075979865966
97102531	0.502352274247803
97103121	0.525449406663812
97104530	0.500246796778436
97107100	0.50024101432264
97110900	0.500163536532622
97111720	0.500644076748832
97113001	0.500258941496391
97114111	0.500123961544426
97116041	0.500798369149818
97128561	0.500504878501114
97133411	0.50078979825308
97134180	0.500166384830104
97135990	0.503769671301173
97140320	0.50119365040015
97147630	0.500213336722487
97155051	0.502174459709435
97158211	0.500176249078088
97162480	0.500975208581299
97162600	0.500128242192507
97163591	0.500177964563304
97167510	0.500130740849353
97169970	0.500429277031908
97174701	0.500318191007298
97175290	0.500152412312508
97179210	0.500444782077385
97179500	0.50069765715001
97182480	0.500130640309934
97184650	0.501188215030948
97186981	0.600757895335474
97187570	0.500667999936779
97189440	0.500184307211861
97189551	0.50021005050602
97198330	0.500148004534501
97198441	0.50044582800854
97202361	0.500154732151089
97203531	0.500832479408718
97204240	0.50023134601008
97208151	0.500127184029296
97208450	0.51138022017812
97208561	0.500155553521197
97208800	0.500721983526729
97212190	0.500240087840558
97217041	0.505233161448162
97217331	0.500119412376673
97217510	0.511797306002008
97218031	0.500158499537813
97220141	0.500952429822401
97222130	0.500302622939967
97222890	0.500120155551623
97223821	0.500147106648245
97226101	0.500126097739902
97231541	0.500166842893324
97234581	0.500115676131922
97235931	0.516822663105558
97238510	0.500335671029259
97241601	0.501002079487194
97245811	0.500367693795394
97251601	0.500597309155296
97256981	0.500571655807514
97260610	0.500502204636327
97261780	0.500429884009289
97266631	0.523746137892677
97275350	0.500139189855888
97275640	0.500348689145504
97275751	0.500185609495233
97278211	0.500132285173559
97281371	0.500156984318738
97289150	0.500461952545256
97291140	0.500696160981066
97296640	0.501442608577207
97302131	0.500138820689639
97302720	0.500131220864234
97306580	0.500169304170057
97306640	0.500262360175885
97310781	0.500579079928872
97313420	0.503052275539571
97319270	0.502323556305186
97321781	0.500286398994473
97324300	0.502495681816062
97328100	0.500171352249878
97329620	0.503434811678763
97332250	0.500445327958935
97340150	0.500129584504532
97340901	0.500123342492778
97344001	0.51103704349317
97344360	0.522869992903551
97345871	0.500999199046457
97355171	0.501276429927067
97355641	0.500182617288301
97356290	0.500492188830035
97357861	0.500289445506771
97360850	0.500124129597458
97362020	0.50023350578911
97365111	0.500276272732112
97366640	0.504640406489392
97367451	0.500237670219856
97367741	0.500230955338787
97370560	0.545692220652216
97372421	0.510111329049754
97372660	0.500231380511604
97372831	0.50132171867258
97386051	0.502420173827536
97399561	0.500602167375063
97400201	0.504865048793731
97400440	0.500129648082754
97402251	0.500155923713711
97406401	0.500136312494384
97414590	0.500301306707433
97422191	0.501064542740776
97423711	0.500165882396597
97429731	0.50060746575924
97431960	0.500526355015864
97435111	0.500124162158587
97438510	0.500510181698323
97441431	0.511110369497021
97443651	0.510839314207528
97447161	0.500157487199466
97451431	0.500215556098781
97451730	0.502456087427942
97463361	0.500125439361437
97469561	0.500166786439996
97479971	0.500169048913346
97481610	0.501664942078103
97484591	0.500403587390406
97485530	0.501118540257674
97495410	0.50014339494622
97499330	0.500146243342045
97503720	0.500131954773826
97518750	0.500355322198527
97521721	0.500322559742157
97521730	0.500223538717342
97527170	0.500426538340168
97536051	0.500332069904781
97538801	0.500511656039888
97539680	0.50032179919761
97544360	0.500132382421619
97544941	0.500156886743329
97551901	0.500241963312456
97555701	0.500413893417838
97565821	0.500146163632582
97571141	0.501001597527444
97572840	0.500884812234021
97573301	0.500127591147119
97579441	0.500276493919048
97588921	0.500195211994548
97592900	0.501891099948375
97596871	0.500380442894739
97597870	0.501632440739015
97604471	0.50011323912054
97611850	0.500143239794227
97612721	0.500139234076833
97613011	0.50012023496352
97613711	0.500133863300298
97615650	0.500182226191186
97619570	0.500218289423825
97619911	0.500357687679215
97633771	0.500150648401899
97637981	0.500122080168533
97638741	0.500371585396819
97642721	0.500544389703847
97646641	0.50067830334013
97650680	0.500406702098627
97658981	0.500483662798106
97668630	0.500115047399097
97671910	0.500157088194226
97672140	0.500298369494032
97672200	0.500205557034518
97700330	0.500129407796046
97700450	0.500319129064707
97700680	0.504446368487017
97702260	0.500662476938934
97705061	0.500237655980347
97709980	0.500124684162899
97724361	0.501162919334004
97724771	0.500157387099513
97725121	0.500121086513109
97726871	0.500175554908086
97729570	0.500164739022461
97729621	0.501105572013583
97731380	0.500166414191602
97735531	0.500135674502994
97735770	0.500245517208211
97737811	0.500599330940761
97742320	0.500882799428952
97744181	0.500432788796031
97757760	0.500870571408237
97759570	0.50036693721501
97770851	0.500132776238812
97771141	0.500308271393985
97773840	0.500159643857499
97775890	0.500140474203602
97776180	0.509491620409908
97776650	0.500133197489701
97779980	0.503156133895307
97781261	0.50246084668472
97791141	0.502323066259949
97798460	0.500151692848342
97807171	0.500242082073093
97807401	0.500128074999461
97810390	0.50116343607137
97813541	0.502061892506737
97816300	0.500294214285834
97828170	0.500395343711471
97831381	0.500179727622383
97832440	0.500341038082067
97834310	0.500470810833565
97836581	0.500175932577029
97836701	0.500279604968839
97838460	0.50016296913991
97840271	0.500211563827148
97842491	0.50032675429712
97843260	0.500450772352133
97843661	0.500206543321905
97869630	0.500549945463144
97873080	0.500216779744487
97885480	0.500118223657953
97889331	0.500180349038885
97889921	0.500117417931379
97896650	0.500247950109563
97904310	0.500265229103828
97907991	0.500153358960864
97909220	0.500225362875936
97909630	0.502911700418272
97911210	0.500120916177531
97921210	0.500510380883621
97924080	0.500136543534024
97926821	0.500817876100143
97934780	0.500754878550605
97938811	0.500121820331629
97940211	0.500236160711217
97941270	0.500208660918804
97946351	0.500130773753287
97947470	0.500142691995404
97951970	0.50132666410784
97954601	0.500204633383298
97960741	0.500162957654538
97962030	0.500187857179164
97972961	0.500177258601656
97972970	0.500125466605191
97973781	0.500190994873719
97974720	0.50012158493357
97976471	0.500171992623483
97986821	0.50020071844324
97989810	0.500175643502441
97990971	0.500757911259067
97993781	0.500158754571476
97995480	0.500457722655654
98005250	0.500150669850797
98005651	0.500327871706116
98011381	0.500153348665711
98022030	0.500243540986512
98026591	0.500149774482264
98027000	0.501040536150666
98029631	0.50012600439567
98035771	0.500173014231734
98048230	0.500342089237983
98052381	0.500202068066112
98054541	0.500168534006166
98057880	0.500383351875917
98069460	0.500365965229421
98070160	0.500113130004047
98072731	0.500401221719478
98073960	0.500226136140798
98088580	0.501077014617159
98088871	0.500143644866583
98090690	0.500176821604624
98091561	0.500192653625874
98092970	0.500225512019156
98093491	0.500344658160746
98096830	0.501790055576711
98101920	0.500157317871767
98103081	0.504227102948463
98105540	0.501830598927314
98111800	0.538036527203645
98116531	0.500179298905544
98122031	0.500169220295366
98125190	0.500114527814555
98126300	0.500739362758454
98130750	0.529258353364844
98136770	0.500344607244228
98137880	0.500146168129224
98140630	0.500148301914445
98146301	0.500724679996559
98159580	0.500115640129236
98161441	0.501585199361686
98161510	0.500172377475379
98164550	0.500681465104108
98171851	0.500833668246633
98173021	0.500430870103395
98178820	0.500215825984992
98179810	0.50163099382952
98180050	0.503893106629705
98181100	0.500150682792387
98193201	0.500623122147476
98196190	0.504181004939327
98206941	0.500262677432724
98213611	0.500840888690241
98213901	0.500401978835794
98217061	0.500657196645622
98223841	0.502112122514252
98230690	0.500389286807167
98244311	0.500150833441166
98245131	0.500315922417093
98249930	0.500420457542864
98261271	0.500192634024434
98270571	0.500865672032237
98270981	0.500349027173896
98272381	0.500185590836131
98274721	0.500426794852891
98276241	0.50015453022736
98278991	0.50016235890318
98287770	0.500741869626862
98293440	0.500591238530599
98297181	0.500157439725201
98304371	0.500368596158956
98306480	0.500445831733693
98306890	0.50015232551883
98307001	0.50012609007613
98307531	0.500144551721928
98308701	0.500137341697228
98313970	0.500361811354081
98314021	0.500549209671591
98317650	0.500180692108301
98320281	0.512726722598392
98326011	0.500277106170936
98336421	0.500652768151644
98336600	0.600145572107734
98349930	0.500445346236776
98355840	0.500155656707415
98357941	0.500242915461826
98359811	0.500644788732802
98359931	0.500138225516594
98363150	0.500174409709699
98364790	0.500320580492889
98368001	0.500270559828581
98369401	0.500202414821643
98369811	0.500132532727878
98372450	0.50030990241568
98373620	0.500549540062341
98376950	0.500127987311514
98379341	0.501396555649112
98381041	0.50025409133936
98382390	0.500137885303881
98386890	0.500153835488556
98387411	0.500118268920239
98393261	0.500579150536479
98396190	0.506128994892398
98401451	0.503728525016287
98402740	0.500698448158005
98404961	0.50278030848111
98405131	0.5001942922573
98409931	0.510144849465319
98410520	0.500139771365261
98413961	0.50046448607293
98414090	0.500592855969175
98425840	0.500468690397943
98428300	0.500277601522921
98433961	0.51361110770344
98437010	0.500930495150013
98438300	0.549144478277732
98438590	0.500285198883242
98439751	0.500378494132982
98440230	0.500278114620494
98442851	0.502738864048581
98446071	0.500115384273033
98447830	0.500147633665901
98452330	0.500168789726722
98453330	0.500723311099294
98454841	0.504374788800258
98455601	0.500138131376595
98458291	0.50020879959938
98463330	0.5001416140074
98466310	0.50090707773256
98467360	0.500208698721975
98467890	0.500171036026851
98472561	0.500250396877171
98472681	0.500189096820757
98480571	0.501094599544062
98481810	0.506088532992227
98487181	0.5001624293328
98490640	0.502630954526507
98506370	0.500149346784687
98510571	0.500193117386428
98512390	0.500223358792002
98514081	0.500246398669967
98516831	0.500180018912958
98521101	0.500127742884725
98522741	0.500779870165597
98525200	0.501336584831036
98550811	0.500123679859521
98553210	0.500320136109853
98556660	0.500643452120985
98557241	0.500189953126679
98579521	0.501070508342064
98580520	0.501670085660794
98580631	0.500147018351469
98581391	0.502934866518145
98581690	0.500183030753357
98583330	0.500120084076756
98586831	0.500203111280357
98591870	0.500127189615468
98593561	0.516523280690737
98598710	0.50407601951857
98600281	0.500189439564046
98603390	0.50039285267519
98607011	0.500143849634914
98608001	0.500400443481104
98609701	0.500288574659852
98610520	0.501055948177464
98615371	0.500379647263021
98622741	0.50019234856522
98633680	0.500176466436929
98638761	0.500140151940718
98638830	0.50014720508404
98639120	0.500537175647781
98639231	0.501493419958445
98656140	0.500202587721064
98658181	0.500183702949506
98661631	0.500271957228567
98665730	0.501152464102359
98670111	0.500148579197917
98671571	0.500418610568506
98672750	0.500254324127187
98674261	0.500165828822182
98678121	0.500285519634678
98681810	0.50017506209957
98685380	0.500165140432072
98692861	0.500955886353106
98702451	0.500173990397192
98706721	0.500188993557972
98712451	0.501483701315283
98713920	0.50013727312143
98715610	0.573212972053544
98717771	0.500136657962026
98732280	0.500128872979739
98739061	0.500168980293059
98740871	0.500272468753397
98742801	0.500123882897134
98744210	0.501757424379762
98744791	0.501044425685664
98755021	0.500331119520396
98757660	0.500116103188219
98758070	0.500143364154304
98759411	0.500558875406076
98761870	0.500531231344259
98766661	0.500138630718859
98767600	0.514701284211479
98769120	0.50034477312257
98785261	0.500127597301835
98787771	0.500160976068501
98788651	0.502541727148779
98790120	0.500830578376047
98790871	0.500255665134492
98795961	0.500150833299433
98796140	0.500144883425762
98802400	0.500124259613758
98814150	0.500453445742128
98824851	0.500344623931613
98827080	0.500650971073851
98832391	0.500385634278739
98838130	0.50055704411691
98840120	0.500235833344201
98844321	0.500299564729534
98844441	0.500199469093785
98844851	0.500267100224376
98852110	0.500447152829372
98854210	0.504432462643727
98854680	0.500128844447311
98855910	0.500226467415834
98857951	0.500168161025716
98863860	0.500121678424227
98870291	0.500135891605251
98880701	0.500286572750267
98882161	0.50012523421078
98885150	0.500303788969241
98890701	0.500130407060266
98893450	0.500135549927996
98894620	0.500152227756074
98894851	0.500122031479856
98895030	0.500165119708845
98899420	0.500305035765986
98900231	0.500120200068474
98907780	0.50044617174982
98909941	0.5002302292038
98920111	0.500263067627699
98920410	0.500149535536141
98920590	0.578552252699572
98923451	0.500573735347023
98931700	0.500118462610757
98931930	0.500444180415737
98933100	0.500150645006885
98942050	0.500117618233317
98942170	0.500374594071822
98945850	0.500364489693451
98945970	0.50039750844777
98948651	0.508275329358152
98949241	0.500206535651856
98951871	0.500397021309887
98956551	0.500232893364032
98959061	0.500231756925536
98962101	0.500795374199515
98964330	0.500389240899119
98973920	0.500202864103296
98980761	0.500187981595785
98986030	0.500185894053399
98989010	0.50042794063646
98994561	0.502970842102763
98994740	0.505328705134111
98994800	0.500111082088062
98997601	0.500143487430539
99002341	0.500174869083952
99002511	0.50013973759444
99009710	0.50015794413279
99010470	0.501103544749475
99010880	0.500172896255134
99011051	0.500362999694603
99011060	0.500257690226585
99011410	0.50031691386704
99012580	0.500197864042408
99015090	0.500667726447106
99018190	0.504212998845823
99018421	0.500339917313604
99023750	0.501391242974746
99031111	0.500388872976494
99034570	0.500182082289852
99038190	0.521842476094497
99042341	0.50020968282269
99043801	0.500263721720028
99049471	0.50123909044207
99053451	0.5001694556123
99055620	0.500137204358232
99056081	0.500748228820732
99062930	0.500632285365836
99064151	0.500161632784215
99071060	0.507290596206083
99076491	0.501596422239731
99078250	0.500164347107181
99081231	0.501141013802024
99086320	0.500397652655133
99097840	0.500155505179033
99102110	0.500155609423399
99103750	0.500381750727775
99104510	0.500208019110842
99106380	0.500117824727728
99108430	0.50014632119594
99109711	0.501405865158014
99111931	0.500153706772581
99115330	0.500618002315699
99118840	0.502410450720869
99120710	0.503693319457462
99122930	0.500369417230342
99122981	0.501744351312803
99123340	0.500178662733366
99125671	0.500189647703647
99126440	0.500820217966695
99135330	0.500460093538102
99137320	0.500233029040959
99137610	0.500166875022378
99139771	0.500135901473479
99140061	0.500350467531951
99143221	0.500386374897505
99143340	0.500196677010433
99146210	0.503045472173918
99149830	0.50013623042943
99151701	0.500163175349597
99152580	0.500333490200091
99153340	0.500537477182622
99153391	0.50046333904661
99154151	0.500217069785631
99158541	0.500172871171294
99160360	0.598177182357893
99164211	0.500135596570059
99167380	0.50029002690812
99171000	0.500597544888325
99171530	0.500187770037502
99186850	0.50015584812718
99187721	0.500155761941103
99188840	0.500163961557329
99191231	0.505000794052113
99197021	0.500545942067287
99197081	0.500191235398354
99206150	0.500143844000998
99213110	0.50476813590729
99220471	0.506776017692878
99221940	0.501443749316477
99226500	0.500287801542951
99231940	0.501639807179449
99238200	0.53514682363859
99239130	0.501023129934692
99242700	0.500280384168367
99247320	0.50062882473244
99247960	0.504539791034909
99250420	0.500268643298911
99251411	0.501243242036636
99262760	0.50014276409159
99263400	0.500308745617733
99269011	0.50023491097985
99269071	0.500242560501666
99274451	0.500153772882836
99277431	0.50044186990587
99287201	0.5001397036693
99290181	0.500194541005409
99292111	0.500124748099134
99298191	0.500269086150879
99298541	0.500172103666468
99308610	0.500190075672388
99311001	0.501186453729267
99312171	0.5003118459149
99312401	0.500516997086858
99312760	0.500165679321842
99312880	0.500375497587484
99317961	0.500132354975035
99322111	0.500280003809495
99322461	0.500149659594869
99325851	0.500185387837299
99327551	0.50054563621686
99330301	0.500924904907866
99335800	0.500252625880114
99338191	0.500130185723641
99338951	0.500175965864807
99340070	0.553487164866379
99340471	0.500121728565564
99342290	0.50014257400079
99343290	0.500213140654553
99344921	0.500431319158279
99345091	0.500132919980531
99347730	0.50056065671026
99348951	0.500618279397823
99349660	0.500233402033334
99353580	0.500301320127942
99355621	0.512052674279463
99355681	0.504800301979934
99355980	0.502728355667761
99366091	0.500270365417782
99366680	0.500630952231437
99368601	0.500185721420228
99368951	0.500484355741473
99368960	0.664392064137244
99370600	0.500295179004439
99375561	0.501221244663507
99385860	0.500174354692439
99392410	0.500168441774695
99405450	0.50023734593273
99409430	0.500464666851122
99410121	0.50224567404085
99412931	0.500128268397951
99413110	0.50022161789765
99416791	0.501895671598644
99417560	0.500149090884011
99418550	0.500126408240229
99420190	0.500221520551193
99423461	0.500865730041257
99425271	0.500141630121662
99429490	0.500152594115292
99430181	0.50463415722868
99430361	0.500247236625162
99435800	0.500302263689796
99437841	0.504730453181112
99438320	0.500137433502926
99444690	0.500139083051562
99451420	0.500244203144224
99451650	0.50011422667779
99451710	0.501277370918138
99452231	0.500143017823842
99452590	0.50335441559521
99454801	0.500152442691011
99455040	0.502950983861532
99455860	0.500139503160527
99459490	0.500129851104792
99465980	0.500492681312703
99466851	0.500231628678463
99473700	0.500296088935924
99476151	0.500131972734669
99480361	0.500171697325882
99482871	0.500313907743381
99491941	0.50014044811067
99492940	0.500267310229986
99492991	0.500956688259439
99494520	0.500125950144681
99500130	0.500344171922177
99505971	0.500127890423707
99505980	0.500170108206552
99514921	0.500131986075293
99517961	0.500683806763998
99519891	0.500358368939023
99521001	0.500139918151375
99524110	0.500242798622349
99524400	0.500129475149119
99526031	0.50014824842779
99535630	0.500324692839589
99539550	0.500110559923964
99540310	0.500115386853033
99540831	0.500609109543035
99543700	0.503066820059407
99545451	0.500649617914531
99551121	0.500260420037257
99552291	0.502639481389155
99562880	0.500162502839181
99563931	0.506068095408158
99569541	0.500145597405111
99570600	0.500828911688059
99575920	0.500311568541278
99578491	0.500471522113506
99579661	0.5032084775225
99582351	0.500369639574558
99583060	0.500165827811362
99587961	0.500438203880059
99588260	0.500516689351898
99591300	0.50043958750009
99592240	0.500329879369549
99597680	0.500296071793099
99598030	0.500128006110526
99600481	0.500120310918938
99604751	0.50012670173069
99612231	0.50011948753205
99617611	0.500153623938725
99619260	0.500189951752939
99619721	0.50014383632686
99620950	0.50016822829437
99621651	0.500171723069786
99624400	0.500180581397576
99624520	0.500257994101628
99628611	0.500143310864739
99628781	0.500250209235554
99631531	0.500662133494063
99633820	0.500166914898001
99634580	0.500393553517931
99635161	0.500263893979939
99637210	0.500147493998898
99639721	0.501209087690416
99647500	0.500203191285971
99650020	0.515922620774429
99655041	0.500125707405512
99663120	0.500269796063692
99664571	0.500127803231316
99664580	0.500142013580643
99665400	0.500243935045887
99667560	0.500177491682495
99668670	0.500155943741359
99670711	0.500548704969941
99676100	0.500281920773344
99681190	0.500153796138158
99684110	0.500111539663644
99684751	0.500145744605477
99691651	0.500911082130703
99693991	0.500120559405317
99700541	0.500161039071726
99704051	0.500880303239776
99705741	0.50017955577325
99706860	0.506017836569266
99707270	0.500962385475965
99708141	0.500214527459849
99708261	0.500176570567862
99708440	0.500171447287059
99711190	0.500166720803078
99712411	0.584570115290594
99712821	0.500187984935677
99715690	0.500114673506915
99718841	0.500119878341233
99718961	0.500192287440296
99721011	0.500224087322853
99734640	0.501566488043243
99734751	0.501099722072606
99740140	0.500334659711364
99749781	0.500680082283445
99751600	0.500861545195012
99757441	0.5001514627531
99759841	0.508924597959924
99761181	0.500174118836962
99764461	0.500326748004292
99764700	0.500942909515511
99764751	0.50013381985227
99770080	0.500386757541125
99771190	0.500956586587073
99774000	0.507515182461142
99778790	0.500186925145975
99780720	0.500218247668092
99781540	0.500194022958507
99783060	0.500393912082658
99784170	0.501311664166206
99785451	0.500348233805302
99791950	0.50041746835928
99792300	0.500576656874308
99794760	0.500251131616932
99794871	0.500127366242499
99796690	0.509839718953626
99805221	0.50401781963558
99809081	0.504286549741334
99813761	0.502035363419631
99819781	0.500126391907313
99821540	0.500162638919324
99822420	0.503025575144705
99822480	0.50098411704185
99830131	0.500197713284647
99832181	0.500317610850536
99832890	0.500402657830223
99833641	0.50275076385052
99834060	0.500287143923555
99834401	0.506982020122432
99834410	0.500179545420811
99836570	0.500292585865204
99846101	0.500471418646998
99846690	0.50034181998181
99847381	0.500578588611337
99861831	0.500237465882252
99865400	0.500252591825769
99865981	0.500131402130589
99869021	0.500832860547525
99872070	0.504042135847105
99883351	0.500295349303446
99885580	0.500128187790803
99886630	0.500172684719572
99891421	0.500134463312111
99896451	0.508771207692168
99899081	0.500171305501455
99903991	0.500218101726531
99913240	0.500133281989738
99914871	0.500132953127986
99915691	0.500206303005556
99916340	0.500143171390709
99919371	0.500299324709853
99921481	0.500624202121682
99923231	0.500706405293689
99934171	0.500188578939045
99938150	0.500131045727802
99942651	0.500119689038864
99944051	0.502746758739816
99945520	0.503131730810187
99948910	0.500815634815203
99949201	0.501104236626495
99949670	0.500222449179179
99953940	0.559374949437866
99956451	0.500223522478182
99959201	0.500200293925018
99959261	0.500288235972457
99960311	0.500214999683215
99962881	0.509376262305429
99968330	0.500176077521137
99969850	0.500744437933262
99970191	0.504448188016808
99970251	0.500970122881434
99973010	0.500137188560766
99979730	0.500616183154837
99979961	0.500388323061982
99982941	0.500241847715348
99995230	0.500136109089379
99999261	0.500209879952747
100002190	0.5003831400408
100003360	0.500180356281451
100004880	0.500152031773852
100007391	0.500258190580002
100012361	0.500335830239615
100012531	0.500184201378136
100027510	0.500162299714046
100030311	0.500125237739005
100031490	0.500450127933791
100032830	0.500273637156618
100033121	0.500133047777261
100045631	0.500169238285148
100046511	0.500833073288815
100047280	0.500121644762691
100047331	0.505981118644593
100048740	0.500765512479573
100052130	0.501496185913394
100052890	0.500938094025098
100056511	0.501476214896805
100056870	0.500162065421089
100057100	0.500202492683562
100058501	0.500199779318878
100059790	0.500141214441857
100063010	0.500797089179905
100066511	0.500468674179121
100067971	0.505828246155579
100071251	0.500213318227357
100072830	0.500156411712709
100079731	0.500450645107366
100086921	0.500317912478527
100089090	0.500512347350648
100089380	0.50028280175219
100089560	0.500150675081439
100108441	0.500325585493901
100114240	0.500130528939086
100119030	0.501520469256028
100120610	0.500139129469625
100120901	0.500170594683132
100126340	0.500856433724758
100135871	0.503400078940632
100139381	0.500169551183164
100139500	0.502558802100984
100141430	0.500191401559319
100148441	0.500260577107544
100151131	0.500121819248703
100151951	0.50016045812622
100152481	0.502905366362055
100154231	0.500152942113944
100158501	0.500129049309984
100159210	0.500365199292331
100160081	0.500403226616745
100162771	0.50017399439513
100170841	0.50014215643592
100178681	0.500164779263309
100189330	0.500170920083354
100190260	0.500161261801157
100190790	0.500123746997181
100191780	0.500191554904086
100196050	0.500361937964263
100198151	0.500820103751106
100202020	0.500157228738131
100204351	0.500121649631344
100208390	0.500182442618888
100208911	0.501299973118215
100210901	0.500668418188675
100211541	0.500123099421535
100216990	0.500222501258097
100218860	0.500114237945032
100221721	0.500166839511642
100224120	0.500119071675818
100234641	0.500122434958748
100234821	0.501909811237687
100234940	0.500436408817041
100235051	0.562024007461853
100237041	0.500117475168656
100239330	0.500151244834739
100244530	0.500660546354049
100245811	0.500185723682611
100251721	0.500126065581485
100252481	0.500275196351357
100254121	0.500946756104372
100257041	0.510018644386113
100258980	0.500291125490462
100262600	0.500205351480696
100265120	0.506034411476532
100270560	0.500355940230608
100271550	0.507973914096294
100276640	0.50014331294398
100277280	0.500258812664535
100282071	0.500166585655764
100282831	0.500143488632082
100284291	0.507786667949363
100285410	0.501465424153617
100288630	0.500141319673439
100292011	0.50011082764642
100301601	0.500980503921963
100302370	0.500133355344693
100302720	0.500477464891863
100304710	0.500580100303972
100309970	0.500144121163384
100312831	0.500535380722572
100315581	0.500752731259611
100317870	0.500177074637062
100318331	0.500181312948844
100320141	0.500466244502186
100325171	0.500253874583891
100325350	0.500603531275356
100327110	0.500150946038195
100327861	0.501047299391304
100329450	0.500230906853635
100331431	0.500154020018861
100331661	0.529396107416179
100332541	0.500370685444697
100332660	0.500165756515389
100340210	0.501002676499218
100345231	0.502705678598653
100351491	0.500352891958277
100355701	0.500141303891526
100356461	0.513546113414826
100367511	0.500127383852803
100368801	0.500205001256865
100369270	0.528229157987182
100370491	0.500148414595314
100379330	0.500130086137865
100380970	0.500193662732017
100382831	0.500331004027948
100391141	0.500166566434928
100394360	0.500120131619038
100398690	0.50021690395265
100399381	0.500196128243364
100402370	0.500859941682384
100405351	0.500118503470346
100405701	0.500130781856076
100414770	0.500124306234554
100422541	0.500312063785527
100426410	0.500207654745662
100427511	0.500145156136381
100429330	0.500117414829275
100429621	0.500143025084104
100429680	0.50031298165881
100433370	0.500142075319174
100434710	0.501502784064676
100442251	0.500135540531948
100457110	0.500236979475177
100465061	0.502621829468951
100465701	0.500227033421508
100466171	0.500145241928957
100466990	0.500171154476497
100467161	0.500149300323044
100467170	0.504515060345317
100467981	0.500328242123633
100470731	0.50458365513468
100475530	0.500147696022439
100476470	0.50024109032297
100482140	0.504327093993518
100484420	0.500147712378178
100489390	0.500315622337026
100493071	0.500330026284034
100494710	0.503062082773192
100497751	0.500425892470199
100499091	0.500137392326705
100499851	0.500132457275931
100503771	0.511779531557909
100509501	0.500114968326607
100514540	0.500180851416801
100527290	0.501321774760136
100530261	0.506352936278157
100535300	0.500294523892748
100549100	0.50300313150536
100553011	0.500190476898128
100555360	0.500360077748626
100559621	0.503340516561812
100559980	0.500158754743683
100560970	0.500232331881483
100561150	0.500291593883864
100564250	0.500188901913404
100568391	0.500136200411989
100569151	0.500339447686158
100572610	0.500146808594611
100575761	0.50018223051124
100576820	0.500385475239201
100585761	0.500145670526725
100589331	0.500137551293598
100590210	0.500170460259416
100591090	0.500382158878158
100593250	0.500234030194333
100601081	0.500186909986881
100601841	0.50022859597306
100604190	0.500383125972535
100604480	0.500137524099925
100604600	0.501681062626303
100608631	0.500238606884053
100611090	0.500620815723478
100618631	0.503000959369902
100625001	0.500580428729522
100628050	0.500178385632816
100628161	0.501198829164699
100628221	0.500287450732515
100631440	0.500126481998619
100632730	0.500131306904341
100636701	0.500196260831108
100638221	0.500194288262031
100642670	0.50012356011206
100642721	0.500514179695621
100644250	0.500115631022243
100647290	0.500113493283117
100651910	0.504240885761531
100657811	0.500365305832203
100659041	0.500479149629207
100659100	0.500230516021267
100660851	0.501097231148637
100663840	0.500127435300761
100664591	0.50032596795968
100665121	0.522619273688615
100666000	0.500906359047707
100667930	0.500159191462534
100668870	0.500194915154258
100671671	0.500221461928315
100672141	0.500135902916492
100675121	0.500152304562311
100677640	0.500248325154138
100678571	0.500125077906665
100680680	0.500557649614061
100681321	0.500591719151898
100681790	0.501228227224903
100682730	0.500157380772736
100688281	0.500250957814666
100690860	0.500596691107372
100695411	0.50317589179528
100701790	0.507845866146492
100707990	0.500314403259412
100713430	0.500125548040346
100714720	0.500173189707973
100715591	0.500122586511908
100717350	0.500310513958648
100728580	0.500412941667178
100732320	0.500185184800535
100737931	0.500120379727362
100739271	0.500331988251316
100742781	0.50012678395805
100746291	0.500419594358365
100758221	0.500614547015993
100761150	0.521706164353409
100764651	0.500151269606013
100766001	0.500166470707459
100767461	0.50025642742586
100780151	0.500277537227577
100780920	0.500186673382623
100783311	0.500909109923181
100790100	0.500348264572823
100794190	0.500116043621427
100798870	0.500689721639482
100809451	0.500149879789272
100820331	0.500751734073177
100830091	0.501162152822891
100830621	0.500519202714812
100834421	0.500127180476041
100838050	0.500725621045427
100840570	0.500126889676482
100842320	0.500724723466422
100842380	0.500156521610879
100843320	0.500139230583804
100843490	0.500506840731799
100843840	0.500166415524102
100847231	0.50024680577957
100849981	0.501525135244982
100854191	0.501577363657022
100856471	0.500122735363593
100866590	0.505266439396155
100872500	0.500295997084564
100881321	0.500130489760065
100882380	0.500262364368754
100883200	0.500242416353748
100887581	0.500741134087149
100889400	0.500183416527716
100890450	0.504755027174404
100892961	0.500847890143721
100894191	0.50037135368981
100904430	0.500417976334844
100907000	0.50023854476193
100910860	0.500208556711543
100911620	0.500895987793312
100913550	0.50034434321468
100916411	0.50019364983566
100924900	0.500562670680635
100927931	0.501549592384143
100936881	0.500283466469862
100939041	0.50086636143388
100940980	0.500206034239489
100948111	0.501187314550507
100950860	0.500322199811026
100958170	0.500297354680085
100958290	0.51333992769672
100961441	0.501885578629464
100962380	0.500228200136374
100978051	0.501489709388981
100978760	0.500167468096234
100980630	0.500644353773467
100982270	0.500186709620159
100983670	0.500135407275575
100988341	0.500297910376021
100990681	0.500157982133665
100992731	0.500297416293736
101009810	0.500420492576862
101013610	0.500150110046959
101016710	0.500251072970157
101025361	0.500133722351605
101026770	0.503470838605059
101027530	0.500123099654885
101032090	0.500219755288324
101033380	0.500143424710712
101044080	0.548399718945005
101049511	0.500195862740228
101053030	0.500221331925198
101054251	0.500391783695558
101055950	0.50260435793096
101058931	0.500122225071524
101059640	0.500286358872014
101063440	0.500126918609692
101064080	0.500376143643114
101066890	0.500120317483261
101078350	0.500142643053715
101082970	0.505096273465507
101090220	0.500149099439852
101090980	0.500195858334451
101094670	0.500114701274098
101099281	0.500600752281152
101105600	0.500312827236083
101106950	0.500425531672685
101108700	0.500222771168748
101125600	0.500292421411948
101125711	0.500823775550564
101138931	0.508058115729502
101143611	0.50014777989354
101153491	0.500302355545304
101156130	0.50438140101324
101158521	0.503168054833796
101165011	0.508433187194726
101165720	0.500163908402262
101169981	0.500159191745749
101172151	0.500138807787633
101172441	0.500204359810328
101173150	0.524231542775584
101179350	0.500726022536699
101181860	0.500302647232252
101184021	0.500128995737953
101187881	0.500703561182817
101206480	0.500460313983076
101208470	0.500153466528849
101212321	0.500209778043336
101215020	0.500207170740923
101221801	0.500135421675912
101225900	0.564937474935753
101226011	0.500901019331884
101234081	0.500149398714277
101263731	0.50012456178128
101265550	0.500142261176047
101270861	0.500165478321302
101273500	0.512738293842862
101276190	0.502256992906117
101276250	0.500540597179588
101282100	0.500133492607238
101286301	0.500161215632428
101288991	0.50013209223753
101293791	0.500122392678728
101296950	0.500153617852569
101299990	0.500185931681663
101301630	0.50042025648588
101302501	0.500134626752215
101303671	0.500633010612555
101308931	0.500503583695172
101310870	0.500204589057861
101314200	0.504499468765269
101320101	0.500897810965272
101322791	0.500207284466893
101333961	0.501187805894472
101344201	0.500493263512517
101344431	0.501161301819937
101345131	0.500520612204024
101366310	0.500289012668946
101369880	0.500715804419575
101375541	0.500407625324635
101375610	0.500179761395977
101377420	0.500146046629127
101386071	0.516253979870827
101386301	0.500149509277194
101392980	0.501992274374483
101395721	0.500162496218611
101414551	0.500161727862543
101414850	0.500275412068238
101418881	0.500307699013326
101420631	0.500170927705209
101421630	0.500135336806261
101421750	0.524255274910935
101424081	0.500180592999716
101424141	0.500181208238196
101425900	0.500131875255775
101433791	0.500525012924156
101435670	0.500126803172198
101444201	0.507890827828525
101444910	0.500147696483437
101446430	0.501531294594099
101454901	0.500136093346604
101455260	0.500315780598931
101464380	0.501159731109679
101465431	0.500207647902997
101475140	0.503342043618934
101483800	0.500281306301111
101485601	0.500142322108936
101485781	0.500184307475824
101485841	0.500652031107771
101485960	0.500648099538114
101486310	0.508171743493466
101499641	0.500239670451469
101507711	0.501450736833701
101511520	0.500162524778876
101523851	0.500112183564154
101527301	0.500155345435243
101528761	0.500173921357096
101529940	0.500142193646266
101531511	0.500145861645178
101532160	0.503035127658989
101533151	0.500616712323263
101534030	0.500161483570456
101536421	0.500225152548781
101538411	0.500591332112243
101545721	0.500144876912636
101549291	0.500150793947236
101555661	0.500128442228501
101558591	0.501099831391087
101564141	0.50336635088523
101564440	0.500129248209348
101566891	0.500613513715249
101570751	0.500259751801979
101571930	0.500898938274983
101573791	0.500457180851672
101574090	0.500134502591069
101576251	0.500117295869077
101585841	0.500473629312537
101592271	0.50030928167243
101593860	0.500541664665277
101594261	0.500231276885076
101596071	0.500219151330668
101602271	0.510340705720865
101603091	0.500217340417784
101605901	0.50012598177188
101607600	0.50021006998889
101611921	0.500173502066218
101617950	0.502727962189406
101627011	0.501788130738294
101628411	0.500151034453744
101637301	0.500146166169481
101639001	0.502731543968216
101639761	0.500909168935233
101647190	0.502222136628819
101648821	0.530724441850626
101650760	0.567051667916342
101654731	0.500232815373387
101657020	0.500183475822319
101661221	0.500136875639754
101665141	0.50442950463659
101666541	0.501356769865036
101667421	0.500128685091446
101673510	0.505292522853232
101675730	0.500935170277035
101678881	0.511919183044188
101682681	0.500252020010966
101687020	0.500181469694712
101688181	0.50013922494382
101691580	0.500204501783137
101691691	0.504215463017494
101693390	0.501823965005223
101696610	0.500463400062742
101705021	0.500460035006776
101706080	0.500238539983834
101707421	0.500962166229843
101708070	0.503117108983927
101712861	0.500152123714541
101718770	0.500294633151825
101720051	0.500193418206431
101722331	0.500130036168511
101723501	0.500311959897379
101729710	0.501703903857488
101737370	0.501099766033365
101737951	0.500697312725648
101750700	0.500291612103417
101753800	0.500215901041754
101754560	0.500349242331995
101767541	0.500355531551712
101768771	0.509915493008635
101769010	0.500139954066948
101770521	0.500189916863157
101770641	0.500164163995063
101776900	0.500109782162187
101778070	0.500121154901752
101780940	0.500349592227841
101781930	0.500241610577608
101783220	0.500208114067543
101783911	0.500157597397106
101786081	0.500430765646124
101794791	0.500206155163476
101797131	0.500198731144453
101799061	0.500557584220588
101800410	0.500644853950861
101803280	0.500119364369244
101804390	0.500154574826276
101808890	0.500169049001071
101809710	0.500241119919933
101810991	0.500167011789688
101813510	0.502867766867608
101817421	0.500164121104979
101822041	0.500179924339441
101823100	0.500135424077953
101823690	0.500190455031972
101824561	0.500530317478807
101824860	0.500340123690584
101825261	0.500614986402908
101826491	0.500396952643428
101826730	0.500144349062405
101829070	0.502121569312188
101830521	0.500158729814052
101830701	0.501525316793819
101831290	0.500819653716687
101837131	0.500183905251603
101838070	0.500139614645236
101841760	0.500779959017978
101843690	0.50039190137336
101865551	0.50012202907605
101866320	0.500130453847126
101869001	0.500234424043277
101870060	0.500144274161052
101880120	0.500161353699704
101887140	0.500240104439173
101890641	0.500178699327117
101893920	0.500247357507296
101899300	0.500195086634135
101902631	0.500321879375063
101903280	0.500130585712165
101904390	0.500308547136902
101911470	0.500186941976534
101914920	0.506347638509599
101919531	0.500125124828946
101924450	0.50030574002927
101929540	0.500788685386936
101930240	0.524835719309558
101935500	0.502016864107324
101935611	0.500131837390933
101935970	0.500153788732405
101936730	0.500372122665733
101937260	0.500126218935698
101942170	0.500299962069458
101942571	0.501754558577663
101944501	0.50014127427718
101951461	0.502669441381042
101954100	0.502433451924161
101960530	0.500773412910983
101964450	0.500140002831837
101972050	0.500118319127999
101972921	0.500139182236168
101974100	0.500295475535705
101980471	0.500165734146792
101982110	0.548143039878018
101982580	0.502324300205298
101991991	0.500154453409463
101992460	0.500156423030292
101993220	0.500541332053308
101996320	0.500158623590139
101998370	0.500170508948932
102000411	0.500606671901796
102002170	0.500305920161631
102002580	0.500145961034836
102006320	0.500393352113953
102010291	0.500459733595852
102012051	0.50020937979823
102012281	0.500411313991864
102016491	0.500119754490389
102023050	0.500179374052745
102024911	0.500233972413285
102029950	0.500487816774254
102038831	0.500154537767221
102043861	0.50016403542856
102059301	0.500255627667446
102059941	0.515357173766931
102074510	0.500200043596327
102075151	0.503614022594383
102077610	0.500306275714103
102078251	0.50016640649035
102082930	0.500178055366833
102083221	0.500896623879394
102084450	0.500605542854176
102084630	0.651473891703525
102089830	0.500172804472385
102094690	0.500168786230741
102095210	0.500312984796164
102095381	0.500175565182524
102098011	0.500154990251252
102099651	0.500163690347055
102099771	0.500329873956009
102101111	0.500174931372137
102109950	0.500679661259173
102110070	0.500188340033786
102112520	0.500142840160648
102119181	0.508640940932938
102122170	0.500202762375999
102129361	0.500229280789677
102134451	0.500124780487323
102134630	0.500252635377151
102136090	0.500688481982399
102137200	0.50032335085771
102140300	0.51036266800273
102141931	0.501626890080563
102147260	0.500135853545923
102148960	0.500225834033477
102155851	0.500164574849846
102174101	0.500290477180717
102178131	0.503468473969726
102178840	0.50015528904637
102181240	0.500442291568771
102182111	0.510646998838532
102183460	0.500440127943028
102184801	0.504408189097483
102193981	0.50115065978564
102197030	0.500267898558413
102198891	0.500301093086481
102200181	0.500210450991964
102203281	0.50059100215442
102203810	0.500124618391421
102203990	0.500237303634126
102204220	0.50012494523598
102204271	0.500145674077031
102204451	0.500129131786163
102204511	0.500159692980992
102204630	0.500118798726151
102206961	0.500233868878299
102211581	0.50019348463087
102212401	0.500143940700601
102212461	0.500111334840969
102212521	0.500153748350542
102212811	0.500122516579283
102212820	0.500243644297171
102223640	0.500148345492417
102227901	0.500190219243461
102238960	0.500700429298897
102239301	0.500128137803088
102241120	0.500991028962189
102242811	0.500179260093784
102243751	0.500134106131524
102244810	0.500265581397581
102245441	0.50016488954962
102249011	0.500174492420219
102251001	0.500320396067629
102253990	0.500112492185888
102255851	0.500918689852451
102256500	0.500180645226252
102257371	0.509882573379889
102257730	0.500135169447768
102259370	0.502269584216268
102260181	0.500429285591611
102264980	0.500144041696915
102265851	0.500579025749742
102268371	0.500342450694475
102268541	0.50013089512553
102277850	0.501707774414325
102281291	0.500352199291911
102287440	0.500152086747568
102293520	0.500141738980805
102296501	0.500735511347417
102299020	0.500150095741523
102299831	0.500143141759551
102300010	0.500997272251875
102300890	0.500148339105052
102301121	0.500200317913482
102302581	0.504023907716921
102303571	0.500311571747415
102303811	0.500148555401016
102304101	0.50027971203507
102304750	0.500203057098184
102306620	0.500147559282015
102309831	0.501499391711494
102313580	0.500738621882782
102314041	0.500475097942163
102315980	0.500160441552995
102317961	0.500151874076367
102323110	0.500174508557385
102325570	0.500183659335794
102327090	0.500131389409442
102329191	0.524351998288137
102332470	0.500164171110342
102334280	0.500147551528208
102335271	0.500730497093386
102337961	0.502630438418771
102339481	0.500130890072319
102342871	0.500538476986867
102345741	0.500201418721542
102345860	0.500225865541729
102345971	0.500130806835884
102349660	0.500236370072255
102350190	0.500349398363786
102354801	0.501604162211034
102360130	0.50017281645996
102360660	0.500202120882774
102366390	0.500278684793893
102369430	0.500208504573407
102375630	0.500243902183061
102382231	0.500138275808092
102382940	0.500210678329348
102384280	0.500398865926482
102384690	0.500124793029993
102385681	0.500167635738614
102390600	0.500345781228113
102391650	0.50013261039892
102392701	0.500125850795619
102392931	0.500159612554205
102394981	0.500875426916197
102395860	0.50014104679298
102396851	0.500450538967629
102399430	0.50024125527993
102405510	0.500163754279231
102405570	0.500113974456596
102408550	0.500699038760532
102412470	0.501272925256023
102413580	0.502595280131597
102417030	0.501663032849134
102417201	0.5003476429942
102428841	0.500144967017832
102429020	0.50563470553439
102431591	0.500125385752285
102434110	0.500122859346926
102434400	0.500145377561037
102434870	0.500129188086782
102437321	0.500246116839145
102437961	0.500136852108992
102438081	0.500260823541695
102438610	0.500131808497225
102438721	0.500149069339333
102438730	0.5001266848036
102441480	0.500150533191311
102441531	0.500192440011742
102442940	0.554641814051365
102453401	0.500129195727597
102453931	0.500173056980426
102461890	0.500153783481319
102462120	0.50011376349027
102464580	0.500121942020346
102477680	0.503408629254697
102478721	0.500193283854716
102479080	0.500342957452229
102481890	0.500180538027174
102482300	0.500331541441251
102483111	0.500166803057204
102483700	0.500138079264494
102485280	0.500440074573569
102486271	0.500118015812464
102486561	0.500118147632971
102487270	0.50073634779728
102487620	0.500233921826743
102487970	0.500331934053866
102489251	0.500330335375799
102497150	0.500156763901744
102498841	0.500346287763288
102499541	0.500185896949113
102509191	0.503309452232036
102513401	0.500128529364022
102517500	0.500451943795773
102517620	0.500185677683277
102522590	0.500127173033474
102524281	0.503214298290856
102525451	0.500135035199101
102526040	0.500132635410054
102528730	0.500133644779798
102528781	0.500364973146098
102528901	0.500167512920267
102529840	0.500148591465254
102533060	0.500127019064268
102535400	0.50028706890135
102539900	0.500121912920603
102543871	0.50096118450453
102545161	0.500456253899825
102545801	0.500284096505492
102552360	0.500178555526756
102554170	0.500216609496944
102571890	0.500266455572338
102572530	0.500274599657256
102572641	0.500146232799649
102575741	0.500122257734897
102575980	0.500135695945424
102576220	0.500600693696415
102582061	0.501906793946979
102586450	0.500341689156627
102587970	0.500154926335636
102588261	0.500248961467182
102591591	0.594337462961933
102598150	0.504835333190621
102599080	0.521846275476226
102601941	0.500162013766733
102606621	0.502920420128029
102608730	0.500131737203917
102614571	0.646419298530525
102614700	0.500191947070206
102616211	0.501903948728586
102616271	0.500147943983286
102618030	0.500252561841991
102618380	0.500153527571478
102620490	0.501416036501299
102621241	0.500233424810718
102622761	0.50014267753791
102623111	0.500115381227988
102623231	0.54133899454873
102626621	0.50039769642608
102629260	0.501412245871989
102630071	0.500123176603362
102630361	0.50180015523476
102632590	0.500598150899713
102633291	0.500195153544695
102633410	0.50031299843519
102634981	0.500330373830302
102636331	0.503410182033834
102636630	0.500276575873178
102636920	0.500147786779906
102637381	0.500246213575603
102650250	0.50169875095326
102650840	0.500859854931961
102656040	0.500125192062469
102658790	0.500517999259965
102659490	0.500437889557395
102664811	0.50057165985709
102665631	0.513373399035717
102670430	0.500130851611752
102671600	0.501818160044552
102676040	0.50013256871346
102676211	0.500259647063354
102682181	0.500678569743903
102682590	0.500123564099378
102685110	0.500255846465208
102693581	0.500191196679677
102695520	0.500177381521604
102695571	0.500295850524438
102699661	0.500120695915384
102700071	0.500125835371559
102702830	0.500130275892138
102704521	0.500421328292242
102704990	0.500202955785795
102705801	0.500130831448132
102706211	0.500297968163511
102706801	0.501009522116438
102713931	0.507738555679678
102721591	0.500618570225786
102722821	0.500139138198382
102726801	0.500816267577602
102734401	0.500304317125818
102737031	0.500208480239984
102739320	0.500137985699492
102740251	0.500140571127347
102743581	0.500189114810593
102748090	0.500168140870179
102750490	0.500352127255422
102756331	0.50014872711291
102757860	0.503152814504135
102758611	0.50220747786793
102758850	0.500136270244679
102759841	0.500120115958752
102768731	0.50022470442144
102773470	0.500149217534372
102775520	0.500810020925037
102777860	0.508501892778385
102778031	0.500148686797684
102779260	0.500128112348806
102780140	0.531166463596944
102780490	0.500407231160247
102781540	0.500145714890195
102782241	0.50134637236936
102782830	0.500138136732119
102785981	0.500187792966407
102785990	0.500304741824043
102789901	0.500218806056137
102794461	0.595328035299351
102794871	0.500814301891198
102796271	0.52491337930456
102798090	0.500815606754507
102802531	0.506375622215464
102803761	0.500417972616308
102805460	0.500330784932994
102807091	0.500127228943765
102808441	0.500167067405875
102814991	0.500403424732485
102815921	0.500356458997784
102819090	0.503019978779523
102819320	0.500270970860619
102820951	0.500288821657162
102823001	0.50023870873152
102823411	0.500382480161832
102823991	0.500203869968114
102829090	0.50031040423002
102836280	0.503438183832955
102837510	0.502711511926268
102839500	0.535248653348339
102840900	0.500182882280752
102841831	0.500181026304009
102842010	0.502182399743082
102846101	0.500119808366891
102847390	0.50023407721407
102855870	0.501118606386764
102857971	0.500203215855576
102858611	0.500689540076546
102862881	0.500137397434402
102867220	0.500360688017107
102870960	0.500140786482114
102872830	0.513465528679924
102874871	0.500169562281464
102877091	0.500378130976025
102877390	0.500182332833236
102878791	0.500128244052658
102881020	0.500331213906213
102883710	0.500513209854506
102889841	0.500177188163065
102892361	0.500113114304318
102899730	0.500149014523218
102901891	0.500118766248538
102903121	0.500159556088573
102907271	0.500608165664109
102907860	0.500203160100828
102909320	0.500145535338803
102911660	0.503317705029104
102913001	0.500133562970898
102916690	0.500234063093787
102918851	0.500121284366566
102921601	0.500193347943132
102922540	0.500136013269267
102923351	0.500225455778935
102930260	0.500198222139743
102930721	0.50269680825286
102933180	0.500255407113226
102933240	0.500122719302049
102933360	0.500298808310267
102939030	0.500436323127608
102939440	0.5001227868479
102941310	0.500247313885402
102955520	0.502872259419433
102956391	0.500215392912297
102957280	0.500188245870445
102960200	0.500753645184654
102961310	0.500165009142155
102963881	0.500129222181525
102966340	0.500937528179702
102969850	0.50014519361932
102974410	0.501904125514865
102981780	0.500794926750695
102986861	0.500988510123364
102987681	0.500452680420279
102989150	0.509258374488172
102992310	0.500228708576336
102993591	0.500247659566178
102999440	0.500197235862151
102999551	0.500289819747322
103002950	0.500219403260518
103011601	0.50286490261937
103015170	0.501022730612002
103018270	0.50028718942338
103019671	0.500137308724051
103027271	0.50017334567933
103030320	0.501949507212037
103031191	0.500356540123241
103031481	0.508355097047383
103033010	0.500306924847422
103034001	0.500323252115652
103037861	0.500572682266482
103038561	0.50028299048927
103046101	0.500137178913179
103046170	0.500278488530208
103048091	0.500428969006971
103048740	0.50030636286551
103050730	0.514490194769295
103052481	0.500431102374452
103058971	0.500138662555702
103060021	0.50077038540591
103060141	0.500190062130359
103060311	0.500442247834557
103060380	0.500144365986072
103061481	0.500308832494717
103065820	0.500418001665344
103067041	0.500450050325785
103072190	0.500153663432254
103073830	0.517442458782595
103075410	0.50012130241175
103080201	0.500137762546034
103080431	0.500126352703785
103080551	0.50020144786673
103083070	0.500739742095961
103090320	0.500131903209029
103090380	0.510356017515552
103095751	0.502176823809274
103096921	0.527579768516625
103097271	0.500198480713284
103097750	0.500585357607243
103099330	0.500176919370237
103100841	0.504967108739958
103106580	0.500454846783465
103108160	0.500182321163385
103112011	0.500350355399885
103112301	0.500242818395596
103122711	0.500260158553283
103126170	0.502134832506866
103133420	0.500972895571125
103134530	0.500371079750639
103135051	0.500342496849031
103138330	0.500154508841186
103138450	0.500155461582047
103147050	0.50065344848983
103150961	0.500206488572121
103153480	0.500124879323881
103155700	0.500121621171352
103155871	0.500139686426433
103157801	0.500467034074659
103161610	0.502114472730515
103163480	0.50013179617325
103163941	0.500324997162952
103166811	0.500689605912065
103167861	0.500170356912463
103171661	0.50040919061828
103171840	0.500119746959912
103174761	0.500132171622126
103176640	0.500463934784174
103180090	0.500140992803869
103180201	0.501408212846195
103181550	0.500130903193884
103183480	0.500131012910437
103188621	0.500179680090232
103189210	0.501254833968941
103190841	0.500257902656463
103194010	0.520364318440846
103194701	0.500207649233788
103197750	0.500176842705127
103198501	0.50015530672283
103203010	0.500134126739922
103207810	0.50016745064625
103214300	0.500175489573504
103214701	0.500205254991396
103216990	0.500601093793787
103222780	0.503991870429177
103224471	0.542987417876321
103240551	0.50014369867705
103240841	0.500312992628837
103242831	0.500159270649204
103245931	0.501342322780954
103247110	0.500500729536997
103250030	0.503612064425624
103252780	0.500831095656231
103255590	0.500435235971937
103256290	0.500133226672118
103258690	0.50012603895207
103259330	0.500749206044916
103261140	0.500127335544961
103261730	0.500390325826406
103263310	0.500166663143634
103265410	0.500158710111528
103267391	0.500594613046688
103270491	0.500118974280805
103274001	0.500175637088745
103275291	0.500317992564954
103277110	0.50015350243365
103279851	0.500153125162495
103288570	0.500336304329271
103290620	0.500262596663499
103291260	0.500214317885736
103292131	0.500647089861469
103294300	0.500382330868043
103295760	0.500183153089108
103296410	0.500348250555553
103303421	0.500373271185836
103306521	0.500149350267687
103309911	0.500175661596648
103312780	0.500291741289429
103314121	0.500123772307148
103314471	0.500129469188971
103319791	0.500125102572718
103331781	0.500273205937704
103332140	0.500638047650718
103332550	0.500145298476873
103334010	0.502482952410384
103339330	0.500122868096244
103339381	0.500120060793612
103339450	0.500501936696798
103339800	0.500150065570466
103341200	0.500327298521002
103345940	0.500344233958991
103350910	0.503283893531486
103354471	0.580485288379953
103355991	0.500221843783628
103361850	0.500396647586983
103363071	0.500193189620992
103372191	0.500780951910771
103373011	0.502404719367759
103374471	0.50162136307138
103375120	0.502817992923838
103375991	0.500736943678231
103378801	0.500125914015883
103383651	0.500137417104439
103386871	0.50032880195019
103387870	0.500688077805073
103389911	0.500218324679222
103399911	0.50073741485314
103403190	0.500572554195267
103406060	0.500164150432216
103416111	0.500265786625664
103416760	0.500454432345445
103423310	0.500240541215401
103431141	0.512863203815241
103432260	0.500361070974075
103444480	0.500135377325779
103447631	0.50068886616589
103468741	0.503271241052121
103469501	0.500186605978414
103473711	0.534915830911987
103475360	0.500238683375971
103484591	0.500373314348806
103487751	0.500155840490733
103490911	0.500191269039213
103496991	0.500151140219655
103508750	0.502866137955749
103508801	0.500196357767015
103511150	0.500148470486913
103512490	0.501055469122835
103516940	0.500584185982955
103519391	0.500136426983954
103520210	0.59800664165402
103520800	0.500138868897904
103522431	0.500173199065588
103525360	0.50168508744347
103530040	0.500171134352813
103534130	0.500167913275507
103534250	0.500180796759177
103535761	0.500166645560575
103538631	0.502177481812223
103543660	0.500611279573762
103546470	0.505139533837656
103546521	0.500198778737181
103550381	0.500141259824215
103551030	0.500139699791823
103551380	0.500504271549658
103553080	0.502228114448577
103560091	0.500255340026928
103560381	0.500696984813418
103561850	0.50236892058076
103569690	0.500169900450133
103575830	0.500311504185742
103579041	0.500168986935894
103586590	0.500190677041583
103594591	0.500146029233213
103595300	0.500204637573127
103599271	0.500685598541335
103599280	0.500220639652058
103603541	0.500235964648141
103605471	0.500401505835823
103607111	0.500204371929588
103607580	0.500208720294132
103612371	0.502586558426076
103613071	0.500131228939841
103625181	0.50065314362414
103626231	0.55120025095575
103628101	0.500251777162356
103628691	0.500763314239865
103632440	0.50018424407001
103632610	0.500112510224027
103634130	0.501170306139447
103636940	0.501050640245977
103637640	0.500164533971145
103637751	0.500186125975816
103642610	0.500132455765149
103643131	0.500317767518076
103644130	0.591321381944821
103652260	0.500170503374175
103652320	0.500897444874534
103653020	0.500209543003515
103657000	0.500135960520675
103658221	0.501091516338972
103659681	0.501123095668046
103670851	0.500245898768114
103671321	0.500153937059152
103671381	0.500133539013957
103677230	0.500190188109229
103685950	0.500122414005141
103686240	0.500229008050389
103688161	0.500132012229125
103690851	0.500166368430298
103690860	0.500128521105093
103699630	0.500450276510342
103702030	0.501122487884162
103708110	0.506665454518016
103731680	0.500127949792647
103740450	0.535576578978834
103743251	0.502997386092041
103743490	0.500438449444244
103745301	0.500210968008047
103747120	0.500174459028295
103748520	0.500207045865754
103751270	0.504406191564548
103752910	0.50139016948984
103756650	0.500116472285522
103759161	0.500118324790215
103764541	0.500482087054543
103764660	0.500835448040876
103767931	0.500196621773629
103770160	0.500156941116966
103770920	0.50034470896753
103772440	0.500148081972154
103779050	0.500126264902926
103782261	0.500538584762095
103785881	0.50143222059643
103789340	0.500164961734307
103798580	0.50015477507841
103798990	0.501050409199327
103799870	0.500169182220182
103800100	0.500133256464457
103803311	0.500162355939441
103807000	0.500713711959627
103808691	0.500472212722516
103816940	0.51432193872366
103822201	0.500393582104159
103822611	0.500185500533019
103828520	0.500950407375553
103831091	0.500152896307777
103833251	0.668226170891661
103837880	0.501520284859692
103838691	0.50095822270275
103844840	0.500169852932202
103854191	0.500129139828358
103854900	0.500211801181847
103855660	0.500156792190936
103855950	0.500199284145888
103861620	0.501399381935828
103866471	0.500154333222876
103867760	0.510010278312437
103871390	0.502171279758116
103877701	0.500609672039671
103878521	0.500150289100929
103897291	0.500547288797876
103902961	0.500211810142302
103914140	0.500636350669201
103914780	0.505168889035876
103916770	0.500185067354891
103931100	0.540113699343686
103945301	0.500344451977692
103952381	0.500399298692916
103957060	0.500321477608934
103966121	0.50014018304344
103994541	0.50308801604002
104000220	0.500583476542389
104016360	0.500762452091701
104023380	0.500161676809035
104024311	0.50018769711885
104027291	0.500367975862924
104040980	0.500124933571398
104049811	0.500115605786078
104073261	0.500670493309004
104073560	0.500137898706445
104074661	0.500936603266504
104080041	0.501223578837161
104081450	0.500182738075942
104083081	0.502606690628305
104088120	0.500274980922693
104110110	0.500150156349001
104116070	0.500169041033446
104125020	0.500511401056074
104125490	0.505766130019217
104127300	0.500182505451285
104132441	0.500181804447334
104135660	0.502106560880618
104138590	0.500172570030184
104142731	0.500229936037971
104148581	0.500171182743447
104149230	0.500440487393512
104158060	0.500388855628751
104172680	0.500718428693921
104180921	0.501998530909034
104184610	0.500514925330593
104195430	0.501060237228806
104197241	0.500213190842189
104214320	0.500137797140037
104225601	0.501281632910493
104229051	0.50018208106535
104229171	0.512078364790693
104230990	0.500998246489929
104233551	0.500114776600528
104236711	0.514430425366418
104256660	0.509164166836494
104263611	0.500644626346984
104279410	0.501800268413016
104287130	0.501808483986112
104289521	0.507006152223738
104290990	0.50017248769653
104302390	0.500143484455919
104303261	0.500119243355169
104306600	0.500195736373637
104311451	0.500137832830866
104314850	0.500437848137666
104316071	0.500186065866142
104316131	0.500113288947918
104322851	0.500212319131053
104325661	0.500137202314831
104327241	0.500134337026147
104327420	0.500116671908022
104328300	0.500109868905114
104328881	0.500149660683029
104329000	0.500505094055391
104329581	0.500849375068367
104332151	0.50049725238375
104332800	0.500211820890241
104340230	0.501249594585793
104348291	0.500142424634909
104348360	0.501462026918873
104349410	0.502981728151334
104351921	0.500469280493505
104352911	0.500241446152634
104353680	0.501390615235844
104356250	0.500174966234691
104361101	0.500403254196643
104363261	0.502781999008332
104364380	0.500147991826032
104376361	0.501128295979882
104378411	0.500142227518756
104384560	0.500137920849286
104386250	0.500131391068369
104387890	0.605184482115709
104390990	0.500121821812943
104393970	0.500156427603086
104396831	0.500121798096528
104397941	0.500309751819585
104404560	0.5001528975873
104408411	0.500160816464345
104409231	0.500133711223273
104424081	0.500122061956137
104429530	0.500265363321251
104431101	0.500203910320434
104438070	0.506756979550247
104442920	0.500120793487699
104443270	0.500380096389784
104444620	0.500156215337159
104445431	0.500128338788
104447361	0.500262966477808
104447421	0.500142381445035
104449111	0.518024027406229
104450000	0.500166408445607
104452860	0.500129036682339
104454090	0.654980504033015
104467421	0.500130826437039
104469240	0.500199878725097
104470930	0.504401422671743
104471930	0.500136063450141
104473501	0.500237838400857
104476020	0.500161032179396
104476071	0.500186800503821
104477480	0.501851725601491
104482741	0.50363571910256
104483441	0.50023271673212
104487771	0.50022039827385
104488830	0.500521829799181
104491050	0.518965481334529
104493040	0.50282519027186
104494560	0.500367579030086
104496831	0.500204682158995
104500811	0.50217549605578
104506251	0.500125513239634
104510760	0.500114807123232
104514850	0.502312532487183
104515790	0.500122363998
104517071	0.500137128662145
104518300	0.502279817290887
104518420	0.500241798251838
104526490	0.500176577664749
104531511	0.509854944853212
104531631	0.500469487181834
104541460	0.500191079816303
104542340	0.50096167745626
104545781	0.500117995683658
104548420	0.546124284617899
104548591	0.500142751712657
104550461	0.500175031344714
104550640	0.500244706863538
104550760	0.50174258802911
104551400	0.50016180369484
104563031	0.500418276864442
104563151	0.512544582781841
104566490	0.500449010495318
104566610	0.501597378342082
104567310	0.500476126005425
104568061	0.50014197083538
104568651	0.50363651789466
104569001	0.50011257058563
104569710	0.500160635805793
104570640	0.500163390062371
104571161	0.500615496420466
104571221	0.500114957271116
104572511	0.500182235136212
104573330	0.502049818750286
104574970	0.500133229181409
104582331	0.500227526190506
104584210	0.500180017301003
104586960	0.50030155114408
104590111	0.500879201835767
104590461	0.500145774928147
104590581	0.500366097610553
104591631	0.500159206762663
104593441	0.500444973326673
104598190	0.50015037389338
104602681	0.500355895299459
104602801	0.500421322602111
104603450	0.500280243292244
104603980	0.50025327016938
104608591	0.500148335544828
104611981	0.500188505260249
104618190	0.501380162000502
104619120	0.50042615602287
104621571	0.500529018821317
104624321	0.507201858102995
104629001	0.500126825737965
104632280	0.553339949701674
104647951	0.500173970924353
104649010	0.502782063786514
104649761	0.500275866338235
104654851	0.500135996774802
104661930	0.501613883353426
104663271	0.500590186908301
104678121	0.51210840202039
104678241	0.518344715830472
104679761	0.500131766405534
104681580	0.501395677396459
104682340	0.500208562920454
104687831	0.500135365303283
104688591	0.507667845726315
104695790	0.500424961442105
104701691	0.506810082053043
104703220	0.500547753632255
104704501	0.500124712216019
104706550	0.500143541362096
104709001	0.500183588927939
104710120	0.500921570075043
104710701	0.500146148164176
104710940	0.501521786278348
104719531	0.501197402331833
104719821	0.500126596459497
104734731	0.500265880306932
104741990	0.500639999065116
104745201	0.500816917737303
104746550	0.500415028215402
104751111	0.502684164321167
104756380	0.500140889087106
104761640	0.500140929663179
104762050	0.500172895347309
104779181	0.500246892224696
104786841	0.500158526562742
104789001	0.500555744673184
104794860	0.500227853160932
104801760	0.500142820491162
104802921	0.500135132139602
104808540	0.502621615868737
104809650	0.500681181407846
104810530	0.500476222061913
104810880	0.500194851963319
104811751	0.50364821874329
104813101	0.500152910569205
104831470	0.501127617933653
104832631	0.502817508192972
104834851	0.500167833108381
104836021	0.501703347353861
104837601	0.500125447686279
104839300	0.501166027383212
104841401	0.505611592583945
104848131	0.500841618052294
104849360	0.500140553414654
104850240	0.500149928795056
104850530	0.500433512844715
104851811	0.500150066009319
104852640	0.50039552251211
104857311	0.500154645743404
104859070	0.500340920463718
104860650	0.509437745919712
104865321	0.504925097996332
104869130	0.500308259949058
104875090	0.500150434767247
104875150	0.50026311460965
104877601	0.500331210161619
104878020	0.500126035346
104878250	0.500170496616662
104881871	0.500248325929681
104884510	0.500535137919598
104898020	0.500169354750696
104898370	0.500386261209421
104899130	0.500124412595874
104900701	0.504502252065233
104906781	0.500564009982265
104912520	0.500376606949621
104916781	0.500785469178024
104918131	0.500121827491584
104919121	0.500185302431896
104921000	0.500373334038989
104926841	0.501521647667672
104932290	0.500371014220577
104933801	0.500271688623767
104936030	0.500190817692964
104936431	0.500193373641404
104939890	0.522662812700624
104942460	0.500236906617582
104942990	0.500135913247923
104945321	0.500730002926878
104945441	0.500443627257817
104963741	0.500145748289049
104967320	0.500146494690425
104969301	0.500692165141194
104982930	0.500175271163613
104993391	0.500124248752167
104996210	0.502585054247632
105005731	0.500356805915041
105006321	0.50020720426974
105009361	0.500460996435536
105012691	0.500355382383628
105020761	0.500121409721168
105026261	0.500441055176902
105037380	0.500532455934066
105037491	0.500138228901305
105039181	0.50015378456862
105039711	0.500291306442884
105043861	0.500320773572796
105045040	0.526240790188537
105049361	0.500222751245896
105058720	0.500151858938181
105061820	0.500171096541183
105061880	0.500129029176517
105063221	0.500164787004931
105087960	0.501072034899138
105098251	0.500271998268505
105110360	0.500169736798606
105116440	0.500263286428281
105118550	0.500172857900348
105124980	0.500193167939502
105127431	0.500120055864797
105127850	0.500133571274153
105145040	0.500359648705138
105147781	0.500870310328434
105152700	0.500559477259741
105153691	0.500168670510797
105159310	0.501391218179334
105163221	0.500302603200353
105178311	0.503264729122329
105178610	0.500607376361729
105197320	0.500259147000607
105205211	0.518515045795807
105205920	0.500603104869833
105213990	0.505183695140883
105226851	0.500157064453794
105227090	0.501300964118686
105231001	0.50017928524199
105231641	0.50179397843014
105235971	0.500178759947039
105241001	0.500160846921184
105241821	0.500223867039383
105242811	0.500291861418673
105246091	0.50173410660042
105246800	0.581990751892745
105247910	0.500605732093423
105255160	0.502048872907002
105257090	0.500155135517334
105261300	0.500262729081196
105267551	0.500158833853446
105272060	0.500160614657092
105284861	0.500164390635101
105296740	0.500239032029194
105296851	0.500722937208821
105316091	0.501617652077614
105332760	0.504700266634421
105337850	0.500410673913989
105343051	0.500939292925041
105351240	0.500190505484719
105353691	0.500369555968467
105355391	0.500128867488536
105358021	0.50019691134067
105359071	0.500118204148153
105362521	0.500329399389363
105378610	0.500171255822958
105383111	0.500138076047805
105389780	0.500168352367448
105395920	0.501354976875949
105418730	0.500245193300232
105420310	0.500812537723248
105423931	0.500438279687844
105430600	0.500377340218766
105435391	0.500134857518479
105443871	0.500418927117916
105449260	0.500573858505794
105454571	0.500168435867921
105457150	0.502345012717347
105457910	0.514058180141108
105460190	0.501240374433132
105461480	0.500288211495615
105466971	0.502566231804876
105470660	0.500245139746489
105473111	0.500189638439387
105486570	0.500187628402741
105487330	0.500359506456796
105487500	0.500137493572326
105488500	0.500804845517958
105491420	0.500126371575355
105499900	0.500699240034283
105501190	0.5001701421073
105508380	0.505652188855785
105509661	0.500178442930563
105515511	0.500125137140108
105516980	0.500215136251751
105518030	0.500156954088484
105519021	0.500184842292635
105524631	0.500146877870678
105524640	0.500148547595671
105540011	0.501337450690133
105542531	0.500145339159156
105543530	0.500536564021638
105545050	0.500162964923413
105547671	0.500382000608416
105553060	0.503528140780206
105554170	0.500415364949519
105560720	0.500147502453338
105562770	0.500130448379925
105564700	0.500163809253874
105573581	0.500419024841396
105577270	0.500169429730183
105578841	0.500565008556034
105578901	0.500261726295171
105581890	0.500676520909941
105584751	0.50122472819603
105586160	0.50563395440982
105589781	0.500158232773271
105590481	0.500172365758993
105590771	0.500213207080359
105592710	0.517788621287991
105598491	0.656355948484595
105602351	0.500240008110924
105606971	0.500559859577788
105612590	0.501093113113865
105616041	0.500119179248647
105617791	0.500108245047586
105618210	0.500481788570306
105619670	0.500471862083101
105623470	0.501538207899415
105623760	0.500158803084991
105624000	0.501499707775346
105625460	0.500398825820605
105628150	0.500183527512716
105631831	0.500200413473085
105633291	0.500149487608645
105640131	0.500363846149206
105640310	0.500146179502167
105648671	0.500129407611952
105662650	0.500121326451271
105665170	0.501145038939934
105667800	0.500168171352848
105668321	0.500370218912524
105670020	0.500253478548561
105674060	0.510928629063868
105680370	0.500174019436973
105687621	0.500167446292918
105687740	0.500139336570994
105689491	0.500121725655326
105689781	0.578606493002764
105692881	0.500207091635463
105698150	0.500133430075287
105699491	0.50025983533108
105699841	0.500210520220439
105703650	0.500129743804308
105707791	0.500274856608238
105710780	0.500150957842751
105711540	0.500416778166549
105712540	0.50040673363125
105719030	0.502680098169801
105720840	0.500249279775097
105722480	0.500550090303007
105727450	0.500175247742534
105731020	0.500192421872628
105738381	0.500237925068272
105748261	0.505774472031867
105750840	0.500760110399408
105753351	0.500137398341149
105754111	0.500156330259247
105767971	0.500393373407563
105775520	0.502755157981874
105778611	0.500153847771868
105780371	0.500203362578494
105787851	0.500150452203377
105793590	0.500290777003083
105795161	0.517320913156195
105796921	0.500386345021159
105797740	0.500357107188624
105799730	0.500512316716416
105809961	0.500130856686558
105810490	0.521315960987966
105813471	0.500234044277327
105819201	0.500206826206239
105819431	0.500450387404228
105824350	0.501729443946465
105829491	0.500228125863421
105830490	0.500470950202682
105831071	0.500855237960771
105831310	0.500412431534568
105832830	0.500138871503298
105835691	0.500701848323933
105840781	0.500151352359199
105841490	0.500155436391678
105844760	0.504071900566108
105855461	0.500431648356537
105855751	0.500319088776663
105864871	0.500455180802676
105869081	0.500685598278863
105870431	0.500711902589071
105872540	0.500167586405102
105879850	0.500317920306169
105886631	0.50210498138349
105891251	0.500155142828638
105893121	0.500133479431306
105896101	0.500240922533305
105897690	0.500127017676031
105898501	0.534987373573763
105899321	0.503598340093734
105899611	0.500881656131469
105899910	0.500265159492492
105900320	0.500258394847011
105904231	0.500210056349201
105904991	0.500169575718806
105910311	0.50492714880604
105911191	0.500135373683497
105914590	0.500139246287962
105919440	0.500147807277303
105936110	0.501190254682681
105939731	0.500196149245599
105950311	0.50018923205012
105951430	0.500306995030147
105951840	0.500192118336233
105956810	0.500348599438117
105957041	0.500170139160102
105957861	0.500144579991105
105969680	0.500257208597884
105969791	0.500598553540457
105972310	0.500692567451582
105974820	0.500185010261986
105979500	0.500469366936381
105980371	0.500613191268953
105986580	0.500205949028786
105986691	0.500171970341186
105997340	0.504079085523999
105998920	0.500111984453463
105999270	0.500140304922749
106002011	0.500215832380699
106008160	0.500144971518093
106012780	0.50028651480951
106017271	0.500130786079651
106017861	0.500411896472405
106024231	0.512495068053885
106024650	0.50021192581365
106030030	0.500284730061143
106031131	0.500125262416471
106032771	0.500892328631426
106033121	0.500778689347629
106036990	0.500159348480561
106041260	0.500490913074671
106043821	0.500131128974046
106049270	0.500156177183953
106051601	0.50013406320107
106057681	0.501082810705119
106059671	0.500184940424265
106060371	0.500142805928699
106063540	0.501207258866564
106070260	0.500227767563775
106074590	0.500289346101796
106075000	0.500378552617168
106075470	0.500704726564265
106076341	0.507083078416164
106078510	0.500249063627694
106081670	0.501821210099648
106097101	0.513322786285581
106100730	0.501112069606088
106102131	0.500340155294524
106106110	0.500159326928132
106110081	0.500214849811228
106116221	0.500151390163853
106117400	0.500143997164694
106117921	0.500205675598917
106120380	0.500595217565653
106133651	0.500130534763854
106135811	0.501611102466418
106136631	0.500211773685512
106136700	0.500152419355775
106141320	0.500287582809846
106141371	0.622926736552655
106143480	0.500385852572539
106145581	0.50013664753725
106147801	0.500190952516818
106148741	0.500138622243561
106151960	0.500557758646687
106152020	0.500177705385426
106161610	0.500275019416712
106167400	0.502054078910425
106169620	0.500185233352049
106182481	0.500385582344013
106188690	0.500662790566871
106191841	0.500442419135093
106193130	0.500221319319799
106195060	0.500157804603506
106195760	0.500204871631223
106203241	0.508563506585061
106204710	0.500567754009739
106206811	0.50015709337466
106216341	0.500166836938997
106217050	0.500243378993399
106221960	0.500145886645502
106238451	0.500204506048317
106239911	0.500149585371438
106241141	0.500251038292777
106242071	0.500129467930612
106243250	0.501430486666503
106250671	0.500154813323
106257921	0.500140996127735
106260611	0.50011673192976
106261200	0.500976641662151
106263651	0.500231439515021
106266171	0.500144031395128
106267930	0.505345756818088
106268391	0.501579472625624
106273130	0.500291429332154
106275060	0.500437462260594
106277161	0.500338598618089
106278331	0.500179399164007
106285411	0.500375249693953
106286820	0.500189005647129
106297101	0.500193587219284
106298271	0.50082496076798
106298681	0.500205996218665
106304471	0.502552992168861
106306401	0.506714330813489
106308041	0.500154833855395
106309330	0.500185221202916
106313421	0.502902319394531
106313540	0.501033694841909
106321491	0.501155210529853
106324130	0.500221614322615
106324480	0.50047513197487
106327691	0.500140152125735
106328391	0.500125891262322
106332891	0.500159713344148
106342601	0.500149493449131
106342721	0.544891664873634
106344890	0.500128234448502
106350150	0.511411215218625
106350791	0.500144466499029
106352550	0.500133372300178
106359621	0.500122554696235
106361201	0.50015200286257
106363011	0.500320171982361
106366461	0.501466957185878
106369501	0.500315378356794
106371081	0.504940322577539
106372080	0.500454481637781
106381901	0.50014845592311
106396231	0.500178806271435
106397870	0.500194619581163
106403720	0.500716608430177
106404540	0.500131235949122
106404600	0.501291188740524
106406111	0.500270030391396
106407460	0.500449618374288
106410150	0.500165915108326
106416291	0.500695816039161
106417221	0.500128710888745
106420911	0.500172606252969
106421790	0.50013838957844
106422610	0.500152582158967
106423780	0.500125362263702
106425650	0.500497989484996
106427401	0.500268341663803
106428741	0.500166756904478
106428801	0.500158613534353
106434361	0.501567140996733
106434480	0.500151197466124
106436350	0.501158895643235
106439280	0.504220350887143
106440321	0.500137586107159
106443490	0.500146634713524
106458110	0.500168323511644
106471790	0.503204164516574
106474950	0.500594225114663
106483140	0.502771390237421
106486871	0.500935610369224
106489561	0.501019222926631
106490860	0.500235233791026
106497990	0.512397120437158
106513430	0.500187056624367
106514540	0.500408557447092
106515770	0.500618744987794
106516590	0.500127692500304
106535821	0.500499500058341
106543020	0.500839460372471
106546291	0.501752732214159
106548870	0.500188474897864
106550561	0.500171947340783
106555770	0.500125389954665
106556001	0.500157016707761
106556411	0.500303180668339
106562380	0.500625773976122
106566701	0.500317249689212
106569621	0.500135793759153
106569750	0.500285615397284
106571210	0.500187059185209
106572730	0.50014841769187
106576351	0.500111870425908
106578400	0.500123612034687
106592491	0.500173319241684
106594950	0.500153418916753
106596821	0.500139647277341
106597640	0.50058444510523
106598870	0.501190529459681
106604421	0.500223941337516
106612081	0.501194295153409
106625420	0.500738424213246
106630450	0.500277698542926
106632201	0.500205077429917
106634430	0.500435703785331
106635881	0.500140696598275
106636530	0.502470605670181
106639980	0.500713273060439
106651970	0.500152912388701
106652901	0.500518302500145
106654310	0.581728685692896
106654370	0.500386814436441
106661150	0.500341083828689
106666360	0.500377888968267
106666411	0.500220818247388
106667991	0.502540988982918
106672030	0.503931390575966
106672201	0.501551765268923
106700160	0.500379891255991
106705531	0.500624269143668
106706650	0.50054767273412
106709161	0.500558356076575
106737171	0.500150954449473
106737410	0.501553973294363
106739221	0.607568304437162
106739981	0.500148005350134
106741501	0.509788281023693
106749400	0.500675795389997
106754840	0.500136767664301
106755531	0.500128598750501
106762081	0.500325182785304
106763610	0.500173894835896
106764481	0.500411938829039
106769050	0.500227635385027
106773140	0.500119758776441
106773431	0.500120816037013
106773900	0.500144542471432
106776010	0.500446833950796
106776761	0.500204601590049
106776770	0.500404325520681
106780741	0.50105599692178
106782201	0.58509201699458
106792141	0.500162701385272
106793730	0.500182733680056
106794370	0.500711017404893
106795711	0.500155891766537
106811270	0.50015392326733
106817001	0.555779161061295
106817470	0.500186822270589
106819110	0.501726343912106
106840100	0.500156865391186
106844840	0.500155789570929
106846010	0.500125195948123
106852560	0.500141796487565
106854080	0.500130978194369
106855540	0.500150128654011
106867240	0.502685355530504
106871091	0.500254448569727
106876061	0.50131664578921
106879400	0.500135736460383
106879691	0.50014560035175
106880630	0.500482624473105
106883090	0.500178289123597
106884251	0.500155549642604
106884601	0.500183332977246
106893901	0.501130100082416
106901800	0.500614067235167
106902560	0.500158939247068
106902910	0.500195269165108
106903850	0.500145485289275
106907581	0.500322065237991
106910331	0.500138531957323
106911100	0.501413137357634
106925481	0.503068866397035
106930980	0.501196890726829
106934311	0.503465838793514
106934721	0.500226174056069
106939170	0.50184282638848
106943440	0.500295357269171
106947991	0.500247961145813
106951271	0.500154594242813
106951570	0.501517831673862
106952031	0.5011123529568
106952611	0.501087201315538
106954781	0.500313557975117
106956420	0.50022045667788
106958871	0.506974754362159
106970750	0.50190540066501
106970810	0.500130461690651
106974490	0.500297830972048
106976941	0.500151586838563
106983500	0.500330469612035
106984550	0.500145296283448
106989700	0.500215376965509
106991800	0.500185937930342
106995831	0.500198184346638
106995951	0.500449750118054
106997650	0.500131600047623
106998111	0.500151750220518
107000801	0.501624177694415
107005840	0.500162995571765
107007001	0.50058377954753
107008461	0.500768575341612
107013730	0.500692592161911
107014431	0.500116181471909
107020750	0.500169665365748
107022911	0.500275389667834
107023030	0.500132345264905
107023261	0.500140444032658
107025020	0.500536294922067
107026711	0.500524782119637
107029341	0.500110282433934
107031211	0.500526964020951
107041741	0.500556863522322
107052031	0.50019275775619
107058641	0.503095868002196
107059000	0.500203331648159
107059230	0.500371280331817
107059520	0.50016255717788
107064081	0.500270217230902
107066361	0.504230324987567
107075720	0.500160854721909
107075831	0.500139005517611
107077531	0.500313027588836
107081280	0.500249658963346
107083261	0.501495515875883
107084081	0.500193092221277
107084841	0.500129436465633
107086011	0.500138625035725
107094311	0.500238363746828
107096711	0.500198105297502
107098111	0.500118748329148
107098880	0.500275592725759
107101630	0.50015370470835
107123321	0.500133507127266
107128120	0.500206487073117
107128240	0.509079892348151
107128880	0.501764624626217
107131451	0.509139878045381
107134960	0.500191648726085
107147411	0.502165559028647
107148761	0.500121692780243
107149051	0.500716890858503
107151280	0.502779941050428
107152211	0.500637335242772
107152860	0.50060792629094
107153270	0.5019947992932
107155490	0.500872488488812
107158761	0.501272292705499
107161801	0.500230679236906
107164431	0.500898637641647
107167070	0.5001958192252
107169871	0.50153429091548
107187420	0.501394138030485
107191280	0.500332648257759
107193620	0.500326753956567
107200520	0.501423606039634
107200981	0.506865411426709
107203270	0.501571156018275
107205430	0.500146932430714
107206071	0.500233368081274
107206711	0.500265865480334
107207420	0.501276187383393
107215020	0.500202339131973
107216600	0.505394631053925
107216831	0.500135522196215
107219060	0.500568637264008
107226541	0.500337124057452
107231400	0.500150939529757
107235200	0.500137146730353
107236250	0.500233091118629
107236310	0.503336529615254
107236831	0.50080359834743
107241980	0.50012642455151
107242510	0.51999093312061
107250230	0.500183525807173
107257651	0.500298471630749
107261041	0.502273267182312
107264730	0.500146378113854
107268650	0.500298504856093
107268701	0.500170773270347
107274730	0.500122246630767
107281340	0.50012573282058
107284671	0.50034692856477
107295311	0.500159176961971
107295601	0.502057473843951
107298710	0.50014147077889
107299470	0.504509982048207
107299820	0.500280062272128
107300281	0.500354009315047
107300640	0.50032645611745
107300981	0.5005874123222
107311801	0.500897064302338
107317950	0.500404440445383
107324970	0.500210020509877
107328770	0.50020428830709
107330110	0.500198350578963
107334141	0.500274212956134
107334790	0.502537179386908
107336421	0.5002689360575
107344500	0.500463157624089
107352100	0.500118782847665
107360170	0.500167503835808
107375661	0.500160651862637
107380230	0.500137916304285
107385021	0.500227440543432
107388420	0.501261389257013
107390000	0.500154579418119
107391101	0.50011960707555
107393680	0.50030051847977
107398061	0.513032636600185
107404321	0.500121261937478
107406430	0.500138101947405
107412570	0.500832247150753
107414560	0.507984315907026
107417600	0.500144955802116
107421101	0.500183162643282
107423211	0.50050406207735
107423390	0.500429247485462
107423561	0.500124705426097
107424440	0.501311199949447
107431110	0.50018109012001
107431460	0.50407782681969
107432451	0.500659071604143
107432510	0.500122811787234
107433911	0.500152880842533
107448591	0.500118876415566
107450051	0.553546503419377
107455491	0.500207074804063
107458061	0.500157244224717
107466140	0.500135238333065
107467600	0.500219520442272
107475371	0.500146257699972
107484321	0.525921963297864
107486131	0.500776082653253
107487361	0.500185791401417
107500410	0.503982518168056
107503040	0.500153994788141
107508190	0.500149865584724
107508941	0.500131595768163
107514791	0.500146768606943
107522511	0.500262788342957
107524270	0.500236370680276
107526840	0.500807668736612
107528471	0.50020360477044
107531161	0.500147735654502
107533510	0.500610553602337
107533920	0.500145225194941
107537771	0.500128372535044
107540530	0.50014995357692
107541640	0.50011883364908
107547720	0.500117700124156
107551050	0.500132572548368
107551341	0.500985654428802
107553510	0.500269720216629
107555670	0.500701698065546
107555850	0.500656495948728
107557421	0.500225635662766
107561520	0.500528337815592
107561811	0.500200854492304
107564671	0.50012551987161
107564740	0.500452147863947
107567250	0.501093384608265
107568480	0.500563086585585
107572331	0.50063257189668
107574740	0.500352389068638
107586431	0.500192593679326
107593860	0.506385101566048
107606371	0.500162639960597
107607080	0.50394564459722
107607541	0.500154843070365
107609180	0.500112811468994
107618130	0.50496657517499
107618830	0.500156192234481
107620171	0.500131233299904
107621631	0.500248810286943
107629351	0.500177573463386
107629471	0.500189808622708
107639590	0.500428128240594
107644450	0.500159843283452
107645210	0.500126426681723
107645910	0.500295784006838
107647011	0.505224631431378
107648130	0.506569839644146
107652221	0.500223765205876
107653801	0.500159052468592
107654561	0.500136341932892
107655261	0.500135726261548
107656841	0.500363871598768
107664620	0.500197072047145
107665030	0.500172807505513
107665731	0.500210562694191
107667490	0.500135359097302
107678720	0.500215813448703
107680291	0.501665393579205
107680351	0.511825761870327
107687780	0.500236046285927
107690410	0.501257577302416
107691580	0.500213743267756
107692161	0.500138619109038
107692281	0.500160482507275
107692571	0.500129958568899
107692921	0.501033441394513
107693041	0.500138508304036
107694441	0.500223563410437
107697311	0.500148852820161
107707900	0.500305316159872
107715850	0.500397078257682
107718190	0.500215544373727
107720701	0.500151450683291
107728481	0.500505918753109
107729010	0.500125493976575
107733391	0.500131832464717
107737891	0.500130266529361
107744860	0.501470812645426
107745031	0.501903719008659
107763920	0.500123228739393
107764501	0.500242854543327
107769830	0.502384220759899
107771000	0.50037324372154
107771290	0.500927856872567
107772631	0.500410181263695
107774390	0.512124691754887
107775961	0.500162725337495
107781000	0.500167982068829
107783570	0.50014312733525
107790710	0.5005615284195
107791581	0.500224367916973
107794450	0.500117711399531
107800120	0.500222499027324
107801060	0.500142863596024
107801871	0.503027588404216
107804100	0.500119124000807
107805791	0.500167775015634
107809301	0.500317082024356
107811880	0.500161013833383
107813101	0.504731851072929
107816440	0.500491344222272
107818370	0.50032002932624
107819241	0.500169252973122
107819531	0.503741579122115
107820351	0.500280536747311
107820710	0.500962623775859
107825500	0.500161483136189
107825731	0.5001730260677
107825910	0.510250169241423
107840360	0.501490663879548
107848370	0.500194861038582
107850121	0.500644349527288
107852230	0.500206386068854
107853041	0.500140832817399
107855671	0.500451218395171
107856961	0.500126160389586
107862631	0.500130907565306
107866611	0.500179868164817
107867490	0.500172477430664
107872520	0.500129708974148
107872751	0.525727817104421
107877900	0.500142373284938
107878891	0.501004553527458
107880360	0.500208398916766
107887781	0.500131546487704
107891991	0.500165936262459
107899950	0.500118857326172
107901231	0.500203883141066
107902401	0.500359357683074
107902930	0.500204529299611
107905501	0.500389780269839
107911180	0.501236332641007
107916560	0.500228584542397
107917550	0.500147056705813
107923280	0.500178364798153
107928840	0.500304221682598
107930710	0.500172213115732
107932290	0.500805802978829
107936491	0.50023292617723
107936560	0.500938068623447
107942580	0.505912362980801
107942871	0.502217618051982
107946090	0.5001953542035
107950070	0.500138718925634
107951000	0.501039580525963
107957200	0.500130908325267
107958310	0.500210094581395
107962051	0.502498535416999
107963041	0.500166838408136
107964621	0.50078367478412
107967960	0.50018718402097
107983921	0.500127383271718
107987081	0.502915977960046
107987311	0.500175562655906
107988080	0.500287498755445
107992461	0.500769088234251
107993400	0.501571445831929
107996551	0.500280167112108
107996901	0.500159027455007
108003460	0.500149138090432
108006620	0.500290412042142
108007431	0.500245803748234
108019720	0.500127858521501
108024510	0.500269324445373
108025510	0.500133350832191
108030070	0.500418244061148
108032871	0.500200501353405
108036201	0.501674503831456
108040591	0.500319231321847
108047081	0.500574212542903
108047320	0.500301323534235
108048900	0.500376796833514
108065390	0.501222566295512
108067491	0.500158081742413
108072341	0.518279508485555
108077081	0.500349522686211
108081300	0.50049431676227
108083400	0.502013162728846
108087491	0.502996306361164
108093810	0.500503332061894
108099310	0.500129133391987
108103170	0.500208348127214
108110531	0.500174124498128
108121180	0.500999763540376
108125561	0.50030709850906
108132820	0.500157783086925
108133230	0.50017017156287
108145860	0.500166415992113
108152171	0.500547046546366
108170301	0.500222466438962
108172641	0.501858527254417
108172760	0.500169415071166
108176970	0.500310300721702
108179541	0.501689458676882
108192641	0.500184291039303
108194110	0.500229977684186
108211010	0.500366815732225
108224750	0.500521565538363
108224810	0.508238674407852
108228320	0.500191047410198
108234101	0.500850365695133
108239550	0.500204275112662
108243631	0.500144886155347
108257620	0.502478289140983
108264981	0.50013163542157
108281001	0.500592823829221
108285451	0.50193308001685
108287440	0.500127071650801
108294050	0.500397160852979
108296031	0.500181164109467
108300190	0.501191961185378
108301241	0.50020659560221
108301360	0.503443863623881
108303341	0.500176717414753
108307961	0.501646075516901
108308781	0.500135309161109
108314520	0.500147238296714
108314571	0.50017268926244
108314870	0.500536520312789
108318021	0.500348682306188
108318551	0.500686233214843
108319661	0.500823292820202
108322300	0.500146917339442
108325340	0.501138176971561
108325801	0.50087590192816
108326851	0.500295009557774
108329960	0.500127648842323
108333350	0.552043873154159
108334520	0.500325971560766
108337850	0.501906044330727
108338850	0.500146831545591
108339020	0.500147155539079
108339721	0.501461836836902
108343350	0.505660550281262
108352590	0.500205898925094
108354631	0.500309314080659
108357210	0.500172097076024
108358021	0.504605529872314
108362411	0.500144737566906
108363410	0.502699577151789
108365340	0.500178930074704
108367031	0.500219765936002
108378850	0.52376337533128
108385681	0.500222876163547
108386561	0.500644653223512
108387851	0.500134880429945
108388090	0.5001621453391
108388201	0.500240930941099
108394230	0.500284568199334
108402061	0.500172951154537
108404170	0.500146763932812
108408260	0.578164782360523
108409900	0.500902228210015
108414990	0.500249086327088
108416920	0.500146689035322
108417910	0.500785982955451
108420020	0.500159725765558
108423410	0.500140644170672
108428790	0.500152533835361
108428901	0.500194560299481
108429431	0.500535286567495
108442411	0.500516578749853
108442761	0.500295172161397
108451830	0.500577928701409
108452770	0.500196540368374
108455451	0.50014054870981
108455571	0.504156088850591
108458790	0.500483079300335
108462010	0.508719041574008
108477791	0.500141470256664
108482770	0.500147195664313
108482881	0.501363403831042
108487911	0.50037605343413
108494341	0.500356613912647
108502941	0.500166174999495
108513530	0.548425408290185
108519140	0.50020571946192
108523410	0.500299333704629
108526681	0.500404162653217
108527851	0.500165990544975
108531941	0.500171252947351
108537561	0.501079071326529
108538500	0.501412685375322
108544871	0.500170672492492
108553120	0.526079022796198
108575050	0.501536120245869
108575460	0.500946945613722
108581540	0.500181996712131
108582010	0.50040909160836
108583470	0.544164152481259
108585520	0.500288293256983
108586220	0.500376912087353
108598551	0.500194213403001
108602411	0.500242487537525
108603931	0.52055657383622
108605050	0.50067900012671
108610891	0.502327855271852
108614811	0.500127755557333
108615981	0.500176261028424
108618850	0.500185308736336
108619200	0.500175355147788
108621370	0.50017266807004
108621831	0.500153112468169
108630191	0.500345284643824
108634290	0.500198003762708
108641651	0.500480857729103
108642070	0.500234366148437
108643470	0.501062636992426
108652890	0.500682823953903
108656041	0.500587117523736
108667151	0.500558915055922
108667561	0.501300972632644
108670251	0.500181829071285
108673300	0.501158927860014
108688270	0.500148794802192
108702010	0.500146597149935
108708381	0.500165538149171
108708620	0.500628800254687
108709781	0.500138044673564
108731831	0.500168020682863
108732770	0.500378489203852
108746340	0.500369559233177
108759261	0.500319084945778
108763351	0.501601810121842
108765110	0.502173023970972
108771720	0.502120954668025
108775401	0.501630564222854
108785221	0.500244056762787
108801191	0.502606739880278
108802771	0.500203540396444
108807920	0.501087512643669
108859560	0.503505088543403
108862480	0.507470466611828
108876221	0.500115229716941
108883121	0.501250236084318
108885820	0.500494315474834
108886861	0.501233995168606
108897980	0.501518700577329
108905691	0.500699422177071
108905811	0.500394028383492
108911780	0.500202843170272
108926981	0.501617805980665
108934761	0.500211026848293
108935871	0.500127370639661
108943710	0.511575717950256
108945470	0.50022091181017
108946170	0.500579238788435
108956520	0.500157548335504
108960790	0.500483407692135
108962421	0.500504522180828
108962600	0.500297919679625
108967681	0.500162272011185
108967690	0.500263133622928
108976870	0.502479906564817
108979261	0.500323617897994
108980670	0.500121828310215
108981371	0.500186006070489
108986401	0.500220210209829
108987101	0.500944331988531
108991610	0.516707705838112
108997801	0.502116905238977
108998220	0.500180040900605
109005470	0.500152358189266
109019270	0.500170821116329
109028040	0.500346991966009
109036221	0.500171762658139
109043121	0.500160399310678
109049390	0.500125813198675
109055111	0.500172210456552
109057451	0.500685310889344
109058911	0.500142787621161
109067451	0.500258945663091
109073660	0.501194872980458
109085760	0.500320244177706
109111140	0.502681977500086
109114830	0.500131056637667
109115530	0.500151965688545
109115871	0.511601955523319
109118391	0.500151853120336
109135410	0.500344861912791
109139151	0.500501047730945
109139800	0.506314186989514
109145470	0.500899635108325
109150141	0.500424206258813
109152131	0.501160617152273
109169621	0.500776638596038
109170910	0.504207065879138
109171260	0.500185514230287
109175530	0.500216693035511
109180731	0.500610199267154
109181721	0.500910204154003
109183370	0.500245960112527
109193370	0.500826163817023
109203190	0.500326096323796
109218160	0.500451421338459
109220321	0.506584285167779
109221730	0.5001387396074
109233660	0.500196923551411
109234941	0.500135561823394
109242251	0.538012530534193
109242610	0.500133989317358
109243071	0.540281524007866
109246811	0.500623392834811
109248041	0.500125794154489
109248280	0.50015684422394
109251380	0.500630508522742
109257170	0.50012473896512
109257640	0.500310083161004
109271380	0.500270372505549
109272260	0.500167578009245
109272550	0.501322932447355
109277691	0.505530359697039
109282721	0.500132224658575
109290381	0.500172702672817
109291261	0.501497520023293
109293891	0.501802044893687
109294010	0.500450747499381
109297640	0.500151349625316
109298391	0.550226321451881
109307110	0.500234409014589
109321431	0.500249671425143
109336991	0.500359680069898
109337981	0.500121962032111
109342021	0.500479092446324
109348050	0.500164634061252
109349681	0.500402636252328
109350851	0.500476318533189
109355701	0.500457606585678
109356180	0.500229250286
109361841	0.500176219240144
109367461	0.500560038657587
109373541	0.500116939796002
109373840	0.500137368304352
109378460	0.500606065723779
109379561	0.500180873160309
109381970	0.500185265577335
109388810	0.500313410159791
109391500	0.500306642079972
109392251	0.500210590211045
109400620	0.500127508821887
109405821	0.500127092786369
109409041	0.500938601115542
109413550	0.546194022956027
109415001	0.500386411707393
109416060	0.501952637417386
109416171	0.501091240801494
109420091	0.500633014833261
109424831	0.500237218360933
109425420	0.500207494704316
109427640	0.500131311404294
109430381	0.502731038587893
109434890	0.500522654866916
109440151	0.502750098210017
109445001	0.501834846368319
109455420	0.500311790384102
109457691	0.500281735896917
109464651	0.500603208178428
109467461	0.500168716278925
109477461	0.500377249191348
109477931	0.500767249909506
109479340	0.500133268742373
109482781	0.50019085925036
109487640	0.500598633104559
109495710	0.500154809304797
109500561	0.500142838807457
109507000	0.501192424270646
109508990	0.500280518001535
109509511	0.50020315213122
109510561	0.557352405273051
109519220	0.500293923955961
109523490	0.500182504921998
109526470	0.500719892236036
109536590	0.500114816112125
109541090	0.501463500347906
109542021	0.512823206872218
109542030	0.506354237282603
109545950	0.500191165761998
109562841	0.500151784411732
109563550	0.500194472727347
109566120	0.500195018272461
109573080	0.50020036245588
109573610	0.500130435161261
109576231	0.500476125284938
109579741	0.500198648946316
109580220	0.501298890162272
109588691	0.501995186869905
109588870	0.505164895291148
109595121	0.500280385019816
109597931	0.505056424345486
109603191	0.500280537883764
109606701	0.5009498608075
109607290	0.501376240408392
109609101	0.500326933703589
109615121	0.500158467389869
109616411	0.500162236645399
109616650	0.501440411174857
109621560	0.500132929557207
109623021	0.50214249927067
109627410	0.502756835131948
109629451	0.500379816391636
109636360	0.500201354590989
109648221	0.5024426588589
109648691	0.500288357374306
109656291	0.50947224976826
109658990	0.500139336952297
109664771	0.500138905890221
109665531	0.506468869451657
109666240	0.500134255407615
109681390	0.500179275557394
109683491	0.500807157913472
109687880	0.500241120340602
109703311	0.500741461036916
109704421	0.500572640521623
109751680	0.500147222364456
109755190	0.500174277327254
109760861	0.500784291048782
109769340	0.500156563534402
109797411	0.50013868953145
109840570	0.500130723810549
109847061	0.500341294652188
109850280	0.500185838334251
109855310	0.500162070000623
109859631	0.500271929473472
109859640	0.500287256575409
109860861	0.500148643623628
109881100	0.500768725252577
109883431	0.500118837746222
109883781	0.500145572285586
109886360	0.502443088840438
109887590	0.501158376788175
109890161	0.500760952785492
109892150	0.502335055248143
109908991	0.501762054990715
109910391	0.500248135213823
109911980	0.501078805597999
109913491	0.500172139718331
109916830	0.500231594247833
109919051	0.500138660090263
109922270	0.500849336968694
109923850	0.50094802777611
109926531	0.500160999685546
109929230	0.500393273631383
109930280	0.500168518769772
109933961	0.501306276956255
109936540	0.508606438570726
109940391	0.500133340967501
109942381	0.500129703945794
109950981	0.500157920017888
109951331	0.503491638096057
109951561	0.500159190167182
109956250	0.500117299046783
109962330	0.500171736049135
109963500	0.500153061520413
109975080	0.500186756126569
109976181	0.500257690138508
109989281	0.500269622089629
109989751	0.506117025018262
109990801	0.500129792636826
109990810	0.500109224166931
109991690	0.502211203309024
110010221	0.500236246132853
110020930	0.50011347003622
110021271	0.50017962970239
110030631	0.500361134399789
110032390	0.50013587978209
110040511	0.500137873984249
110042800	0.50012686510228
110043201	0.500775145745011
110045831	0.500517532385106
110045891	0.500882474781065
110050981	0.500163456294692
110052211	0.500145243699631
110052851	0.500161880189361
110055071	0.500148920654563
110057531	0.500829744988767
110058001	0.504255112299341
110060921	0.500201616934246
110062031	0.500420750028768
110062860	0.500251981357356
110063620	0.500664896058702
110066771	0.500235437408454
110067121	0.500113269948776
110072860	0.501604630397552
110073620	0.500423419587757
110090110	0.500325009690409
110101041	0.501135658765536
110102271	0.500505187382844
110103791	0.502472524703243
110107121	0.500184405837774
110109401	0.500174485285122
110110631	0.500255540979495
110111160	0.503573445231799
110111681	0.500587982601307
110114030	0.500524844196578
110114551	0.504330190353426
110115661	0.500166569424805
110120810	0.500436068674197
110122441	0.506890901025596
110125430	0.500144437944212
110126190	0.500184295489352
110126771	0.543243610082245
110127130	0.501812807330884
110134021	0.500420921353413
110134320	0.500386609496008
110136780	0.511692282834277
110137591	0.513582160286955
110147651	0.500127429021092
110154030	0.500127777780858
110155371	0.500122251153326
110159700	0.500369942737894
110161570	0.5198465961444
110162570	0.500197229153223
110171101	0.500320968009447
110171451	0.501427530333596
110175191	0.50015670599825
110181571	0.500191903538893
110185140	0.500168573638023
110185200	0.500563691831821
110189760	0.500124587296685
110197480	0.501221662090086
110204090	0.50459622268318
110207830	0.500431931206728
110208411	0.506699988943404
110215251	0.500508927207584
110218701	0.500127331473864
110225550	0.502012572958534
110229461	0.500814008628933
110236370	0.505169297577215
110243970	0.513602861401632
110244790	0.500459709065461
110251400	0.500160642226945
110251810	0.500430379621771
110257480	0.500410105698896
110260580	0.500830179061667
110268471	0.500213887396676
110269060	0.500140194248054
110278300	0.500156734811421
110280930	0.500532245578003
110287241	0.500585619898734
110287830	0.500212021935188
110291161	0.501497930442769
110296421	0.5158662557771
110303441	0.500149116891035
110304961	0.500147752379714
110304970	0.500206078895136
110307651	0.500133429086843
110308941	0.503440185308298
110319231	0.500246344235571
110319410	0.500149657972251
110323381	0.50137720910338
110324551	0.500819176319373
110325431	0.500134419317895
110330521	0.500164816622679
110330700	0.500443754788129
110332331	0.500123034724557
110348881	0.503747719892774
110356780	0.500211936369013
110359291	0.500160546883733
110359530	0.500162645206188
110371341	0.500203758779986
110375670	0.500863531762483
110385961	0.500158372137949
110391050	0.500507137507693
110399351	0.501134312507474
110401751	0.500663181974505
110409231	0.500254143859517
110411221	0.500164654344345
110411930	0.500130442984501
110411990	0.500124217324406
110414961	0.50016231350843
110420060	0.500116874698823
110431050	0.500197845071726
110431110	0.504470285457561
110433151	0.500146584201539
110436020	0.500143476477084
110436200	0.501819167971461
110439821	0.500217787146771
110440410	0.50028052528289
110447831	0.500153395459878
110450401	0.50015686381374
110450641	0.505155151553351
110450880	0.507267976088349
110452630	0.500314908636635
110457481	0.50016180428544
110461050	0.500371126678694
110464910	0.500114335097076
110472391	0.501621370755483
110481170	0.500352759356229
110481811	0.541760973996299
110482101	0.500367076199144
110484680	0.500212217437628
110493331	0.500301186076033
110496431	0.50079149404052
110497131	0.500257102890821
110502391	0.50013081873333
110507071	0.505570362060275
110512981	0.500471896217517
110513681	0.52531160690308
110519701	0.500182205496719
110520940	0.500170491313359
110522801	0.501869371315742
110537720	0.500301323956509
110541290	0.500177086589629
110541631	0.500124878160228
110542801	0.500168962481194
110548600	0.509794739293047
110555491	0.500362966270375
110558130	0.574578081644024
110561341	0.500219819807664
110561640	0.500532228631359
110569761	0.500132063773953
110576670	0.500167758991053
110579770	0.50034190947573
110582050	0.508497621398261
110582981	0.500342054425197
110584860	0.500481165783006
110585790	0.500203632896673
110593041	0.500146577000066
110597370	0.500150564020153
110600701	0.500767969871061
110600931	0.516057813171502
110601751	0.500489420928839
110612810	0.500205668525454
110614680	0.500170109685778
110616730	0.502061673969452
110617140	0.500121536861234
110622861	0.504037113852705
110632451	0.584726420110201
110636901	0.501052476362753
110637140	0.500154645708841
110637840	0.50012443886814
110641521	0.503751882348744
110642221	0.500212023328374
110647430	0.500653894399723
110661820	0.500277538512231
110662930	0.500229771156316
110667251	0.500114786989152
110670880	0.500211730500349
110671401	0.50020829651028
110676081	0.500265927780903
110686380	0.500498067810207
110692870	0.500193147914908
110692921	0.500208445223042
110696440	0.635601705881719
110696790	0.500277406816541
110698660	0.501741868752364
110700470	0.500153317830953
110705500	0.500272396895184
110706790	0.500944576311335
110711060	0.500760715405947
110720471	0.532647832195531
110720991	0.500186982188144
110723980	0.500173623305282
110725851	0.518739042010666
110732221	0.500322899727541
110736670	0.500323780724193
110742290	0.504134728252331
110746790	0.500221049257154
110752341	0.500213902562954
110752520	0.541414384364375
110753690	0.501906899189546
110756150	0.501231987775928
110757021	0.500138767328976
110758481	0.500220375606256
110760061	0.50016593156598
110772341	0.500207385186499
110776670	0.500148108630677
110776730	0.500581066174749
110776850	0.500135094077599
110777960	0.501194066085616
110778541	0.507316954021244
110789950	0.500136588995289
110805731	0.50331268268694
110806440	0.500206228123858
110808430	0.500218350357267
110809890	0.500115666441179
110812631	0.500136331159611
110813340	0.50096007399552
110821291	0.500962788444959
110822230	0.500308939228038
110826500	0.501422813530563
110828020	0.50026404298631
110832700	0.50018556200349
110833460	0.500455282477194
110842350	0.500181060718232
110843221	0.500194682224347
110846150	0.500230290861285
110853511	0.500191957172289
110856671	0.539416672565912
110861530	0.500300373516122
110863460	0.507074606546156
110868140	0.50123592132341
110869421	0.50041099482683
110871760	0.500358657743111
110872051	0.50020608242067
110873460	0.5006807766211
110873631	0.500143262311758
110874391	0.500374433981007
110880420	0.500434023987508
110881820	0.500148324608029
110891590	0.504825428251606
110898131	0.500591387256075
110911530	0.50024333837297
110912290	0.500506477752431
110919660	0.500136460577965
110921650	0.501610981633061
110923460	0.500169515445267
110928251	0.500246157866655
110929600	0.500555599869613
110930471	0.50017233280619
110939301	0.500370380710764
110944220	0.500265558277339
110944741	0.501856633056778
110945621	0.500118560824935
110947371	0.500348775595653
110955091	0.5005575202895
110956680	0.50020967044028
110960420	0.500132434397665
110961761	0.501525927039062
110964861	0.526649573988689
110972111	0.500643640675023
110974741	0.500401706985788
110984391	0.500296084121103
110987141	0.50019145960796
110988251	0.500144029551095
110988430	0.500166536902417
110990881	0.501467353936527
110995911	0.50110326571695
110995971	0.500395031428818
110998371	0.500196602250147
111001351	0.50016860694367
111002401	0.500400881551922
111006620	0.500567149077188
111007500	0.502197823102853
111013520	0.502058901353089
111015681	0.528230727261733
111021530	0.500730710062103
111022000	0.50050404064616
111023050	0.500215741477456
111024810	0.501448338199375
111030241	0.501408565880141
111034280	0.500146364857728
111034570	0.500144490021007
111036330	0.500189942329981
111036381	0.50023236749064
111036910	0.500182625047389
111043401	0.500154506415727
111048140	0.501591129778227
111052581	0.500140184776019
111053290	0.500831989727562
111061360	0.500133706879532
111063700	0.502425032525193
111066791	0.500148462456977
111068371	0.50028186522858
111069430	0.500143853546329
111069951	0.500230100057001
111070830	0.500145263507872
111075271	0.500149593571335
111077790	0.500486135473812
111078721	0.500301333125072
111079831	0.50690479915582
111080121	0.500339458089408
111084870	0.500822379326421
111085100	0.500576349169529
111085971	0.500680748542658
111091821	0.500260794422483
111098371	0.500136533900052
111098550	0.500190502050779
111105681	0.500132013775492
111111420	0.501001038122181
111112060	0.500299052447271
111113281	0.500189200988665
111118021	0.500130787982469
111121881	0.500370993121265
111131420	0.500133194855966
111133871	0.502970750100018
111145630	0.502862401385251
111146441	0.500144249228181
111147910	0.518305157323486
111148491	0.500166633389
111152180	0.500351915844927
111155971	0.502017004617112
111156450	0.500145621667749
111162641	0.511229853612401
111165980	0.500116974951708
111174451	0.502371744894441
111179191	0.500294110595868
111179430	0.500774823249011
111180310	0.50712596582368
111180771	0.502347303260978
111187731	0.501838481765408
111194110	0.502097717546272
111194281	0.502939079409034
111196911	0.500169183622211
111197901	0.500491204768669
111201480	0.500214244612152
111206621	0.500223165585725
111207201	0.500390897095775
111208021	0.500355461380371
111208380	0.50110294206387
111212410	0.500138795515624
111216330	0.500244332366079
111218721	0.500565941645358
111225510	0.50042670802304
111232001	0.50018421417809
111233700	0.500204211061588
111234580	0.50012494347863
111235690	0.500215857931828
111237731	0.500126001930577
111242470	0.500246225538709
111245340	0.500190080377757
111248081	0.50014007756233
111249951	0.592562854258939
111250600	0.500279025217468
111252411	0.500378660791566
111261890	0.500413174795005
111264281	0.50020748926781
111267500	0.500266856690282
111269430	0.500138801313505
111269550	0.500332489322614
111272530	0.500195868007861
111276100	0.500130892218817
111278610	0.500131754702519
111280481	0.500109341838424
111289840	0.50016278912663
111290131	0.500284154884562
111293760	0.500147971341454
111295630	0.510706846990598
111296860	0.500165075175141
111297791	0.500259878953595
111298611	0.502623368928532
111299260	0.500332535996603
111302120	0.500147602564125
111304110	0.500192644802112
111305161	0.500480611868631
111309840	0.500696967728916
111311181	0.500271582673019
111312231	0.500132183879036
111313760	0.501126876094054
111330361	0.500168447144176
111330370	0.504137129871019
111332641	0.500158303345469
111335340	0.500209501796328
111343111	0.500676048337139
111349140	0.500316831534788
111349200	0.50334084408529
111350831	0.500125117670369
111351881	0.511261951807945
111354870	0.500130597383915
111356220	0.500120399161886
111358320	0.500885286933311
111358901	0.500145413092249
111370541	0.500885881996506
111373350	0.50014018386397
111378261	0.500270640389486
111378730	0.500207717125631
111381361	0.500772225644792
111382471	0.500217324484558
111385801	0.50072252642182
111389260	0.500224363219029
111391830	0.500144950406637
111394461	0.500181490199553
111396920	0.500289468814626
111398551	0.50022742841813
111403940	0.500437828732956
111405050	0.500778009231699
111408790	0.500132306649091
111409670	0.500165537413906
111410771	0.504214851289794
111414221	0.500251878049313
111415520	0.500146556071229
111425460	0.500167594916474
111430370	0.500585693299055
111431540	0.500200551537597
111435750	0.500221473079325
111438560	0.507798052897145
111438970	0.500172931772859
111452420	0.50014237829343
111455981	0.500205187805674
111456801	0.500186895930271
111462070	0.500200584307355
111468910	0.50836938272624
111476980	0.513296680394857
111489021	0.500330524802787
111499721	0.500117426924673
111500900	0.500239875904561
111505340	0.500265303818882
111506331	0.502699351704238
111512070	0.500542631641763
111513001	0.5003839311058
111524060	0.500263421304852
111532651	0.503029488319729
111534290	0.500160792674981
111542121	0.500248818421496
111544111	0.501287815351095
111544290	0.500400640572321
111548560	0.500242716575426
111554341	0.500255802586614
111556220	0.520591844958281
111562360	0.500356233683293
111562830	0.500155272852896
111565751	0.502438958637198
111568201	0.500154379270959
111570601	0.501836346443128
111580780	0.501243140546586
111587860	0.505474240238975
111588441	0.500169164755067
111588620	0.500144723633157
111591660	0.500665882077393
111597561	0.500286300491326
111599030	0.500128319024229
111603001	0.500158153303268
111603120	0.500133280644675
111603710	0.500191304580391
111604231	0.501640796835615
111605930	0.500125247061167
111613120	0.500227361394703
111617501	0.502513250556251
111624470	0.50016718265372
111633821	0.500158497813973
111639380	0.500151737801231
111653710	0.500190889121577
111655520	0.50064036015177
111664760	0.501663347399596
111667681	0.500141981855578
111691020	0.500520624181449
111700260	0.500842047951362
111700730	0.500530524951642
111701541	0.500130259065003
111703881	0.500210458999805
111707450	0.500145792505269
111714000	0.5001337246699
111715640	0.50153896805405
111727561	0.500172490752754
111730200	0.50013390354271
111737621	0.500391999954338
111737801	0.50012053691821
111754760	0.564160541691114
111756101	0.50817820799689
111757280	0.500274356047667
111761421	0.500150187591497
111771191	0.500213476506829
111771421	0.500130369304915
111776981	0.500150251029076
111786170	0.50036931816917
111786451	0.593561821533102
111790311	0.500163058117145
111792011	0.50038031288668
111796161	0.500135233376564
111803300	0.500228886354177
111804590	0.500417270275329
111812771	0.500152999996409
111815230	0.543063239573339
111839970	0.500138921836352
111844351	0.500174899283985
111849731	0.5006810316684
111852301	0.500147731492911
111854120	0.500154985568583
111859611	0.500604388880024
111859961	0.500358376891797
111860850	0.500138026077013
111863770	0.500173116160673
111864940	0.50015560148551
111866161	0.500146429703531
111870201	0.517374280111854
111870730	0.500307675780389
111879150	0.50117926430697
111882131	0.500116512040895
111882370	0.501969451180813
111886580	0.500377102590624
111887511	0.500436889988171
111895060	0.5006183671418
111898151	0.509893542707933
111898681	0.500145069177431
111898920	0.500200014073616
111900491	0.500917923089364
111906401	0.500196034631652
111906460	0.500351086561689
111908211	0.500531111085948
111914351	0.50013608207529
111918220	0.500157852515683
111919731	0.501560709764016
111920841	0.500308131513874
111922600	0.500131145214388
111927041	0.500159860525753
111941371	0.501283750221767
111947280	0.500133369737496
111947921	0.500322390526898
111955530	0.500151652210096
111956170	0.50017466103148
111959680	0.500256952616102
111965760	0.500141752396272
111970551	0.500454857502898
111979031	0.500136407250197
111979270	0.500144937409512
111982020	0.500419318703707
111983941	0.500164907479905
111987110	0.500191962756082
111994180	0.500286082762341
111995180	0.502479511757788
111998741	0.505400584846715
112000841	0.500473543532209
112009031	0.500146211946321
112009381	0.501025670406046
112011371	0.50031978344657
112012011	0.50030479424869
112012541	0.500205374515143
112015180	0.500341814613514
112015410	0.500416517612352
112022140	0.500164371688643
112026230	0.501053713698427
112027221	0.500224375098009
112035291	0.500137448349347
112035820	0.504511647718415
112041200	0.500154579697693
112041841	0.500536143695111
112043480	0.500262150136113
112052191	0.50029514651021
112052951	0.505992767540723
112057050	0.500598621755498
112059151	0.500967814905394
112060790	0.501359541078234
112062251	0.500213221358368
112063250	0.502659897402621
112065820	0.500170743486914
112065940	0.500315892794574
112066811	0.500250260113225
112070611	0.500163799025204
112071670	0.50441521369902
112080560	0.500404638132259
112090790	0.500133252344083
112109911	0.521883952914757
112113950	0.508069471803399
112115940	0.512136535379213
112116290	0.501069310435147
112123011	0.500551085934461
112125761	0.500157694958257
112126341	0.500131687652555
112140850	0.50024814435437
112144770	0.500438841986005
112148400	0.500303889673225
112153600	0.502487032463247
112158391	0.500196560119541
112167580	0.500221666337576
112170031	0.50022409207288
112172840	0.500509551304268
112174181	0.500870148380281
112176470	0.500360390950085
112178101	0.500142769668433
112179091	0.500542043923457
112179441	0.500162586143506
112181021	0.500384056506088
112182721	0.500159001088665
112184480	0.500595729503562
112191670	0.500195769572549
112195471	0.500625009605022
112212840	0.500192655205118
112215061	0.500138630146785
112216871	0.500505356826835
112217981	0.500233919575196
112230501	0.500323815713392
112234181	0.500511478608971
112235411	0.500149721540097
112236880	0.500474311583175
112239100	0.50013910349515
112240671	0.500129121468593
112242960	0.502036250454585
112243660	0.50067658496713
112245471	0.500661207835498
112246120	0.500183416261706
112249510	0.50026464164875
112249860	0.500173668781001
112255360	0.500147452805409
112262311	0.500151353421237
112264301	0.500208916076816
112270040	0.500238809909434
112271910	0.500215252684625
112277700	0.500358773739956
112277811	0.501962107715936
112281081	0.500118284269592
112284130	0.500233366907153
112289280	0.500122330008487
112291261	0.500233409655941
112294070	0.500181610290084
112296880	0.500170525612811
112300501	0.500338797269343
112306350	0.502081142184279
112307170	0.502555764745963
112309151	0.50084524195952
112309681	0.500377686001475
112310740	0.500155210451683
112311790	0.500745921318438
112313020	0.500151809570701
112324011	0.500409936474939
112324941	0.500368082979076
112330390	0.504098673901722
112330620	0.500598708232232
112349860	0.500130016348345
112353131	0.50016872294479
112356581	0.50020264789883
112357170	0.500144587110115
112364651	0.500253462224619
112365061	0.508169860056883
112371850	0.502254341947798
112372550	0.500133756551825
112377580	0.500171476179482
112382670	0.5040783573628
112391671	0.500518321437158
112391791	0.502966183542996
112409570	0.500151017805316
112417521	0.500356749448452
112429271	0.501983077426275
112429801	0.501293964156617
112434250	0.500156124433282
112444780	0.503032141464122
112451381	0.500286280321161
112454950	0.50067942669831
112457470	0.500484823239111
112458640	0.500252420324246
112461850	0.500747767317714
112464950	0.500113955260816
112466470	0.500144538256874
112466710	0.500359707916984
112467120	0.500125730863746
112468341	0.500180517186831
112473251	0.500237628690141
112477000	0.500322029622267
112479801	0.500162699726627
112486880	0.500260818047849
112487521	0.500125032334982
112501611	0.500172016464466
112501620	0.50036859138373
112508281	0.503085079818623
112514071	0.500531826977993
112514771	0.500688510850243
112515241	0.50015059468018
112518341	0.500614560929432
112523490	0.500307000571081
112524831	0.500244873743671
112525130	0.501794765342815
112531680	0.500144532440735
112533371	0.500149690296586
112544020	0.500347094683
112549690	0.500113995202234
112552551	0.500146711597839
112553431	0.500149743531661
112555361	0.500181083053878
112555420	0.500186601878643
112557760	0.509289714458557
112557871	0.501413839981407
112558691	0.50098331689764
112560100	0.501250031413092
112562961	0.500124290090968
112563601	0.500183710637431
112574771	0.500344841213488
112578691	0.500153923265597
112578870	0.500264352997023
112579750	0.502845836093569
112580860	0.500133201852085
112583431	0.500211870712741
112586061	0.500189150645645
112596300	0.500231778510855
112599340	0.503005069665695
112605651	0.500429064297881
112607590	0.500127066156237
112612141	0.500433084339551
112616411	0.500130652228371
112626240	0.501262348543194
112626471	0.500363765338811
112627641	0.502158703838357
112628930	0.505008019367534
112631390	0.500182314337004
112634831	0.500189139670783
112635711	0.500133695842072
112639451	0.500209875168734
112641731	0.500212017538517
112644430	0.500149107302036
112653610	0.50018014114427
112662321	0.500446657826916
112663311	0.500173976920939
112669631	0.500163382240366
112669861	0.500129739926376
112675600	0.502342799886963
112677001	0.50049793641174
112677940	0.511292321803766
112679101	0.502249617818272
112680271	0.500437438531328
112680570	0.500156032475224
112684071	0.500128682185634
112689050	0.500167769749581
112693320	0.500200149272233
112698290	0.501122063938592
112698341	0.50013326159007
112702560	0.500657279066813
112708230	0.500566459484467
112709691	0.50783737763041
112715011	0.630711679565089
112715600	0.500151191839904
112722210	0.502189499778878
112722381	0.501191118721119
112722440	0.500230515042432
112729631	0.500726925203212
112732210	0.500235573966965
112741330	0.500136459964201
112742560	0.500166182090828
112743260	0.500146389950522
112744550	0.500504941900751
112749110	0.502596864648923
112751851	0.500127552051953
112754951	0.500857840226344
112761681	0.536196711743442
112763670	0.500120377015115
112769110	0.501241070416126
112770280	0.500770235813304
112778700	0.500505219875435
112784191	0.50020897975973
112791211	0.500442616840392
112791570	0.500157227782468
112793440	0.502640872936303
112793910	0.500445845598294
112795131	0.50024393624877
112800161	0.500615421076677
112801331	0.500418294230982
112803141	0.500256162867147
112808290	0.500463065195656
112809341	0.51676542423959
112811211	0.500910068950103
112821911	0.500160438737178
112832970	0.501074238727762
112833261	0.500613914801705
112837360	0.513329229683272
112843201	0.519934545186921
112845020	0.500178660954552
112847010	0.500222650381315
112852321	0.500119801401404
112855370	0.500130883677618
112855771	0.500509963486767
112855951	0.500698610674666
112861911	0.500120624243596
112863841	0.500582647868929
112865840	0.500177076448543
112865951	0.500733987865612
112875421	0.500126572624678
112876941	0.500140913204774
112879691	0.500242283932368
112880810	0.501885158698201
112882040	0.521865126319837
112889691	0.500171771364317
112896421	0.500157534476997
112898940	0.502143847858843
112906941	0.505734875322287
112915481	0.500385252434611
112916130	0.500207123363062
112916361	0.50593368217846
112919000	0.500131560922983
112919341	0.500127605503414
112920810	0.501080895622971
112921211	0.50022535936028
112921271	0.51105273888877
112924670	0.500120228863486
112925421	0.501388650360298
112936241	0.500200315274478
112942740	0.500178891447938
112949410	0.500149179003206
112949700	0.501425198614833
112950511	0.502353765359537
112953551	0.500247322159663
112953970	0.500369615575403
112962100	0.500633964220677
112962501	0.500195012664697
112966250	0.500395583066222
112966540	0.500654960863977
112967650	0.500227959303573
112975720	0.500215058248046
112982510	0.500357651003758
112983261	0.500172278652937
112989410	0.50029441498465
112991630	0.500181713624825
112995370	0.500136924523046
113007300	0.500150742394932
113021630	0.500192233820858
113022151	0.504699871311459
113022621	0.500205368815062
113025960	0.519833246367132
113031451	0.500135556081303
113038240	0.500915061987777
113038641	0.500155240552021
113041340	0.500421825417372
113045311	0.500131902530843
113057531	0.500154102059863
113059470	0.501486113541235
113066780	0.502801154842945
113069521	0.500167765550275
113073261	0.500219496839845
113088061	0.500354320709975
113089410	0.501076507094403
113091630	0.500657518578647
113092681	0.500203435060396
113095781	0.514525191751937
113095840	0.500190552999561
113096370	0.505871076803856
113096430	0.500159725254338
113106951	0.504614456409591
113109760	0.500221244949976
113114090	0.501430374559412
113117130	0.500286443846161
113123390	0.54119578986368
113129760	0.501297396893093
113138351	0.500140943715605
113139111	0.500141576253953
113139581	0.506464173544937
113141921	0.500323675653862
113148001	0.500162837240647
113149291	0.505085634977934
113151280	0.503297471410831
113154320	0.500125436544674
113155730	0.500212767783212
113156191	0.500152788264662
113159111	0.500706555885727
113162800	0.500140273407551
113163800	0.50013557618726
113180811	0.50060707801071
113181511	0.500269943001407
113186370	0.50014769114461
113191571	0.501729949873327
113201810	0.50262831823244
113207600	0.500143089233914
113211631	0.500184845195682
113216080	0.500173529518806
113216131	0.575280664197662
113216310	0.500156415585139
113216900	0.500286376518855
113218070	0.500310403932822
113219880	0.524410275087502
113226370	0.500339989228598
113230700	0.500212970512967
113238710	0.500200248814634
113239650	0.501528590509179
113245781	0.500142009828226
113247540	0.500202377974904
113247711	0.500164517991039
113255380	0.500171581836836
113256191	0.502268526744882
113256900	0.500210204089381
113257190	0.502686933814959
113261161	0.500164312192287
113261750	0.500882452304719
113274321	0.50018350934546
113284731	0.500338346200383
113286721	0.500596997889564
113287301	0.500842807927359
113297481	0.500196066136824
113302801	0.500323364295595
113303971	0.50053949655704
113307421	0.501167837740606
113310000	0.500165580508194
113311990	0.500600945973956
113312271	0.500297214142538
113322280	0.500442722712469
113330820	0.500238098320595
113338531	0.503289250449526
113342160	0.503355688025857
113347481	0.501299411107696
113357071	0.500257265135778
113357421	0.50016187927114
113360111	0.500139676533767
113360120	0.500185832606323
113366490	0.500609484254486
113367481	0.500233684418886
113367711	0.500249180682785
113374910	0.500329118233871
113377771	0.500810804307177
113385141	0.500195749760758
113387020	0.500218626028057
113390931	0.509932271520297
113396670	0.50013623431284
113399360	0.500480931531982
113417481	0.500213114753902
113419471	0.500145764331587
113422741	0.500192785443976
113427771	0.500150487818998
113431631	0.500351666169016
113442810	0.50259030455716
113447020	0.510729006330732
113449650	0.500241369929552
113452870	0.500238075814945
113454151	0.500121015286934
113455970	0.500182449566492
113458130	0.500833231606338
113461170	0.501182950019946
113463510	0.500145676124528
113474680	0.501069370045204
113482511	0.500609542618794
113485961	0.500123601262952
113488361	0.500318172948596
113491290	0.500249279603945
113499531	0.500978783381606
113503280	0.500193407260324
113506661	0.506555948291883
113510000	0.500661444813845
113511580	0.500115980181119
113518310	0.500391652019821
113528651	0.500197880130105
113528771	0.500156387866267
113530240	0.500813207173881
113531760	0.500320707276261
113533391	0.500354703368838
113537080	0.500290180519899
113537840	0.500380042211993
113550470	0.500265944386635
113552511	0.505927514934349
113557840	0.500743005126015
113571691	0.500110441108346
113572750	0.500118802380645
113573861	0.501415654976958
113576021	0.501059174536817
113581341	0.500863463507133
113600351	0.50014575212686
113610061	0.500169095092716
113610590	0.500180781922173
113614920	0.500147975689932
113618651	0.514510785105839
113620061	0.500351262721982
113620880	0.500140719116151
113629540	0.500179964546533
113634561	0.500364764622287
113644450	0.500816184476736
113645560	0.502359647871581
113662281	0.500146483166986
113663741	0.501809277701348
113670120	0.580854719254478
113678020	0.500473026596444
113684220	0.501195653581588
113708080	0.500827859649149
113711111	0.500568278975291
113727140	0.50029609764586
113729531	0.501765376104479
113741231	0.500317127993304
113742580	0.500208031926078
113743511	0.500319765748714
113761231	0.500126925351025
113762700	0.500277861069605
113763981	0.500267346758774
113781871	0.50256736938549
113800941	0.5103533468051
113802461	0.500474372143347
113804041	0.510149405647276
113804391	0.500937139026195
113806030	0.500587012885327
113809660	0.500529063802642
113815031	0.500168639946987
113817320	0.501165484199517
113820830	0.500379860178581
113821530	0.500152546186109
113828191	0.500230251100024
113834510	0.500126342663736
113834860	0.501129401938228
113836141	0.500168334202671
113838430	0.500187516033983
113838951	0.500122574403641
113841521	0.500229005721485
113843810	0.500370430631377
113852871	0.500136457951654
113856030	0.500219641079395
113856611	0.5002150743651
113858891	0.500151926107843
113860360	0.507639150726284
113868721	0.503778656861445
113871060	0.500308745582916
113871411	0.500287984446052
113874861	0.500403467473084
113888370	0.501235858803559
113892990	0.500772441657685
113893580	0.500184903164934
113894920	0.500739245151134
113896731	0.519396125110118
113901641	0.500137760100553
113906270	0.500771924889501
113910540	0.501068737512663
113911710	0.500146449175135
113913460	0.590225202622777
113914511	0.500618019154466
113915510	0.500118486866121
113915621	0.50020581597293
113916210	0.500141813838418
113919720	0.500121637794987
113923221	0.501394184947997
113924160	0.500516695301799
113929131	0.581613806734895
113932871	0.500153644393466
113935040	0.500177156467325
113936620	0.500679202015945
113940531	0.500241867114372
113944690	0.500161317221948
113945040	0.50036686095644
113948371	0.500147847737423
113954690	0.528722387625549
113955501	0.500304072701265
113955860	0.50014116865822
113964340	0.500150503055003
113967090	0.500508978019249
113972820	0.504741264569748
113977081	0.50037843861811
113979370	0.500459821560126
113981240	0.503986003881581
113986501	0.500226060524116
113986970	0.500467424081109
113991701	0.500144905119726
113992940	0.500155226731267
113996560	0.50045631374922
113999660	0.500315435797389
114000241	0.50028696763858
114006261	0.529008137662377
114007090	0.500205914100138
114008550	0.50018045389237
114022060	0.502509378763843
114024511	0.500583172546178
114032060	0.501114369603456
114033290	0.501453360627325
114045100	0.500350128150704
114045220	0.501036566366704
114046970	0.500616886300922
114052350	0.500370246087165
114056321	0.500150403211354
114058021	0.50019373656037
114064050	0.500330168989646
114074870	0.500231652087358
114083990	0.500756100666991
114089891	0.500148421975735
114096270	0.500153062343381
114096441	0.500233263911701
114096740	0.500914426113205
114099020	0.507135512050908
114099601	0.500177444303128
114109891	0.500622851956041
114110250	0.51706829906016
114117090	0.501698008845199
114117500	0.50015991118718
114117901	0.50061809827597
114118141	0.501410815821256
114122180	0.500165450431028
114126621	0.500181914169383
114132641	0.500156243845531
114135630	0.501595595478205
114157031	0.500229315339661
114158901	0.50225089155728
114166920	0.5001315557401
114169020	0.500138684492775
114169780	0.500516590792385
114172060	0.500297082017452
114176100	0.500150473599507
114184101	0.500185452709648
114201941	0.500220847907579
114203290	0.500192532282866
114212701	0.539298949357106
114217381	0.500907279482715
114218320	0.500201629196535
114220250	0.500162844560339
114222240	0.50012733277816
114223880	0.500406956726306
114225280	0.500327135818636
114228380	0.500126785352082
114233410	0.500294166702586
114235570	0.500887223697446
114236621	0.500161945200454
114237500	0.500161313230479
114241881	0.500153436743295
114242360	0.502925280111076
114249430	0.500187921454321
114259080	0.500848406498925
114273641	0.514770169734627
114274401	0.500357806219246
114275980	0.500897785299541
114283470	0.500238547444343
114283521	0.500171591460789
114287680	0.500965086688461
114289260	0.500387707450348
114290361	0.500172317747967
114292761	0.500136819866155
114295161	0.500258609439321
114295400	0.500168799949567
114296220	0.500173507120149
114303410	0.500151245906316
114305630	0.500117587537389
114308841	0.503896885061022
114313521	0.500346685724168
114329670	0.500803489402996
114331651	0.500771934854785
114335571	0.500257212687493
114337390	0.500184684998626
114337620	0.500437661310702
114337731	0.500811380161987
114338790	0.500273848237062
114339610	0.50018347264959
114344341	0.500243822288623
114344631	0.500144338640675
114346271	0.50018669289294
114349251	0.500147285937359
114351241	0.500137230649012
114353231	0.500135920932063
114355801	0.50075636136329
114357561	0.500319864257312
114360310	0.500448144866256
114370840	0.501016811861535
114371830	0.500143680195528
114376621	0.583533189055113
114376920	0.500148360071901
114380071	0.500144717886967
114394051	0.612041549019016
114395690	0.500138894572744
114398731	0.500134968407417
114404871	0.500248793395189
114408611	0.500694287864716
114412821	0.5003323689157
114414410	0.500326178178584
114426681	0.5002377966727
114440080	0.50253497728397
114442360	0.500247341075183
114442591	0.500177043089104
114442650	0.500163063744702
114444580	0.500321791241417
114448611	0.501274248221403
114463650	0.500239177970034
114471771	0.500195189370137
114493120	0.500333896271832
114498270	0.500387458693477
114498850	0.500138066855515
114499380	0.500163876503929
114501301	0.500191228729969
114505930	0.502048493288143
114521430	0.501323709336967
114523360	0.500260032217311
114529790	0.500121709637905
114563121	0.500589246415077
114571250	0.500153614794405
114573710	0.500176813647852
114575571	0.500510044242159
114577510	0.500316805017618
114579380	0.500182170681888
114580251	0.500849850708675
114582711	0.500507898921659
114583530	0.500215176213159
114584991	0.500190889116205
114606511	0.500277642333835
114609320	0.500131666946682
114612531	0.500133011791552
114615170	0.500170332112046
114625221	0.500565384698132
114625401	0.50013539648457
114627220	0.500361124491387
114634940	0.500695235731715
114645760	0.500888331092919
114648151	0.539489704723843
114648620	0.50012600431238
114656631	0.50021330207198
114657971	0.500266839542211
114660781	0.500629860818512
114665700	0.500203451914904
114676161	0.500146514930995
114685930	0.500144284560267
114687920	0.500189581202842
114690311	0.500844094254552
114695111	0.500325748579734
114695230	0.500469213280882
114695580	0.500298177193327
114699560	0.500352386896972
114703480	0.500187086890138
114708031	0.500503640163468
114710901	0.500264566625629
114718151	0.500444170678998
114719270	0.500154947751782
114720841	0.500174253813438
114722950	0.500226937248534
114723650	0.501782083961965
114727690	0.501072384952601
114728740	0.500296386173811
114729030	0.500892794191575
114736631	0.500767161740917
114744470	0.500342203714458
114744701	0.50021629671326
114744991	0.507345761539354
114745760	0.500145376318031
114760380	0.500135165244547
114763010	0.500497370609118
114767681	0.500147228151306
114777041	0.500160409274146
114784581	0.500121754988271
114785350	0.500595291187645
114793480	0.513515338520512
114793830	0.500197436529972
114796580	0.500871844097889
114798100	0.50027169658966
114805751	0.500206027281394
114807921	0.500431247429441
114814940	0.500797457248327
114815111	0.500118031971205
114823711	0.500127861295927
114827681	0.501308920898619
114833121	0.500186912342772
114841311	0.501604202543638
114844530	0.500416305830036
114845991	0.500117644176454
114846110	0.500195705748652
114846281	0.5051926140343
114848800	0.500129529330281
114850901	0.500154100317056
114852891	0.500119532027141
114853540	0.500611436912029
114856401	0.500231247302922
114862711	0.502609074420501
114865290	0.500128459709742
114871610	0.500290102709634
114874701	0.500199366384262
114877801	0.500197199447305
114878100	0.503086115315619
114878681	0.500538061010331
114879390	0.65711939294642
114880671	0.500340451088355
114881080	0.500213749629124
114881431	0.500223261197952
114882831	0.500278145052596
114883010	0.502072012464333
114884471	0.500175573280906
114890030	0.503184912953874
114890141	0.504936776766348
114890491	0.500187863368264
114891721	0.50012060323048
114893480	0.500448441470797
114896230	0.500544308231923
114898860	0.500285882284783
114899671	0.500205426428743
114900961	0.500430733447019
114906580	0.50108947127539
114909390	0.500532507656528
114914761	0.500394797462616
114918860	0.500165186269267
114928450	0.501530243349465
114929040	0.500311366806122
114932421	0.500229541795179
114933130	0.500125635288308
114942080	0.500414351345914
114942191	0.500129903869032
114946401	0.500171707851331
114947391	0.5318518589978
114948971	0.500392374659112
114954360	0.501304489364103
114957861	0.500606216087346
114969270	0.500184772739054
114969731	0.501781184952962
114971320	0.500117098778682
114973301	0.504033428592475
114976051	0.500403492085884
114980210	0.50020040999527
114981141	0.500183202397821
114983720	0.500164806829012
114995231	0.500225699183641
114996410	0.50025605934136
114997110	0.500208382122458
115001670	0.500236836185783
115006170	0.500157808735226
115011781	0.500177649705443
115020961	0.500314683099333
115025231	0.500139916674291
115026111	0.500464982245367
115035761	0.500707253062744
115039860	0.500162714393116
115041320	0.500715760052644
115041380	0.513095392689604
115044651	0.500178100899627
115045171	0.502570487500115
115049211	0.500277627515043
115051021	0.50043614966511
115057691	0.500249753248764
115082080	0.503033430968919
115090680	0.500136076462186
115094061	0.501024747094149
115095590	0.500197518460717
115095761	0.500623393488405
115097520	0.500140322117744
115100910	0.500125205035117
115108050	0.519894295384388
115109160	0.500339103486236
115112960	0.500249032401732
115113541	0.502420923011352
115114420	0.500221857609266
115137640	0.500253906107763
115154480	0.500197076952849
115156350	0.500174113522585
115164121	0.500132755102276
115164830	0.500168979244706
115168400	0.501660851348654
115175010	0.500429809418372
115182781	0.501547289459377
115185300	0.500551719102694
115186760	0.501051372212711
115193071	0.500145350602924
115193490	0.503250207720011
115194181	0.500721093089969
115198050	0.500984878136628
115200740	0.523240021882764
115209040	0.500150436145987
115212781	0.500129035490904
115213951	0.50012628477626
115222900	0.500379005362262
115224480	0.500192616316127
115225351	0.508016183245643
115225471	0.500186538011694
115227051	0.500140221298358
115228391	0.501064596313919
115232021	0.500206913076443
115232781	0.515821831455525
115238861	0.500262602618525
115242380	0.500315018254055
115244241	0.500125478165175
115247350	0.500187634635859
115251210	0.500287429132943
115256171	0.500148584966607
115258861	0.50205832242416
115265761	0.500233779189652
115267811	0.502569852968024
115269630	0.531473358130166
115275411	0.500237737583394
115288810	0.500821237304298
115294600	0.500137327810651
115304011	0.501057747018807
115307230	0.500180165255391
115308460	0.500237382903496
115312371	0.500257545126649
115314660	0.50245080801548
115315821	0.500269112073446
115317990	0.500138271737423
115323071	0.500486112404381
115325130	0.500923095110501
115326120	0.500195493477207
115326931	0.500164646760942
115327640	0.500143214737198
115327931	0.500160314067003
115331731	0.500178749046126
115332081	0.500296305639595
115341910	0.501132118510507
115343960	0.500194727662417
115347871	0.500433723271366
115353541	0.500135250596148
115357350	0.59843405582589
115366120	0.500217145712918
115366411	0.500187160046602
115369331	0.500540184535656
115370911	0.590640916345424
115378281	0.500332851473934
115383780	0.519090152556659
115384711	0.501289235501288
115385770	0.500345732118107
115387060	0.501150679932975
115389801	0.500167477486468
115393840	0.50019757850845
115395591	0.500156165447609
115397470	0.500196985040268
115400570	0.500168048673741
115403490	0.500319606983151
115406821	0.511048963835481
115417871	0.500159928811855
115419861	0.50014124337396
115437931	0.500185354873761
115442901	0.500240067875153
115445190	0.50482153851264
115446761	0.500147282195699
115455540	0.500117693005537
115456411	0.500604214838423
115463021	0.5001819580247
115468281	0.500364337592428
115468990	0.500572473109771
115474131	0.501841012553745
115475480	0.500229752599667
115482081	0.500586534708521
115482491	0.50014806865644
115487530	0.500146883360491
115490681	0.502270486640554
115499391	0.500440797028508
115508631	0.500168703962209
115512380	0.502617156279527
115513431	0.500450356805769
115513490	0.500219172389608
115515181	0.501329329332487
115519801	0.502250434485309
115520280	0.500255711594441
115524601	0.501003621959057
115539101	0.521602752633593
115540681	0.505178711980346
115547291	0.500433086881697
115547351	0.50018260186287
115557410	0.502187107236674
115561040	0.500493902663271
115564541	0.500423871322393
115586941	0.500145202056707
115587240	0.500227114695699
115589451	0.500171491327498
115589631	0.500416553596508
115591800	0.500155465376957
115608820	0.501711124359009
115609511	0.500213050560625
115620741	0.500514493822541
115630980	0.500166834715135
115643201	0.500244751552392
115644131	0.500139199920478
115660340	0.503517003284385
115663081	0.500186881428001
115666710	0.50070943361693
115673021	0.50031206103396
115674140	0.50718817180096
115678290	0.500168444983922
115679460	0.500164082159174
115681911	0.522907420846003
115684951	0.507620419356319
115686881	0.500695299030885
115689981	0.506392953707255
115692731	0.50016804554559
115693961	0.500415718448511
115698811	0.500137354660653
115701860	0.500491375877266
115713790	0.500136853555711
115720741	0.500215188981375
115728811	0.500148812282156
115730460	0.500145604953521
115731220	0.500883212627515
115734200	0.513029875146074
115741911	0.500133944393758
115745310	0.500400257455263
115753081	0.500187711191837
115759221	0.500134734433527
115759401	0.500138445787253
115759930	0.504788634008638
115762911	0.500178558046138
115763730	0.500193633507381
115766250	0.656009432843141
115768350	0.500169517251344
115768760	0.50012159901692
115770340	0.500747979948317
115781920	0.500286047828209
115783611	0.501106947295956
115791800	0.525701483636421
115797710	0.500509359554863
115800750	0.500145411177767
115804311	0.500203856489712
115810981	0.50043225055617
115819631	0.500158849729776
115821331	0.500505840097073
115822740	0.500366572849154
115828111	0.515306240180088
115830690	0.50112165015949
115834550	0.500161941090776
115835071	0.500461020226837
115840571	0.500128194232564
115851920	0.500126551141093
115861451	0.500122073241689
115870571	0.50768727554338
115886241	0.500252838393143
115893261	0.500296633510683
115894260	0.500161851795711
115899931	0.500342227341993
115901621	0.50250712781476
115903150	0.505247259383802
115905900	0.500230990431007
115906481	0.500154455731259
115914670	0.500729985506575
115914790	0.500155240498707
115916301	0.500312162212944
115916950	0.500305803312602
115917300	0.500670028288088
115919000	0.500157396666788
115922100	0.500446534253439
115926071	0.500196044685886
115926361	0.500434907619077
115927480	0.50062247612034
115928291	0.500161733725894
115933620	0.500292801068897
115938880	0.508415860048302
115940631	0.500210241036198
115942561	0.500345359017687
115943270	0.500176762914966
115944090	0.500303240265245
115947411	0.50031415377122
115950921	0.502013026167699
115954670	0.502670777751642
115960161	0.500176749613322
115962570	0.501809102077487
115964030	0.504064266083586
115964081	0.500269184504235
115965780	0.500494695557821
115966020	0.501266135473753
115966071	0.500168875124266
115969000	0.500191282176311
115973381	0.500717014942123
115981280	0.500154717033675
115981690	0.500209055951078
115982040	0.500127116999353
115982681	0.500172129374774
115983680	0.500195219257763
115987881	0.500181001608704
115989231	0.500481518926166
115990401	0.50187829939864
115993330	0.501224177134527
115993620	0.500127424200518
116002570	0.502770359806294
116009700	0.500175293305115
116010870	0.500400858057858
116019811	0.500872236629031
116022860	0.500147347749566
116025311	0.500530607866735
116029051	0.500268695044271
116030580	0.501097394654838
116042800	0.500689439411876
116045320	0.500448672068936
116046080	0.500141207788467
116056310	0.500136813113376
116059991	0.500207234457443
116066250	0.50016309328023
116087591	0.503107810922012
116088881	0.501974576856317
116092220	0.52592504791805
116101631	0.500228608912062
116104611	0.500210138608337
116106840	0.500790012404031
116108360	0.50088787618779
116110580	0.500317387063105
116114491	0.500144825376639
116114671	0.50014329644391
116117540	0.509746193103042
116121690	0.501198977830837
116126601	0.500199794618605
116128240	0.500139900403454
116132160	0.52436421777944
116132630	0.501008994339452
116133330	0.501370913153935
116136541	0.500410064634234
116138061	0.500304569990818
116145431	0.50015738846536
116151451	0.500448705427252
116151810	0.50013491449458
116153031	0.50015806766517
116162971	0.501247679413688
116163800	0.501120399556919
116169001	0.501153289595751
116171930	0.500145701980408
116175431	0.500377716713652
116187241	0.500196923322972
116188761	0.50010885446345
116188890	0.500130663583956
116190811	0.50260378592763
116190990	0.500149486979519
116191400	0.500194460559477
116194731	0.500129928888054
116197190	0.500203569497039
116199120	0.500207140070851
116199931	0.500231231153219
116204910	0.500181028007282
116205371	0.500144139695151
116205380	0.500272710019017
116216721	0.500426530156773
116218941	0.500142382871834
116225201	0.50025645188596
116233330	0.500271443443082
116236200	0.50164867566588
116240410	0.500326076925054
116246490	0.500132461370906
116254321	0.521381956328722
116256610	0.502316462549728
116258070	0.500183258205317
116260811	0.502089677182083
116264671	0.500361924928554
116267430	0.500134601771623
116269231	0.500303402911508
116272750	0.506832212927486
116273501	0.500786101815939
116280991	0.500258993890353
116287190	0.500209755858443
116289590	0.500225561524165
116289650	0.500885772806749
116290401	0.504313827990607
116290760	0.5002057104318
116291580	0.501615292207206
116294620	0.50371018445374
116299880	0.500424343009863
116311691	0.500817945812646
116319471	0.500162581587653
116323860	0.500977186266455
116326431	0.500430142560989
116326781	0.500168509327527
116333100	0.500527553433325
116336900	0.500213880568972
116340231	0.500636612978336
116341290	0.597267303355363
116341640	0.505158960919637
116346601	0.500190607906273
116352810	0.500304534341068
116353331	0.500436961829842
116353911	0.500138500180784
116355491	0.500341402472768
116355910	0.504683347970982
116357370	0.500441916192421
116361640	0.500159456579987
116364441	0.500136047973161
116371341	0.500144623302823
116385901	0.500650981491684
116385970	0.500208620081194
116386260	0.500172905029817
116390461	0.500176638619745
116392340	0.500132622482643
116405551	0.500238869203307
116406081	0.500441021285259
116408301	0.500124061594782
116412801	0.500154018049866
116415731	0.500229864675832
116417840	0.500132602796788
116418361	0.502165168773326
116418711	0.500248846832674
116420940	0.500300759180576
116426550	0.501181784702981
116428190	0.500157223245694
116428421	0.500176752806452
116430991	0.502887749613067
116433391	0.500151868935166
116433741	0.642944876307069
116434501	0.500156819160413
116445210	0.500245483454112
116445970	0.500368448921704
116446371	0.500648995363002
116447370	0.500129492670076
116450590	0.501038848871806
116455620	0.500339836364275
116459890	0.500237835444613
116462110	0.500266920699768
116477430	0.505001456938754
116478600	0.500174628494701
116483101	0.500170744182131
116489480	0.500155347667447
116494441	0.500243214432705
116499010	0.505177376114306
116505381	0.500164467076556
116506021	0.50114928119045
116506380	0.500502774619771
116511401	0.502107947142223
116513861	0.500333696599327
116515671	0.500399704562857
116517131	0.500242935662834
116518891	0.500179543269099
116523220	0.500169929962529
116523400	0.500129552423064
116528950	0.500150591570751
116530710	0.500711720163436
116534271	0.502955111819978
116535381	0.500194697054574
116537960	0.50011919405132
116544971	0.500116605953883
116547131	0.50018149825746
116549010	0.500498991053632
116549651	0.500182306880277
116553451	0.504115507477911
116555321	0.500300169667573
116563041	0.500922960235215
116567191	0.502118858918763
116574450	0.500269644331845
116577781	0.500563482083974
116578250	0.50016689420134
116586021	0.501100718975312
116593391	0.50029918638513
116594501	0.500164174582341
116596901	0.500310310698269
116603511	0.500147091759814
116603980	0.500404821474804
116604851	0.500194753397304
116606500	0.500174376233784
116621171	0.500305456292843
116623340	0.500162176887876
116623511	0.500715315909567
116626551	0.500132737437953
116629770	0.500150081198065
116634160	0.500503026056553
116640010	0.500126219306452
116645031	0.5001303535603
116650710	0.515054191007792
116654561	0.501087092628435
116666910	0.500180443027714
116692520	0.500942002852767
116698131	0.504359511111359
116698840	0.500472925721106
116711351	0.501069539078466
116715441	0.500631036913084
116721880	0.512275608910494
116722461	0.50105212421291
116736210	0.5175505460214
116747141	0.500414052503613
116749651	0.503110555103904
116766440	0.50253365208652
116768191	0.500292109359668
116768490	0.500182619751561
116769250	0.500282348422373
116770010	0.500191419526361
116785381	0.502572585060696
116788080	0.50020480182211
116796560	0.500612889720655
116797141	0.501128832708775
116797730	0.503502503688885
116797901	0.500190597801041
116809711	0.502437572302008
116814041	0.500592731171624
116821470	0.500128509148089
116822470	0.50080926291354
116844331	0.500159450048075
116847901	0.500403623802578
116848960	0.500122188379398
116849711	0.502246393524599
116851940	0.502149755636347
116852470	0.502213266656661
116858311	0.50509382962818
116863571	0.500223822253436
116863580	0.500635428714335
116867841	0.500144515735889
116874750	0.500545926742672
116876321	0.500354994886601
116876910	0.500140191161548
116879660	0.50015190820615
116887500	0.50012809016131
116888200	0.500350716992418
116890600	0.500260376670306
116894801	0.500142545140056
116903230	0.500227954702072
116904921	0.500216895693037
116905040	0.501337119502789
116905450	0.587537769538995
116908021	0.500279397224147
116908431	0.500532312097134
116910241	0.500230369685519
116910600	0.501105502837209
116911710	0.500937922965915
116915561	0.50020095780308
116918610	0.501813449735219
116923221	0.50027625875045
116930830	0.500150073944983
116936441	0.500322679720842
116946330	0.501483880249541
116947380	0.500150800470587
116952231	0.50016174627044
116953401	0.506049590218754
116954571	0.508975798579714
116955860	0.500302306115763
116960130	0.500171063311723
116960540	0.50054801002924
116961121	0.500157451181786
116973461	0.500227063858645
116978260	0.504106992930206
116983111	0.500131492435893
116983170	0.500124924419106
116986501	0.500252798197783
116996731	0.500161102988712
116998251	0.500143725728086
116998610	0.502479702070507
116999541	0.500202666204863
116999720	0.500772165719729
117002120	0.500206823772185
117003760	0.502279907816795
117003871	0.500130809945443
117004511	0.500155166816518
117009490	0.50023268782885
117012530	0.500292992985078
117013930	0.50048985611178
117014340	0.50220769682153
117022581	0.500332097677565
117023461	0.501707235919926
117026040	0.50104201054673
117032880	0.500504011347578
117038841	0.50128042511421
117040660	0.500422283137939
117043871	0.500148299450522
117046740	0.500144771603952
117053580	0.500143851189343
117054221	0.500350599692609
117054281	0.501353796975584
117055391	0.500153417819791
117056390	0.500199586753103
117057551	0.505162064261548
117057560	0.500168109147229
117063751	0.501228218250904
117073990	0.501129916701783
117075741	0.501274036497236
117082820	0.500530110446218
117086151	0.500235403397967
117087500	0.500464487898313
117087611	0.500237033426245
117097961	0.500144520937672
117099140	0.500192658757116
117106680	0.500346543576469
117107910	0.500261618958444
117111411	0.501658562129304
117119200	0.500898575850501
117132821	0.502982095229728
117154640	0.500210270917966
117157851	0.501174102955647
117159670	0.500376146642188
117165101	0.500741220626767
117166091	0.501445397184107
117173521	0.500144056256893
117178790	0.500245183110894
117178901	0.50078489941968
117179900	0.588800601028751
117183060	0.500294032477111
117185041	0.500343599537068
117200430	0.503467661742996
117202590	0.500316902588734
117207150	0.500131675177022
117210071	0.508410577740464
117213410	0.500439868500227
117214640	0.500239237290199
117236151	0.500963509735055
117240421	0.500154228684474
117240430	0.500195955035047
117240490	0.500744144036549
117241771	0.500214401378951
117245391	0.500139771793461
117245981	0.500146364793765
117252411	0.503962926116533
117253880	0.500253067030101
117255750	0.500477267906671
117259490	0.500120905622625
117262240	0.500176273561265
117266040	0.500213395295484
117267501	0.500193409400348
117271130	0.517310238215129
117275050	0.500276474274757
117285451	0.500276709928608
117288141	0.515122881397899
117295750	0.500228949022537
117299251	0.500580936671546
117301241	0.504284229887568
117306570	0.500617733626479
117313701	0.500186533426457
117323120	0.546596328453347
117323650	0.50027117902702
117324230	0.530006634632495
117326570	0.50034188279987
117328261	0.500204422885981
117331660	0.502996795462935
117335870	0.500270311523006
117336690	0.50056129667323
117337740	0.503368966904852
117339030	0.500203013418766
117339081	0.500344549817338
117339550	0.500125399991825
117340020	0.500142376098274
117340720	0.501912836932234
117345161	0.500280863773379
117345930	0.503357393298345
117357800	0.501005905679621
117363581	0.500496654360328
117370550	0.500135336756753
117383470	0.50015951017823
117384700	0.501526136458716
117386101	0.500167813644516
117394290	0.500173656447938
117396750	0.500503632513038
117397091	0.643945663305756
117400780	0.503573460387201
117429850	0.502297655435647
117430140	0.50014361277534
117436980	0.500523562567767
117437501	0.501749086296157
117450191	0.50021007964988
117451250	0.511493025551402
117452711	0.50020369450865
117458731	0.500129892443608
117469841	0.500260828761607
117476801	0.500311914341282
117482420	0.5004164964893
117488731	0.500189978093482
117501250	0.500165876974773
117503641	0.500366072434611
117505281	0.500184729701258
117512540	0.50014882174005
117518150	0.50011372107404
117520490	0.500309608853619
117523420	0.500176079852836
117528560	0.500449245150805
117532241	0.500362456352218
117546861	0.500236582946856
117547100	0.50165769544162
117558970	0.500142950796813
117563770	0.501544668053599
117567860	0.500523987075331
117570140	0.500304024925162
117570730	0.500810007808856
117586870	0.500231174968624
117610311	0.500117104366958
117613480	0.500198453643684
117616101	0.50076576706278
117620610	0.503635661197503
117627801	0.500198021470102
117632540	0.500137810850792
117645871	0.500147074467565
117647920	0.50036445001669
117656511	0.500325070121154
117663710	0.50014222340225
117666511	0.500165446227778
117669270	0.500153867501581
117682711	0.51230241454702
117684761	0.500355720669458
117686170	0.500211301417751
117695290	0.505113154593581
117697391	0.500403538823511
117702421	0.501162977922971
117707340	0.506857701070624
117715470	0.500188880996316
117722541	0.501081302109288
117733881	0.500311416500412
117735350	0.50011959906145
117735470	0.500353121536548
117739671	0.500114048153825
117742131	0.500484106292503
117744231	0.500156787474107
117744530	0.500143365288052
117753950	0.500235538731924
117763121	0.500151849833239
117770730	0.500292045859221
117776520	0.500140016108312
117777630	0.500177546190507
117778911	0.50015507397439
117784471	0.500402254651902
117784701	0.500136516377962
117787511	0.500134125606445
117792191	0.500216027578446
117792370	0.500927862636168
117792600	0.50014833214472
117792780	0.500121514650894
117792840	0.500172773050314
117793600	0.500380535631175
117795051	0.522212048529854
117803010	0.500229375993229
117808100	0.500410322689835
117808501	0.500155848647851
117809210	0.500179363068386
117815051	0.50030121266824
117819851	0.500166159494373
117826350	0.500360554644292
117830970	0.502188626034916
117832490	0.500239361432576
117837050	0.500147211277461
117854300	0.500143315515836
117854411	0.502729063228662
117855000	0.500705566532504
117856230	0.500319421172241
117861781	0.501599032351977
117866691	0.500124171006363
117868690	0.501143671526461
117870611	0.500144181877032
117871431	0.500156812025515
117872951	0.500176748948465
117880731	0.500211585348245
117882601	0.500815573809843
117884881	0.50086194358864
117895521	0.500278247718365
117896811	0.500445536126543
117898741	0.500127061365868
117899330	0.500270292749381
117902550	0.500157031308367
117905701	0.500111231658956
117906930	0.500275872715294
117907460	0.535578010671365
117916401	0.559140063020346
117918271	0.500321085812317
117927520	0.500182555495335
117930671	0.504078111607162
117933250	0.500141723334381
117937580	0.500152995559558
117940620	0.500172312782837
117940791	0.500150532705639
117957750	0.50036093484002
117961141	0.500504652519525
117962541	0.500190625099782
117963660	0.50019816775904
117967230	0.500190524526495
117968280	0.500607113556332
117969390	0.500240118206657
117977921	0.501692711040011
117985120	0.500166949973261
117986060	0.501613963320534
117989390	0.500180027409161
117993071	0.500161535582247
117996111	0.500150768944282
118004950	0.500126513560964
118023071	0.5028547276668
118023831	0.500620886668826
118025991	0.500193577831831
118029851	0.501056083185525
118030500	0.500178906618043
118033720	0.500174567824527
118034070	0.500909810659856
118042490	0.500161482472869
118042601	0.500271732501723
118054651	0.500584224127299
118056760	0.500225204880579
118064711	0.500123729819429
118067640	0.50079087672502
118079160	0.50012267341892
118084301	0.500330004703423
118086700	0.500166935937134
118087401	0.500418000038452
118089800	0.500155288744972
118091611	0.500219601305114
118101961	0.501911266116311
118107230	0.501154345890861
118112431	0.500171654856942
118114301	0.500119036943141
118115420	0.500323818772147
118123660	0.50021487876858
118135360	0.500255285986054
118138921	0.500229696759925
118141611	0.500191535309811
118152081	0.500252495955182
118153720	0.502578989712424
118154190	0.500172368143122
118161500	0.500885298906903
118164301	0.500140411507743
118164600	0.50019295079854
118167691	0.501075646903846
118169621	0.500229265880524
118170791	0.500124613330895
118170851	0.501162905638432
118180851	0.500520109612837
118186701	0.501830619553872
118188110	0.500131934401846
118189860	0.500593238480012
118192081	0.500394333898629
118202311	0.50097760161042
118202431	0.500370358251302
118204011	0.500283196984755
118206291	0.502113141955698
118207751	0.500264667344592
118210620	0.534166218119953
118210971	0.500147848604072
118213430	0.500133432500355
118214831	0.500430357478718
118219621	0.500197674911978
118222491	0.50015197395529
118224540	0.500146615559651
118225420	0.500272916581103
118229451	0.500230175091935
118231201	0.500147606339614
118246590	0.501864451012383
118250851	0.500162392968538
118256171	0.500137132378596
118256991	0.500216310883397
118257111	0.500334554417085
118260561	0.500126053899031
118264720	0.500207414435356
118272491	0.501518858169074
118272901	0.505838437065687
118274361	0.500383160364613
118275540	0.500613862983792
118276590	0.500148063240162
118278221	0.500258289997413
118278921	0.501721291842136
118279400	0.502952002848677
118282081	0.500125132703033
118288161	0.500543092157243
118297111	0.512763627148698
118297751	0.500406107838632
118298520	0.5001484399779
118300441	0.500128556516023
118302841	0.500290603206099
118307581	0.500299648714399
118313550	0.500250379551868
118315010	0.502012741431081
118319570	0.50048823745146
118320330	0.500354616875375
118323900	0.50062558499207
118326120	0.500280849999175
118340851	0.508093938740809
118343200	0.500249758871028
118348810	0.500247287144085
118349101	0.500122868587408
118349630	0.507934544357266
118349861	0.501514949218722
118364250	0.500143884827854
118368170	0.501427139165595
118368811	0.564024575616438
118369280	0.500387349106029
118371381	0.500121512113937
118374370	0.520434176783765
118381620	0.500217793449952
118384080	0.501360508826161
118387940	0.500537557129904
118391970	0.500172299238338
118400980	0.500164643136085
118403021	0.500296068685771
118406471	0.500120613003792
118408631	0.500369893821177
118424310	0.500164428724619
118431970	0.503327100899758
118434140	0.500156119419945
118436240	0.500125853187622
118436821	0.500855224217152
118445480	0.502630273450599
118446300	0.500605960008446
118449631	0.50117785558675
118453900	0.50015770607054
118457231	0.500139857935672
118458170	0.500214109083321
118460570	0.500675457902787
118465310	0.500202822771601
118466411	0.500828137882854
118467111	0.505524958545818
118472030	0.50178594832909
118479101	0.506508498200691
118481330	0.501410840059984
118483141	0.500182523271477
118483670	0.542661474662843
118487291	0.500356235500884
118490621	0.50020659403762
118492790	0.500686451787655
118494780	0.58543725008704
118499810	0.503874175498595
118502030	0.50022261473146
118503841	0.500245262542414
118516471	0.500178500711677
118518820	0.502417787658745
118521040	0.501691027167165
118524661	0.501090759654853
118527940	0.500193520408048
118533260	0.500135555172679
118542150	0.500671715199672
118544131	0.500253691645618
118546181	0.500174382579232
118546890	0.500688742639536
118550340	0.500817613376266
118551450	0.500151402050674
118551791	0.500187869645821
118553431	0.500689896643929
118555361	0.500942732609356
118563431	0.500171619451757
118567590	0.504705370451531
118576130	0.500278623845983
118586770	0.500277919882417
118591851	0.500584839360592
118593841	0.500877851657486
118597120	0.500889363976632
118597240	0.500347744379392
118599170	0.500388142424744
118603201	0.500754498871686
118608000	0.500138649341986
118608051	0.500379436740051
118611330	0.500275383427299
118612680	0.515618852493442
118615481	0.504001114352129
118616070	0.500245377665151
118618521	0.500140788731705
118620511	0.501286251197083
118627061	0.500131512191224
118627240	0.500149338738945
118628991	0.500228536363115
118634021	0.500166393680286
118634200	0.500269755238021
118639751	0.50040483464422
118646890	0.500149813190191
118651271	0.609878786160022
118651570	0.500117688876074
118654721	0.500766530360144
118659700	0.50038127779796
118661331	0.500205131335614
118663500	0.504765290817934
118665481	0.500126888346398
118666241	0.500127187982948
118666540	0.500140299866589
118670041	0.504761987519132
118672321	0.501191434153243
118676121	0.500272156746582
118682390	0.501112584923278
118683671	0.500206833473039
118693910	0.500193996507734
118702390	0.501690672000645
118712040	0.50017035076431
118713970	0.500523849333871
118715490	0.501018585638425
118718111	0.501250822441326
118718940	0.500314478471413
118722210	0.586936651567329
118726890	0.500574505780776
118731211	0.500708565749227
118732210	0.500198692658695
118735951	0.50045823187854
118738760	0.500433597994214
118740810	0.503823840550352
118741220	0.500121626293568
118742800	0.500151852183571
118746301	0.500167506667091
118753620	0.500142742395645
118762390	0.501173794217367
118764140	0.500886827633047
118767001	0.500182665259654
118767650	0.500708566730019
118769350	0.500135406772872
118770400	0.500138334997016
118776890	0.50037827732897
118777061	0.500130187595152
118779341	0.505175933420911
118779580	0.500182166150677
118782441	0.502586579960454
118785080	0.50081530115617
118801340	0.500223918602995
118810691	0.500166590865639
118813090	0.500415321263868
118828180	0.500976073133708
118836250	0.500172416676264
118839000	0.500156033724668
118841391	0.500307049885785
118845020	0.500557934278613
118845960	0.500266939606849
118861041	0.500439223229374
118876190	0.503174600332695
118878641	0.500141751829152
118879581	0.503256631595479
118887130	0.500146691742126
118894841	0.500136692187669
118895541	0.501027519171482
118897420	0.500165202583051
118903560	0.500157479676786
118904090	0.500172431289385
118917941	0.500396848916514
118921391	0.500146452373374
118922510	0.500147161488108
118926600	0.500144955492792
118939111	0.500161876146271
118946310	0.500186776081755
118955311	0.588549159700221
118957770	0.500144993620685
118959120	0.500389752391986
118984850	0.500284343261049
118986831	0.501098224448937
118994141	0.501078431312817
118994901	0.503254996729378
118998420	0.500268311871127
119009231	0.500871827047421
119010341	0.500272978215553
119020990	0.50257004143319
119021870	0.50012076167847
119025311	0.50038235663897
119030700	0.50027058867126
119033731	0.511677837978139
119034261	0.500371925496792
119034500	0.50056175333646
119038411	0.500345326408075
119052220	0.500200216278191
119057651	0.601572708674897
119058411	0.500547616427675
119060290	0.500257873340566
119060521	0.500317311919518
119063561	0.500152400346038
119065260	0.500421508666566
119068480	0.500167652246952
119069760	0.500188385391319
119072220	0.500175342091968
119077950	0.505318887350299
119085021	0.500148452142299
119093151	0.500144823937689
119093450	0.500482624218459
119096481	0.502653697194801
119097600	0.500139465719076
119100341	0.500725731987361
119100521	0.500130822747739
119106071	0.503369987679301
119107771	0.500128404345028
119114731	0.50097022176679
119117370	0.500149746910587
119117890	0.500121107764074
119121400	0.500134313948039
119124611	0.50040063863937
119128360	0.500299715454866
119136200	0.500254598360992
119139300	0.500152957550745
119140461	0.50016603579194
119143791	0.500200532662813
119147481	0.508821951574299
119149171	0.500183693343237
119155081	0.500115294015943
119155090	0.504569274060994
119158881	0.500774647845885
119161170	0.50017579529756
119163501	0.500125380516591
119165431	0.500710205966102
119168420	0.500341443661386
119169530	0.500790640944913
119172741	0.500430284722467
119177660	0.500149408449847
119178061	0.50013855715549
119178830	0.500138258908047
119180760	0.501273518074404
119182681	0.500329195166706
119182921	0.515836648978745
119184791	0.50014003954786
119187891	0.50032224358008
119188830	0.500765225759081
119191460	0.500142660717819
119197071	0.501940474677292
119199710	0.500172443800783
119200051	0.626840322779837
119201691	0.502030579582758
119208061	0.500234799060625
119213860	0.501350958770969
119214270	0.500584806652759
119215081	0.500190120429984
119215090	0.500220489122878
119217020	0.509138236187244
119224740	0.501566472443561
119234740	0.502727054504623
119238130	0.502817927372544
119251571	0.500130109570883
119251631	0.500126029643454
119252101	0.500214807120226
119265440	0.500176752725167
119266371	0.500161981799223
119269351	0.500379458307622
119272981	0.500175103536276
119275380	0.507223047891033
119278070	0.500968672852192
119290641	0.500349261448928
119312861	0.50017611586685
119315201	0.500411613676853
119329010	0.500219006593848
119330701	0.50812454109172
119331520	0.500408502792639
119341290	0.501535082793696
119341871	0.500381339830574
119342810	0.511147138532627
119348070	0.500275389131928
119355671	0.500129814629759
119355970	0.500118163906936
119358070	0.500347939021248
119368540	0.500249959275992
119373391	0.500187908363817
119384151	0.500195468237544
119388421	0.500231087621846
119396901	0.500328806458506
119402520	0.500267162817336
119404740	0.502847656423051
119407541	0.500144515663562
119411171	0.500121853082683
119412580	0.500124804048858
119419121	0.500751961485505
119423630	0.500132658074782
119423861	0.500153103539
119424791	0.500194771340173
119428600	0.500202821201841
119432580	0.500143359613013
119438421	0.500545770534281
119442981	0.500199717924757
119449061	0.500956826345314
119450530	0.500314079043941
119453160	0.500271097943173
119462640	0.500106265094491
119472631	0.501069524162562
119474160	0.500187979529587
119481581	0.50061457101073
119482990	0.500134872183583
119487371	0.500174017572226
119491111	0.500923080679871
119494501	0.50047181626902
119501581	0.500480386892803
119508011	0.500824903210452
119509130	0.50017859306251
119516030	0.500171108957021
119519471	0.500384568151819
119527200	0.507989793268409
119527430	0.501129481864492
119542051	0.500231325088878
119542930	0.500165151944233
119543161	0.534445152421639
119544510	0.50015405754652
119545680	0.500244162768444
119546440	0.500147495576258
119555851	0.500169782217078
119557431	0.50015362088314
119557721	0.500151616413189
119558131	0.554044334072656
119558951	0.501987691191318
119559890	0.500314799167312
119560351	0.500145106806361
119563400	0.500170288358751
119568370	0.500122838941345
119570300	0.500138552758668
119570710	0.500318039368742
119577661	0.500115543812104
119584211	0.500461989758138
119586030	0.502592792810879
119589660	0.501014918402047
119590180	0.501232898740537
119593161	0.500229561121777
119593861	0.500253637189083
119605091	0.500295274685447
119607550	0.500297784458169
119627200	0.5001090256246
119635330	0.500149801636992
119636090	0.500504962015311
119637491	0.500140458593443
119637960	0.500141120553756
119639250	0.500170166134839
119646620	0.500128797207019
119648601	0.500292179044197
119649011	0.500138846970034
119659711	0.500289527083474
119667021	0.505624832565277
119668720	0.500725319411684
119670941	0.50029330673165
119672230	0.516782669568
119676611	0.500189044417542
119676790	0.500161656023682
119677260	0.500147940164573
119679660	0.500336115652889
119682521	0.500161707707137
119686261	0.500525734654703
119695510	0.507740444639202
119705860	0.504618966730049
119708140	0.500658953355226
119710070	0.500178130748162
119710411	0.500430543419803
119713981	0.500717377034657
119717491	0.503082696347528
119720241	0.501041470319354
119721291	0.500911747593401
119728840	0.500153695817855
119731411	0.50018045427825
119733460	0.500124476223495
119734920	0.500195025485098
119736201	0.501252173807436
119739540	0.50081230520736
119746150	0.500169147767846
119746731	0.500502011882152
119747781	0.500122296078992
119748490	0.500151919173888
119752060	0.500235776414792
119768780	0.500308208981267
119770591	0.501871388022791
119770710	0.500131671213772
119774690	0.502247760494582
119776680	0.500263048674844
119781360	0.500569943899488
119781590	0.500174410546463
119792931	0.501653092829582
119796270	0.500348499656435
119798951	0.500157048212037
119799011	0.500122298829664
119810830	0.612410104761854
119812461	0.500581686406359
119813401	0.500528302763672
119815570	0.500158006154415
119819191	0.500304626154045
119821360	0.500787948833067
119825040	0.500493843186385
119830070	0.500153166970604
119835510	0.500167229001831
119837671	0.501135823691054
119838320	0.500225614705224
119844101	0.500443513814834
119844280	0.500405500379227
119849011	0.500216864170378
119849361	0.500142172619563
119854221	0.500471376976906
119860531	0.500663202414096
119863520	0.502518854808021
119863811	0.50015677586242
119864340	0.503796894720875
119866210	0.500129418393624
119867320	0.500497641414455
119867850	0.500386149792057
119868320	0.500482408185752
119870301	0.500391481946953
119870531	0.500776724914987
119872880	0.500333547116011
119888730	0.500129289307766
119889720	0.50016671480617
119894460	0.508655506793046
119901710	0.500125594987027
119902940	0.501434845578465
119903290	0.500173365519094
119905391	0.500297564577046
119914110	0.500197782145299
119914690	0.500335412826103
119918841	0.500925395275991
119931010	0.500127882627618
119931351	0.500213645297665
119931830	0.500419151361767
119932171	0.500405946856791
119935510	0.500165807990275
119937901	0.50069904098475
119938081	0.500220334836564
119941761	0.500272499619842
119942120	0.50188203924127
119942470	0.500590413681721
119954460	0.500132379029981
119955690	0.500202910693358
119957210	0.506783016237615
119958841	0.5087809887585
119961591	0.500142818842967
119962351	0.502201868250263
119967731	0.500607476602116
119968320	0.500128048814992
119969131	0.598504008429029
119993820	0.500227407848725
119998841	0.500332518311314
120004101	0.500289367662314
120008440	0.500982579198909
120008790	0.500216567063449
120011821	0.501334079794377
120012880	0.501910774210223
120014170	0.504117466638423
120020130	0.50013482584165
120020421	0.500454811770965
120027680	0.500181013667463
120031360	0.500142267782069
120045280	0.500590626956084
120047910	0.500921693093309
120056971	0.503275734148832
120063120	0.5012140496988
120079721	0.503481968529826
120079781	0.500244465971168
120080541	0.501429120194763
120090600	0.500643782316176
120110011	0.512120472003613
120111121	0.501985574959913
120111711	0.500153933054788
120113521	0.500284136335988
120116091	0.503567629220204
120117150	0.502122829624136
120125340	0.500219224734484
120157040	0.501473639153644
120175981	0.500371526074216
120187321	0.500613575097589
120202770	0.505496035075608
120227740	0.50173172626043
120233240	0.500304831807184
120233880	0.501607412260137
120239730	0.50222927975372
120244930	0.500936792254923
120246690	0.50799226687066
120248150	0.530262221981647
120251190	0.50025596555744
120255691	0.50019437938482
120256860	0.500143878197999
120258790	0.500406540830334
120260131	0.502917407977642
120260951	0.505354029138057
120261540	0.500140807439995
120262890	0.500240481137075
120280780	0.50022628278667
120287561	0.500243003484364
120292300	0.517076645524044
120295810	0.500583523550636
120297040	0.500681101410597
120305161	0.500883694045664
120309260	0.500580764964446
120320610	0.523227117909766
120325631	0.500163679637946
120326451	0.500175345705635
120331071	0.502276783498982
120336400	0.503139168039618
120339081	0.500121673907369
120340191	0.500291181193525
120344051	0.500187697957452
120344751	0.500172073584805
120344811	0.501275389409928
120347151	0.500120849560057
120348441	0.500139557324966
120350891	0.500293293879318
120350960	0.506497175342117
120351310	0.500144786408417
120353761	0.500141238219131
120355930	0.500951333295558
120367091	0.500691971115196
120369500	0.500748328311447
120373880	0.503661981537212
120378851	0.517772690647243
120380661	0.500144987390137
120381361	0.500633498897522
120382480	0.500147005962896
120383180	0.500345622023785
120386400	0.500572300836126
120415341	0.500138417033143
120418731	0.500122358007554
120422480	0.500143137316835
120426460	0.500783003667493
120426981	0.519582331750616
120430960	0.502737643668604
120434811	0.500139718357775
120453360	0.500188627658253
120456050	0.500279307935437
120456221	0.500169670339325
120466801	0.500895527588546
120472480	0.500320931131908
120475700	0.500205703172395
120477211	0.500132706601972
120479961	0.500290133733318
120492660	0.565070175603042
120495580	0.502074313917811
120500900	0.500134596348356
120504880	0.501270726709283
120505000	0.500175038934499
120509261	0.500992483628163
120512591	0.50011431525611
120515760	0.501690958342726
120520021	0.500346003036268
120521490	0.50026204092746
120522660	0.50022145573119
120532011	0.500194124811337
120532301	0.500120798366135
120532950	0.500945230008857
120538791	0.50015594410355
120538911	0.500199838889191
120544590	0.500183499794533
120546451	0.500291413276
120558270	0.500180927072481
120561601	0.501549862951309
120567220	0.500197395096318
120570311	0.500930543864089
120571430	0.500197969986908
120571541	0.500473121412498
120572130	0.500134127735579
120575640	0.500178402928681
120582421	0.50360505498772
120595461	0.502804397422792
120600141	0.500161274979054
120601951	0.504884289780271
120605111	0.500127731073674
120608800	0.501308607895111
120613241	0.50096853198021
120622600	0.500385051086472
120626691	0.500352031586373
120636511	0.506565335541323
120639031	0.502386731936479
120641550	0.50043154094059
120649210	0.522625755226171
120649441	0.500696275298797
120664940	0.501923754965738
120675641	0.501262652326605
120685931	0.500150217595296
120697571	0.500308503071805
120697750	0.500364753760386
120697980	0.50029085804709
120703540	0.501579514706042
120709381	0.500139874077741
120714411	0.501324778036787
120714821	0.500131441925215
120715051	0.50048549349679
120717810	0.501657309575767
120718911	0.50011988069592
120719441	0.500151899667004
120723250	0.500199867280728
120726700	0.500223527300012
120728331	0.500693505933965
120736401	0.50014249230092
120738561	0.500246710538282
120739851	0.502655817827775
120741550	0.500122542613396
120753830	0.501382857895651
120754710	0.500256015292697
120755180	0.500235550667023
120755291	0.500142245745264
120755641	0.500261564695309
120756341	0.500253452084642
120763480	0.500169354846488
120766221	0.501555517350237
120778040	0.500469083964429
120780491	0.504348044735358
120782951	0.50012991368491
120788920	0.500193433648221
120789740	0.500460385543482
120794701	0.500381289564999
120800261	0.502637254507195
120800850	0.500558770399688
120804360	0.500146117759736
120805291	0.500122323953532
120811730	0.501148598368197
120811841	0.50322497109996
120816811	0.500693830717468
120817981	0.500361962412685
120825701	0.500143847710495
120828510	0.500287259056493
120830961	0.500132023496865
120832490	0.500149351492444
120835940	0.500119099105363
120836000	0.500152502200983
120842080	0.500162015160973
120842311	0.500176619741738
120846990	0.500480945718798
120847281	0.500317409746879
120849971	0.500152564261655
120850381	0.505337271604857
120863711	0.500158385647784
120869031	0.500278087554679
120869151	0.506116451035863
120872200	0.500129237042825
120887050	0.505310909646703
120892900	0.500125427247374
120894941	0.500211881725832
120906341	0.500374094746331
120907571	0.501291358181369
120910031	0.500142351205688
120913131	0.500379176154606
120920731	0.50101574447384
120926521	0.506010962718069
120928271	0.500680789152584
120937460	0.521722504699602
120942541	0.500135166575939
120946401	0.500173914858423
120946760	0.500247082490644
120951081	0.500233127584934
120952140	0.55988934566621
120952200	0.500283889740996
120953481	0.501519598977561
120956051	0.614404107196781
120957691	0.50059026325017
120960680	0.500305359314941
120963250	0.502348887699683
120966350	0.500264024585095
120967640	0.500190169188938
120969160	0.500138211695165
120970261	0.500139890101518
120971021	0.500663267537048
120971491	0.500129167772301
120975231	0.517442263111321
120978741	0.502113355112257
120982140	0.50023453655392
120982251	0.500360780820281
120984890	0.500134290217741
120985061	0.500142701959064
120987341	0.500324436289131
120990851	0.500146585488884
120997751	0.50018384161506
120999561	0.500170810618256
121007520	0.500172751509067
121008161	0.500190786856307
121011141	0.500257650747632
121011551	0.500182652984993
121018741	0.500204744900901
121021150	0.500191185188178
121029561	0.500156932441009
121030390	0.500163938697423
121034070	0.500502654519147
121058280	0.500547236684355
121095531	0.500518818475037
121096991	0.500757188449464
121103541	0.500302651312865
121112371	0.500198083761146
121134540	0.500504718310362
121155890	0.500598420128393
121156650	0.500560960617185
121158110	0.500549162803397
121169681	0.500249236801905
121171201	0.500370093997479
121172721	0.500423795057388
121177521	0.500243086727877
121177811	0.501557010966232
121179621	0.501724443782458
121181321	0.503591767563455
121183780	0.501886688007863
121187581	0.502174406401782
121202081	0.500217453659313
121214651	0.501187150897789
121215130	0.501169494249455
121263900	0.50021294884163
121274191	0.505915653104238
121282380	0.500163989689019
121292201	0.500412615716255
121293200	0.500365069992239
121296411	0.500219548531662
121300501	0.520098224768914
121307060	0.500184355507458
121320390	0.501188028123118
121329921	0.500724388668602
121336590	0.500709716925549
121338230	0.501585242056329
121339630	0.541703576770659
121344421	0.5001674886123
121345540	0.500183975429656
121354891	0.500248984191154
121368990	0.500547801166736
121383781	0.500597118167384
121385011	0.500272234791512
121397000	0.500163267474789
121399750	0.500191655183238
121408290	0.50835673815877
121411731	0.504148479772438
121416300	0.501502109862312
121433610	0.501833144104961
121447410	0.507736869099142
121458111	0.500258612113241
121464370	0.501930767510234
121464721	0.501833660388422
121467120	0.505201065349229
121467231	0.500333690986823
121469750	0.500196505281456
121470220	0.500150954356343
121472500	0.502712935253291
121472611	0.500284513699248
121476471	0.500385595856391
121479580	0.500144967762976
121480630	0.500139096862123
121481911	0.500132884633887
121485481	0.530032886606421
121486770	0.501559878748739
121492381	0.500165982001826
121496300	0.505458072307118
121499571	0.500127969050896
121505950	0.500406025740648
121506651	0.500487866574745
121517710	0.500206472414028
121518060	0.500436374973826
121527180	0.500203568410661
121531040	0.500164059185692
121539990	0.500126130493285
121551851	0.500445612912015
121552330	0.500196617635315
121557300	0.500246750064938
121559290	0.500142312018562
121559751	0.500304507300366
121561390	0.500146114728749
121561860	0.500240731140814
121567240	0.500243694967871
121567821	0.500197439385587
121568521	0.500129198343652
121584200	0.500183158473374
121584951	0.50049344549457
121588700	0.500191820725253
121596420	0.5002079542158
121605780	0.500218544981771
121608581	0.500245534928971
121611860	0.500186952702965
121616711	0.500582410902281
121618641	0.500115351013741
121626010	0.500149216739966
121626301	0.501243366327018
121629640	0.500211678218953
121640511	0.500600276326852
121643210	0.500253122736495
121653321	0.500483322477584
121657770	0.500198637132386
121659170	0.500147613799762
121659751	0.502157698658538
121662270	0.500215286764236
121662390	0.500138094920552
121662791	0.500130910091161
121663961	0.500122704732954
121691860	0.500291712464597
121693210	0.500127794251295
121701920	0.501104556546879
121707010	0.501215747678214
121717591	0.500139847505964
121725200	0.521004718747204
121726301	0.500404170041443
121743910	0.500241228816858
121748171	0.500383718918897
121749341	0.500161180344765
121764380	0.50016328129729
121768120	0.500435643214307
121772160	0.500136231280356
121774961	0.500180087001508
121775601	0.500246125598086
121779521	0.500286909668689
121782441	0.500210382772246
121783791	0.515179275543956
121785610	0.506487005738574
121803201	0.500413700408282
121808240	0.502679572105584
121812860	0.500662360972964
121816600	0.500181379041583
121817651	0.500161805393908
121819470	0.500253267732756
121828061	0.50013119209854
121828120	0.50025402044515
121830050	0.63643430278599
121834431	0.500268627639415
121839000	0.500391707187478
121842091	0.500118726369518
121849641	0.500667260817584
121853910	0.500364718485244
121870401	0.50061148564312
121872561	0.50791581446616
121877181	0.500472458277309
121896421	0.506391891422275
121901280	0.500452456771902
121937480	0.500273344179561
121939701	0.501874780372216
121941101	0.503727399373609
121959231	0.501089388350224
121962280	0.501216656051501
121963740	0.500139994124841
121971921	0.503186200100945
121991861	0.500351609211667
121993680	0.50013330367657
121996550	0.500746712551124
122024611	0.500332048647105
122026720	0.500368659723785
122059590	0.50044629274279
122070760	0.500256113453905
122074910	0.500636646756308
122105670	0.500158170910942
122111640	0.502745963150581
122113501	0.500177684383934
122135090	0.500357384418506
122135790	0.500495330503848
122136251	0.500210781092913
122136781	0.500160793428237
122137831	0.500117760084862
122139180	0.500364098786954
122144321	0.500249241741932
122144560	0.500141501678391
122153450	0.500419826352446
122163220	0.500169791672063
122163860	0.500168782204056
122171990	0.514951297704316
122185090	0.500261014112816
122188241	0.506898926060353
122192050	0.501486371048149
122201700	0.500205445467113
122203741	0.519432400064946
122204321	0.500196649418298
122209351	0.500649984214938
122211230	0.500387159525391
122211461	0.500378548470302
122211700	0.500171574702711
122214740	0.500132916318589
122215790	0.500729498315496
122217490	0.500335695141143
122217900	0.501898573307241
122223100	0.500806683923327
122224501	0.501654323049122
122229360	0.500166857301038
122235970	0.500148934936848
122240111	0.500774505316616
122241111	0.502482005848857
122241760	0.500261612120263
122245440	0.500149829747323
122251341	0.500189385050059
122252631	0.50137950384742
122255210	0.500128844993887
122258591	0.500309572257965
122264031	0.500147330234481
122269411	0.500127818940575
122270291	0.500188820989071
122270351	0.500125734245967
122281640	0.500143632519761
122286311	0.500525778855373
122293340	0.500209997381416
122293860	0.500170698953909
122294031	0.500447205000477
122296550	0.500425472383772
122297490	0.504518176576317
122297550	0.500672578091399
122302161	0.50313255546708
122304091	0.501766692139753
122312221	0.500136400386577
122314100	0.500194762036173
122316491	0.500179181624437
122322691	0.500610026249765
122324151	0.500219266676416
122325850	0.500213681060597
122332930	0.500293564508447
122335731	0.500149261585025
122341171	0.500136671144819
122341700	0.500171442090156
122348241	0.500525828124893
122350820	0.603768947845845
122351051	0.500165722045658
122352981	0.500206206791509
122353861	0.500164988459945
122357020	0.5006725941898
122375270	0.500234410819224
122383920	0.5031914491765
122386320	0.500154741049122
122396790	0.50019500336995
122398020	0.500122792480958
122399881	0.500159555502869
122400880	0.502066758077213
122401760	0.500127187608912
122406371	0.500126615967804
122410360	0.500430804350612
122417610	0.50025896696684
122420471	0.500172768984671
122420991	0.500157261931717
122425680	0.500128981954255
122428831	0.500124397316151
122429070	0.500250182983068
122435270	0.501322033314541
122447661	0.500387964111933
122456380	0.500124604236578
122463391	0.501793045889753
122468011	0.500240673481158
122472281	0.51515541326074
122484040	0.500276625163519
122486141	0.504369005431656
122488131	0.500150235133021
122489121	0.500114085864518
122490010	0.500831521825931
122490291	0.501868612242968
122499540	0.500520099446431
122501171	0.500136312960732
122517960	0.501298156102657
122520360	0.500254577705824
122521180	0.594956743031525
122545501	0.500228504276991
122546620	0.500135308656891
122552700	0.500427880231574
122555851	0.50122566537358
122584160	0.500138451460622
122587371	0.50139596268971
122597311	0.500152399667302
122600830	0.500121785522579
122604510	0.502939774819056
122604980	0.500286405686063
122613281	0.500140932454745
122623340	0.500310209683854
122630591	0.500152256047489
122646611	0.500202803420725
122650411	0.500238157380392
122666850	0.500922575926789
122678020	0.500158153439185
122681701	0.501191685663445
122687260	0.500551978184892
122695091	0.500163257875429
122713460	0.500227167547581
122738200	0.500132985639494
122748951	0.501164326881047
122752470	0.504180218082453
122756680	0.500181919420205
122761121	0.500184307482264
122766851	0.500323571644412
122771240	0.500132450398351
122771821	0.500570716544475
122773691	0.500127465210805
122775211	0.500223861388852
122781940	0.504694731176453
122782060	0.500947797940666
122807560	0.500169620141172
122828721	0.501143240756314
122832231	0.500380627175363
122851650	0.50055489807696
122852641	0.500368844734597
122855561	0.50070369086426
122856040	0.500136877089522
122860591	0.500329955461621
122865211	0.500300483825178
122866740	0.500301925903167
122868841	0.500184258826826
122869550	0.502745463946369
122885980	0.500155663154923
122892590	0.500147945664867
122894921	0.500264353914447
122895340	0.504392315437158
122905220	0.500329265183455
122915750	0.500293676361335
122917150	0.521634739791429
122918670	0.500138676138271
122930241	0.500140150368032
122930361	0.500844878891033
122936680	0.502990816549814
122937850	0.50016199539943
122937961	0.622769234049994
122942880	0.500140839912768
122952470	0.500512273001358
122964460	0.504922048056947
122977910	0.50025556369848
122988380	0.516036663166859
122994230	0.50984110905091
122998141	0.500162039589807
123001471	0.500163595859315
123017620	0.501230922462858
123025451	0.50030633231293
123027791	0.503993072565806
123028491	0.50012900856447
123030310	0.500356930014977
123043231	0.500166582436799
123044930	0.500573269332748
123057851	0.500192842556151
123059431	0.500309712153915
123070370	0.500839275808754
123086450	0.500181808499032
123096980	0.500148818016819
123104520	0.500527072400505
123107390	0.500204989603133
123108611	0.500728969521524
123115041	0.500473276761906
123116271	0.500439403667667
123123171	0.502164347385593
123127330	0.500150285329108
123129721	0.501367617327741
123130660	0.501697814494241
123134230	0.500456626662932
123134341	0.50046038443033
123149380	0.500873845956782
123155110	0.500155053941303
123157441	0.500284924873286
123163530	0.500699797397061
123165921	0.500475615483879
123166510	0.500237752260717
123173060	0.502574472415096
123181361	0.500171071660894
123182770	0.500436307402315
123184051	0.500124334645452
123184290	0.500173965496849
123185340	0.500186622231141
123185981	0.501642742003978
123187040	0.500309949143532
123187211	0.500136911488014
123187381	0.500175700238501
123189960	0.500210999107342
123191130	0.500125708390178
123193231	0.500202390615468
123195520	0.500137575708314
123200370	0.501071916210843
123207381	0.500242302809177
123208321	0.50049469835581
123213351	0.50013478185323
123215050	0.500158952777592
123217211	0.511538825468766
123217621	0.50021675514102
123219320	0.500205073466776
123222480	0.505782161186175
123227031	0.500143828605049
123228150	0.500159357167274
123229610	0.50011834536847
123232300	0.622320056100276
123234760	0.500166440229138
123235981	0.508190907767429
123237501	0.500140101118838
123246451	0.500145195252782
123248031	0.500314666423716
123251250	0.500142372760081
123251310	0.500215711265672
123253530	0.500154216402937
123265341	0.500123947281401
123268680	0.500215449597613
123271131	0.500235033002189
123272420	0.500161225239355
123278500	0.5001122077728
123287330	0.500486186024712
123290541	0.501685805554631
123307911	0.500212451420954
123308330	0.500422802246413
123313180	0.500169193536131
123315571	0.505579538322422
123325221	0.501824651640827
123328390	0.500510926203566
123329901	0.500129360835798
123335230	0.511004236164501
123345401	0.500224017713301
123348671	0.506113181062764
123352890	0.500355274818044
123353710	0.500232114939132
123353821	0.500530204550749
123355691	0.501452011330362
123357741	0.500139645738642
123361020	0.500156981281202
123364060	0.500140066208264
123372121	0.500116964266817
123377630	0.500160172995291
123377741	0.500128303262425
123378970	0.500125023475794
123380960	0.500358886914231
123390730	0.500212214463699
123392540	0.500245101512389
123393061	0.500248889717582
123408800	0.500125872724102
123411370	0.506365807290034
123415461	0.500292030805178
123416690	0.500263017918497
123417211	0.500129121668846
123421071	0.500227762835605
123422361	0.500184455019912
123424060	0.500424433790379
123425631	0.500159527840768
123433770	0.503162957349116
123437041	0.500200139052891
123437510	0.500274423143202
123437920	0.50072512049601
123438740	0.500230978306633
123442250	0.500210042156068
123442540	0.500570671008332
123446981	0.500210542505403
123457570	0.587237751901274
123460081	0.500613138813256
123465691	0.500484405214099
123471490	0.50124956798238
123479731	0.500161395419222
123491951	0.500127761135451
123492771	0.500175349842969
123498621	0.501287014705523
123510021	0.501281008455847
123516930	0.500237867390774
123525000	0.500845094858249
123526810	0.502400094941001
123527630	0.538337186803857
123540721	0.500401484370859
123550901	0.500152228528141
123571550	0.500151647072158
123575060	0.502356972385582
123578211	0.500199521559356
123607161	0.503001942471039
123608570	0.500219572634305
123609500	0.500133502570851
123611840	0.500159351102294
123623890	0.50034045868302
123628151	0.500761064486329
123628450	0.500200129892646
123630500	0.503256001790315
123634821	0.500139726791577
123636051	0.501655201115944
123639210	0.500143986166784
123647050	0.500124470022038
123652250	0.501025157345464
123659501	0.500409368917676
123660440	0.50047489521524
123669731	0.500132026022305
123670320	0.500490061825983
123671320	0.515258393668198
123675931	0.500158832928265
123676580	0.500149364985126
123682071	0.500615971427568
123687460	0.500506338666201
123688100	0.518955933513096
123692840	0.500188460271651
123694411	0.504262503658863
123697981	0.501504225593192
123704070	0.501416192470753
123707280	0.500637424409529
123714300	0.501021617654371
123715581	0.500491770615377
123717571	0.504515233337156
123718920	0.500554658626712
123723591	0.500290482804109
123724061	0.561474062637494
123725171	0.500168433400068
123728220	0.500389893524883
123736170	0.50019751129549
123737511	0.500120130467895
123738801	0.501117281923202
123739800	0.500132346419369
123740261	0.502332245403014
123747161	0.500125040840433
123747340	0.500472660929665
123754001	0.500142105477737
123756170	0.500129822217424
123757050	0.500177568082489
123761790	0.500391808946947
123769911	0.507107895507006
123771721	0.500173596865385
123772140	0.500465229376669
123776760	0.500205710970806
123779450	0.500342933036462
123781781	0.501582180125843
123785701	0.500236156313193
123788681	0.500149278785046
123790611	0.50014998458226
123792370	0.500112843392782
123792541	0.501395399697626
123792550	0.500129929153576
123793600	0.500927048604843
123795530	0.50270799793878
123800210	0.500137554843545
123805991	0.500160096572966
123810611	0.50241034345557
123818340	0.500891300807874
123818391	0.512494030886898
123822610	0.500412495673296
123826640	0.50028211572783
123827050	0.502164761066293
123828750	0.500340722125913
123841021	0.500253500270059
123841781	0.500150163006232
123851781	0.500373940762509
123858681	0.500140418894357
123861781	0.502090907813092
123862131	0.500140782995385
123862191	0.500142738285245
123863250	0.511688020013145
123865001	0.500148839750494
123868921	0.500568654559649
123869911	0.508037026683503
123870381	0.500134790758733
123870671	0.500162609398689
123874471	0.501123559055945
123878050	0.500160057230453
123878861	0.500261914614132
123883301	0.501341953206384
123887161	0.540900619083246
123891320	0.500134141473298
123895761	0.500428933672655
123902601	0.500200521338489
123906401	0.500144869806132
123906641	0.500177259459678
123911670	0.501325112549307
123912721	0.500216486233519
123913191	0.501197174319961
123916470	0.50014464923118
123925761	0.500142030682579
123928220	0.509509650232006
123929510	0.50049624178972
123931841	0.500133252829445
123936410	0.500135210660848
123936700	0.500139650451004
123943131	0.500764125782093
123951380	0.50168559806026
123959450	0.500247573468193
123961440	0.500374427136789
123962021	0.500153170261513
123963660	0.509620976677617
123980851	0.591561409140833
123981730	0.500400811505562
123985360	0.500155300950831
124000561	0.500616840067476
124001081	0.500261383508394
124004890	0.500164105429824
124008571	0.500124697274094
124009741	0.525988751471265
124012960	0.500122450904863
124013080	0.500265070491398
124014190	0.500175221348899
124016351	0.50610853811647
124020501	0.500118647957059
124024540	0.500219090084559
124026590	0.506624772986666
124030031	0.501177232818684
124030211	0.500879755177156
124032380	0.501581544702852
124035821	0.500249690077204
124043891	0.500177648636343
124050381	0.50016627791416
124051201	0.500150029485603
124057640	0.500186990975403
124066120	0.500463182061159
124079280	0.501189657755277
124083780	0.500155548933243
124084711	0.500177580497169
124085241	0.500171337719263
124089451	0.500143202196986
124093780	0.500197887244551
124098691	0.500229528985443
124105241	0.500126804348719
124105360	0.501243871934496
124105531	0.500115607746741
124106231	0.500176330935687
124113481	0.500527624611749
124127751	0.505214533833217
124132380	0.500207370053823
124135950	0.500447708925205
124136581	0.500207873621151
124140971	0.503342991381809
124142790	0.500125087610086
124146120	0.500137645464166
124146761	0.501882169581029
124155531	0.500136295651636
124158930	0.500429225155728
124162030	0.500189597171628
124162781	0.500170946722896
124164190	0.500170744724146
124169340	0.501284412247373
124178110	0.500281657456082
124186530	0.500571470566067
124190980	0.500187952627923
124195010	0.500151516166125
124196351	0.500440853085158
124200220	0.505346745282739
124202431	0.500144366300793
124206761	0.500124395365058
124221210	0.500154040465336
124225420	0.502506873116213
124231270	0.500183380033721
124233191	0.500276711988676
124235130	0.500396461799894
124242901	0.5001143087304
124245540	0.500210911611328
124253960	0.501328694930428
124258691	0.500158296723262
124264490	0.502816274754106
124267521	0.500158945609207
124272081	0.500169045444169
124272150	0.500145748349053
124276881	0.500357620259057
124281441	0.500183346473994
124283200	0.500156528907092
124290971	0.500453603056765
124291040	0.500215423370491
124291330	0.500544735816837
124298350	0.50020322127485
124301450	0.501355087061948
124301561	0.500165369137504
124306070	0.501914298614229
124308990	0.500123595286772
124321561	0.500238034716831
124325540	0.500138363880759
124333730	0.500164747050055
124340860	0.500148755518391
124341330	0.500275167095192
124341851	0.518237751840451
124355011	0.50092752580648
124361091	0.500575683443512
124361450	0.500299520082495
124365711	0.500144324022638
124369691	0.500141036503554
124370510	0.500382738700379
124377530	0.500692602281654
124387931	0.640416411330007
124388640	0.50027521565712
124388811	0.500219874796036
124393721	0.500174279276395
124394780	0.500287449206346
124397581	0.500169956663623
124403730	0.500273464881992
124419930	0.500132012442775
124421911	0.500944842934949
124431911	0.510087968462311
124440690	0.500137269803958
124443500	0.500229495461787
124461561	0.500154359031613
124468581	0.502655899860182
124472620	0.50018934426997
124472671	0.504609565744435
124507300	0.564450089830504
124518760	0.500551772103201
124518940	0.501858193892355
124531681	0.504085981667998
124551800	0.500204920750532
124568180	0.500214133658533
124581331	0.500157043473163
124584371	0.500761509415823
124587001	0.500228912160112
124593141	0.50163391189181
124605601	0.588072284766865
124612450	0.545891345612236
124613901	0.500151574094615
124627770	0.501468859909096
124649811	0.500235811186481
124656421	0.500154730967997
124674030	0.527240404921909
124676011	0.50164909523126
124690050	0.51685546420539
124690631	0.500174406426123
124690691	0.502395416500769
124694850	0.500152637161303
124696421	0.500216653591469
124701801	0.506404235535454
124704721	0.504880248838632
124705200	0.500175396877571
124708240	0.506493171853065
124720460	0.500493852559407
124720571	0.50013940779645
124734440	0.500156090695043
124736250	0.52248306574486
124737710	0.500184395225817
124742510	0.500329642229132
124746891	0.500151872584095
124754021	0.505693830001808
124755311	0.500130167911171
124760571	0.500295176556416
124762151	0.500174460999039
124765900	0.50117860385061
124768650	0.507102770365065
124777540	0.502385487805122
124780401	0.500184347386673
124789060	0.500125577109553
124790460	0.500326301709667
124797591	0.503702855593091
124800230	0.500612652850909
124803390	0.500492939010136
124807181	0.500131664607743
124807420	0.500245474701348
124812331	0.500182616311208
124817651	0.500422211676555
124822920	0.500311819127248
124832971	0.500124523830742
124834961	0.500143399586546
124842630	0.500168882054002
124844730	0.500182603541994
124857711	0.500441815541293
124865491	0.500220241101202
124871340	0.500688403221958
124874790	0.500177528599762
124875721	0.50016796200348
124877181	0.500274544750846
124878420	0.501673471540986
124879590	0.500235814399543
124882450	0.500368639600331
124883740	0.500282166101563
124886831	0.500298649637918
124887480	0.500330441239433
124889351	0.500381256104935
124892391	0.500158510690482
124896140	0.500117645775576
124915491	0.500129521460751
124917071	0.500950942485108
124919650	0.511661145853719
124921340	0.522808432785979
124926251	0.504235056843058
124931580	0.500165623790178
124940640	0.513349706003274
124945841	0.500202391208262
124947651	0.500113766569249
124956891	0.500262613006682
124959650	0.524947862743188
124967481	0.500840215140571
124969060	0.50023380648322
124970111	0.500175112075863
124980051	0.500399649260905
124981400	0.500165659572706
124981870	0.500723144666597
124984031	0.500252906191065
124996550	0.50026546234518
124996840	0.500158249159372
124997250	0.500154232234972
124998070	0.500124451674276
124998241	0.502582313254731
125000060	0.500257039923325
125009701	0.500155268444938
125021981	0.50014784033641
125027250	0.500235410092489
125028360	0.504480895643861
125045320	0.501191970015768
125046371	0.500344009476932
125046670	0.500140427343453
125057071	0.500642226746771
125058890	0.502379300976261
125066311	0.500165204609511
125066541	0.500289294547914
125066781	0.501574515354602
125067421	0.500143258161559
125076191	0.502218230750657
125081230	0.50017785143319
125092690	0.500125775205774
125102741	0.500184181798045
125107071	0.507962320761358
125107430	0.500183787999104
125107660	0.500541520043304
125109291	0.500150494808985
125116490	0.500162167050379
125121341	0.500136380792824
125121640	0.500257704346927
125124620	0.500216429336606
125125440	0.500301121317726
125127891	0.50013952378526
125129590	0.500294658936344
125138361	0.500154709828513
125142280	0.503585122072319
125144501	0.501854762863661
125144560	0.505897948841751
125147080	0.500149594246913
125150410	0.500460934780153
125154911	0.500633637309237
125156550	0.500218370996132
125159351	0.500378823939793
125160530	0.500724557584675
125166311	0.50013226591504
125168651	0.502050699053888
125170931	0.500170860100798
125172101	0.500357522730207
125172340	0.50016534059624
125175790	0.500122370241985
125176380	0.500538535685629
125180530	0.500135892879639
125187601	0.513684262342704
125196550	0.501424941875594
125196960	0.500187320282612
125197140	0.504558660183656
125199351	0.500200292793376
125208011	0.500177714611543
125209770	0.5002490582313
125211871	0.500197381020866
125220470	0.500312443264622
125220820	0.501651614325279
125243621	0.500154262390314
125244971	0.500200402981966
125245791	0.5048535572573
125246141	0.500140778521611
125248950	0.500133046779242
125249830	0.501073535235348
125255270	0.500341174105058
125261760	0.500269501886035
125262101	0.501322007814278
125262580	0.50266723592757
125264330	0.500298780753562
125271350	0.500499796401196
125275031	0.500972851965301
125281640	0.500271019679861
125282110	0.544557398775145
125286610	0.500814947760745
125286730	0.500181767846411
125287080	0.500177752754806
125299070	0.500145396156282
125300180	0.500222849814448
125300530	0.500566066169102
125302751	0.500862108861629
125302870	0.500153412633088
125304860	0.500652861152008
125307900	0.500961317727849
125308421	0.500798354087858
125313041	0.500170607401832
125318250	0.5002185924366
125321171	0.500351945062389
125324091	0.500192164035771
125345970	0.500185994284417
125346081	0.507086693690609
125349070	0.500164833445607
125349600	0.500165430131002
125352401	0.50016277350291
125353980	0.502871723531755
125354040	0.500216046764339
125356841	0.50032314984935
125368370	0.500462594392653
125390411	0.565453488394209
125394800	0.500131521208507
125411470	0.501428605757834
125413741	0.500251582091751
125413801	0.500284395877676
125420411	0.500177467644654
125423451	0.500197270858906
125429651	0.500149867573434
125430701	0.500610506710606
125435040	0.50963638047555
125445210	0.500383549532257
125451820	0.500316320334171
125454331	0.500141970068835
125454630	0.500455741666089
125455740	0.559417561615318
125458430	0.501018640333115
125461350	0.500323552754801
125462580	0.500401568717114
125470710	0.514326559763503
125480420	0.50016611230325
125481590	0.500441044135239
125483511	0.500147627545651
125484860	0.500317350839765
125496321	0.500181457839008
125496620	0.500163813522248
125499720	0.500437928383218
125508720	0.500430621022232
125510070	0.500136740212976
125514681	0.500251985670624
125515740	0.500187867524808
125516671	0.503752971575489
125518200	0.504267454872778
125520121	0.504305354157954
125526090	0.511492602393441
125528131	0.501399289157069
125530360	0.500139950790261
125533981	0.500542868877883
125544741	0.503446371736148
125546500	0.502686833748853
125551240	0.500115216796967
125559540	0.501128760604047
125575330	0.500134709409838
125595621	0.505730311065845
125598371	0.500133569630817
125601650	0.500136073792214
125606680	0.500256053069766
125610061	0.501261661173552
125615211	0.501342607042473
125619720	0.500303964904119
125621061	0.50019751242215
125633050	0.500315496973914
125644391	0.500141270195837
125650830	0.50079594267898
125653221	0.5004937776759
125658721	0.50018898983223
125658900	0.500742915494869
125662171	0.500242669262681
125669780	0.500294421064629
125670881	0.500332287934089
125675800	0.500198828226604
125676330	0.500102091298817
125677500	0.500187482845836
125678260	0.50542557037885
125679891	0.500160433317965
125685741	0.500174803277233
125686330	0.500122514023665
125694741	0.500211371055741
125703640	0.500211402954806
125703990	0.500132093987459
125706040	0.500436360245247
125733811	0.500336567540866
125738670	0.500315010141352
125755920	0.50516442685243
125763111	0.50011070438994
125771411	0.500347575681232
125774810	0.500183402432834
125778140	0.500550809078723
125792530	0.500337973127181
125796151	0.500450793426377
125804750	0.500178911122471
125804870	0.500159062914026
125807901	0.500482607768889
125807910	0.500228731418641
125808901	0.500373110755531
125818781	0.500149815808604
125819251	0.500253756696364
125824861	0.500465541882349
125837620	0.501632934164338
125841710	0.500181537159302
125860540	0.500434294814999
125861411	0.501100559773469
125870421	0.506994968579451
125873700	0.500615174529049
125874221	0.500239216540926
125887731	0.505710174046362
125896330	0.500445933186524
125898021	0.614264329145341
125901531	0.500154968613511
125902821	0.500219258412733
125926450	0.50060015396591
125926920	0.500425555768045
125929140	0.500741447842424
125941181	0.500220528593278
125946621	0.5002799057707
125953401	0.518666687289175
125959601	0.500312818208573
125960541	0.500130204342063
125968081	0.500171793325144
125982300	0.501807847730915
125990071	0.501126413160392
125993000	0.500992167737503
126017390	0.50016207047244
126017791	0.500129034568364
126018961	0.500770631915266
126025280	0.500361290025433
126028611	0.500188821574367
126030951	0.500153999432972
126033000	0.50053349434901
126036980	0.500213891722127
126038081	0.500236760371631
126039670	0.500470327947674
126043120	0.500558419150584
126049200	0.501957579893287
126052590	0.500130219934618
126067091	0.501648932554911
126070490	0.500222636544251
126075930	0.500276430085284
126077791	0.569612481694826
126081130	0.500698963900236
126093761	0.504456301769874
126098201	0.500136116499828
126101071	0.500145310918749
126104811	0.506597542877675
126105580	0.50162179333322
126106220	0.50016119403081
126110661	0.50158715021761
126110840	0.500166893723606
126118910	0.502962914197913
126122010	0.500168687262306
126135810	0.500134523527337
126143590	0.500190673602716
126150311	0.500573127029572
126150601	0.500580931126489
126151310	0.500356587945177
126152061	0.500119205135367
126155230	0.530266853253699
126159841	0.500181841268572
126166801	0.524784187726311
126168031	0.500130519922043
126169030	0.500181696808271
126172591	0.50093007841581
126173180	0.500559364073503
126176391	0.500243169364463
126183991	0.500410520284442
126185691	0.500478015734652
126186391	0.500226021862734
126194060	0.500265540620903
126194410	0.500125499773028
126194521	0.504108133009408
126195691	0.500168042909205
126201361	0.500155459235707
126202941	0.51412688248965
126203061	0.500169227823846
126203300	0.501240800431012
126207040	0.500117943269584
126207211	0.50014315379779
126208330	0.500132086660025
126230021	0.500823831889918
126231071	0.500166733318804
126232540	0.500308989178612
126241891	0.500884989558439
126250721	0.500313861020101
126252651	0.500197839284386
126257800	0.500420041443842
126261361	0.500441240431751
126266571	0.500270542833386
126267390	0.500223837185165
126268851	0.637961704148567
126270781	0.507049537773484
126271601	0.501013882821561
126273770	0.500118909942269
126278441	0.50023583847345
126278680	0.500238661660045
126280021	0.500192479141434
126283061	0.500306834760077
126283471	0.500335035102309
126294051	0.500407064029537
126294641	0.500558715162015
126296750	0.500187291593599
126317741	0.500125540670863
126319671	0.500182271756773
126320841	0.500268910215457
126322420	0.500273040668298
126330781	0.500156440116242
126332130	0.500165072132149
126333001	0.500282645890809
126339150	0.500154939216626
126339500	0.500181460376099
126353591	0.508617720445016
126354171	0.500315175737684
126356520	0.500182305054066
126363471	0.500135754114782
126363821	0.500161139347513
126385000	0.500122708564381
126389381	0.502563968810193
126403591	0.500225245476523
126408561	0.500158594694429
126413830	0.50076726201323
126416981	0.515090651924831
126440431	0.500127086604898
126445171	0.500173937921143
126450440	0.500304780272696
126455700	0.500968369771133
126462190	0.500220368853121
126462600	0.500146405439116
126471721	0.500513299566698
126478211	0.501396301453181
126484411	0.500398809711821
126486921	0.50068326514161
126487861	0.500258355214671
126494471	0.501759860973324
126494650	0.500655489732782
126495000	0.500173216072611
126500090	0.500375519099099
126509560	0.500165198511245
126515111	0.500150375386855
126518971	0.501616734070202
126526050	0.500114839354913
126526870	0.500333042354395
126526990	0.500174707998568
126533190	0.503761456308203
126534120	0.500118171806499
126534650	0.500160488164527
126539731	0.502572451765477
126548100	0.500182702326599
126560560	0.500953005911814
126562891	0.531442928930474
126564121	0.500284574854248
126566631	0.500133492405205
126566691	0.500170619819546
126568920	0.50044257808344
126575120	0.500233520438947
126575931	0.500155869225232
126585871	0.500447414816763
126586631	0.500671442709004
126587340	0.500518720417393
126588510	0.502312626770644
126592780	0.500181202064781
126594411	0.500265176462317
126601311	0.500327336892271
126610090	0.502361813155534
126611661	0.503719281126999
126618220	0.500475053755117
126618860	0.501152204491238
126620790	0.50017401300241
126622131	0.500864204966847
126623941	0.500189612035385
126625701	0.500171398386292
126627340	0.500166806941849
126631550	0.500270038747658
126632131	0.50015271846383
126632191	0.50029146616135
126641021	0.511615938864365
126647400	0.500135894012604
126648211	0.500156582191376
126648570	0.500165483766809
126663591	0.500221245339439
126664010	0.500131120835394
126664770	0.500122510763654
126669501	0.500185246156474
126677981	0.501095602610491
126683241	0.500166259261467
126689031	0.500874087957932
126696230	0.500372853096341
126707170	0.500137548855248
126711610	0.504383153694034
126715171	0.500136060538852
126720500	0.52743156928292
126722490	0.500362461272833
126726350	0.500336608749372
126729851	0.50044005367609
126739911	0.502819299297387
126747341	0.500232281424158
126763131	0.500444584890497
126766290	0.500699511448854
126775880	0.500992246571478
126792251	0.506901808237445
126797050	0.500344219852684
126802311	0.500173513295737
126803020	0.500739720752793
126819211	0.500261683428273
126833310	0.500266446447707
126845940	0.500246787188616
126868801	0.501215287817285
126881090	0.500303438878192
126885761	0.500544460984326
126886820	0.50016155978388
126887170	0.500198809754891
126890851	0.500231588724216
126892610	0.501179321995369
126894420	0.501712664192719
126894771	0.500516712418513
126898050	0.502969872523199
126912311	0.501273266577252
126912900	0.500122864415826
126915061	0.500200541177365
126919211	0.57489237116764
126919860	0.50028775436326
126921321	0.50146421565179
126931551	0.50015299615215
126936470	0.50023447567564
126940441	0.519661550607253
126942380	0.500135845758608
126945070	0.500229197044967
126949980	0.517385595841909
126950620	0.502217376374947
126955001	0.500389019565796
126960740	0.518488965328217
126960860	0.500289469531097
126961671	0.500372205618016
126963430	0.500366529202544
126965821	0.500138024654569
126966820	0.500145694011346
126970620	0.500154376880545
126970791	0.500229304139081
126972721	0.500805607445611
126981551	0.594223520848685
126992781	0.500170044547456
126994241	0.500128687645254
126996291	0.500314265363002
126997401	0.500313106940252
127002491	0.500248075554942
127008750	0.500179314535102
127009391	0.500665262246924
127009801	0.500228325260617
127011031	0.50051338808389
127013311	0.510798629694079
127020390	0.500810958448253
127029271	0.500206056607
127032440	0.511923657293886
127033780	0.500240047327166
127035770	0.500644863774239
127038101	0.500182059881191
127041270	0.500155828349323
127045770	0.500136861979212
127048511	0.50014764539738
127050561	0.500152774773814
127057051	0.500130776084448
127058341	0.500138052514608
127063191	0.500185234529321
127066180	0.500199582518921
127072380	0.502065714553745
127076351	0.500230217381384
127083721	0.500184591527095
127085591	0.50438584376317
127086001	0.500161000158314
127089681	0.500190404031167
127094421	0.500549256257971
127096880	0.50019522348224
127100331	0.503842358533171
127103260	0.500166576968331
127106351	0.500311809758644
127111970	0.500769267203294
127112790	0.500488509660647
127117231	0.501097464261697
127134481	0.500229834241888
127149981	0.52177412469341
127153721	0.500200545429511
127155480	0.504062814126935
127157871	0.502439684739978
127159810	0.500232930889529
127159981	0.500169132881154
127172491	0.500183308398381
127181270	0.500138097977085
127181381	0.500318326286061
127185600	0.500183617936994
127187991	0.500230450938909
127191620	0.500181369645196
127192730	0.500134235143217
127196531	0.500838555440791
127197641	0.500276691691532
127204720	0.500181097073548
127216181	0.50175640012463
127218871	0.5001607622674
127219631	0.5487746478435
127244310	0.500341057727441
127244720	0.500293171699683
127246531	0.500346365335902
127249161	0.50024062450536
127265660	0.500530110034925
127268051	0.500127859457768
127271740	0.500197460571875
127282970	0.500166476341674
127285361	0.501141479360791
127286300	0.500332373004364
127290750	0.500182267247722
127293371	0.500154846962892
127299930	0.500177944078047
127300220	0.504340101773331
127304200	0.500378999434276
127312611	0.501250127389812
127314610	0.500131341525781
127314960	0.500293005393314
127322270	0.500169454544018
127322791	0.500224145636835
127324080	0.501557261203035
127324610	0.500176445974478
127326471	0.500122221838724
127340340	0.50015106352392
127345660	0.500129630400903
127350511	0.500523086616852
127352560	0.500491780248236
127363781	0.534424423290214
127365250	0.500615679414128
127378581	0.500949943415203
127382740	0.50033921841269
127383030	0.500158649447696
127383841	0.551598116355358
127387821	0.508622962831104
127392330	0.500161580713311
127392620	0.500165922202633
127393021	0.500178961715616
127393431	0.52074718984408
127393500	0.503869675916285
127395831	0.502052711993002
127400810	0.5011180963686
127404670	0.502325638156004
127410810	0.500169753192072
127415780	0.500239313543186
127419700	0.500137373356355
127425771	0.500150053895389
127427001	0.500155105785116
127429870	0.500210029696211
127431390	0.500127923727293
127432441	0.500221936405434
127434021	0.500375418530941
127435011	0.500805591736342
127439990	0.501467962175185
127443551	0.50020584596586
127447701	0.500967265654306
127449221	0.500322505174544
127450340	0.500136531162983
127456070	0.500209242074666
127459051	0.500194938162808
127462441	0.500215072491377
127463431	0.500618032710361
127465771	0.500147367990411
127469981	0.50053752302783
127473611	0.501912050550299
127478000	0.500240017694007
127479631	0.500189245709708
127486361	0.50016279437825
127489691	0.500704649820219
127491450	0.50048537173526
127493901	0.50022387905599
127494670	0.500411923936581
127504311	0.500287849867047
127504730	0.501152893258091
127509751	0.50015005118449
127510801	0.500117560530855
127512091	0.500162995846763
127516480	0.500137166259843
127516890	0.500185996989155
127517531	0.500278269242811
127519700	0.500638377142546
127523030	0.50104535616248
127526600	0.500172406104575
127530110	0.500584613769792
127532851	0.500127403587828
127534721	0.500537821897396
127540870	0.501680934127511
127542381	0.508069306483448
127542501	0.500162695566721
127550870	0.501013650254513
127552031	0.500249811504719
127552151	0.501430771158413
127552441	0.500204463827784
127559691	0.500593560670246
127561041	0.500145733090029
127570170	0.50028457903546
127574311	0.500117022690903
127578991	0.501459168699429
127586190	0.568522922485707
127586831	0.501168316930842
127590101	0.500161096287542
127592270	0.502146905427587
127601741	0.50150607621062
127611681	0.576944725761791
127611980	0.503891384700387
127612680	0.500166866381474
127614320	0.502344488928365
127627181	0.500334254468857
127627420	0.500747306454943
127636831	0.5001479871761
127638411	0.500238611371868
127645020	0.505524636118311
127646421	0.500125515956001
127651861	0.511115395151866
127653090	0.500401228856481
127654611	0.503870157849415
127666891	0.500163959452358
127673910	0.50014796411795
127674371	0.50048894087511
127676891	0.500132525865853
127677591	0.500441485986707
127679581	0.525338403224126
127681101	0.500221264240043
127689171	0.500471492246933
127690341	0.500298393978917
127694500	0.501075692282428
127698471	0.500147493432233
127700640	0.582678004865338
127701340	0.50031194216791
127701980	0.500116559136063
127704081	0.502020214417347
127707420	0.500232643462101
127710691	0.502528085725093
127713680	0.500236436407727
127717711	0.500137517504979
127719171	0.505244949361075
127720341	0.500158672319547
127720520	0.500469609649822
127722211	0.500158909900395
127725191	0.500164654911952
127728180	0.500264476864464
127729811	0.501497062698078
127730520	0.503000541132929
127733970	0.50013681951452
127734030	0.500137772334073
127737941	0.500122292667623
127745841	0.502897401789215
127750751	0.500787950286692
127752681	0.500552398210636
127758411	0.503739641622542
127762510	0.500194734229992
127763091	0.502284017165452
127764500	0.500158184825088
127764560	0.500151298918957
127767600	0.500519560621463
127768770	0.504350308332246
127773731	0.500148858309322
127776481	0.500187393362295
127778471	0.500975537529964
127779641	0.50188173331
127785431	0.500278560499066
127787771	0.500151974420878
127800230	0.500874563316355
127805320	0.510064645279867
127808650	0.524942868551966
127813330	0.500118032885396
127814141	0.500600569721898
127814671	0.500128618020159
127814970	0.500307832543992
127817190	0.501241579668684
127817651	0.500157119145105
127820640	0.500137166039731
127822160	0.500650574189908
127823620	0.500193574757571
127826661	0.500387779796951
127839880	0.500256021188922
127843501	0.500805002325329
127851870	0.504010484423452
127853911	0.557642029578875
127861631	0.500663979522706
127862860	0.50080852698656
127870111	0.500149075927181
127880461	0.500135720577192
127886960	0.500534986611604
127902041	0.500292784694358
127903040	0.506905935685848
127908830	0.500693798769027
127909231	0.502156920415552
127910410	0.500185497346952
127911341	0.50015060806363
127914440	0.500219150443762
127919761	0.500127382512255
127923561	0.500220174346177
127929240	0.500846900620962
127929470	0.500319427173209
127932331	0.500335368740861
127932801	0.500180460181946
127939641	0.500151840432055
127943151	0.500185810718105
127961460	0.500501560681059
127964791	0.500136096124098
127964970	0.502591801620855
127966430	0.50129429341169
127970120	0.500170672190034
127976251	0.500125223394286
127977891	0.500617868993686
127978360	0.500227788045001
127982801	0.500131950514865
127984150	0.521454144361127
127988881	0.542591966943612
127989180	0.502483316513479
127993390	0.50033645335399
127999300	0.515985785109047
127999881	0.500179008743524
128010401	0.500144449114642
128013561	0.518577829346858
128017191	0.500130487390535
128031811	0.500162233120278
128038830	0.500709701451428
128043220	0.50021413547715
128046730	0.501451355821394
128046841	0.500457327500227
128049761	0.501838297680516
128059881	0.50058563333326
128061350	0.503992007280287
128070171	0.500193823028611
128072571	0.50036094168882
128073860	0.514702715915067
128080060	0.500152676783213
128080231	0.500416110837123
128080581	0.505293043482227
128080871	0.502392525660392
128081401	0.501809162753926
128091751	0.500315282784517
128097601	0.500412007880504
128098651	0.500303294984595
128099070	0.500126213075864
128111700	0.500151590672043
128127071	0.500512776173168
128149821	0.500383686590744
128157370	0.500314320821597
128157601	0.501825902041747
128164911	0.500770735563087
128165261	0.500797218348497
128165910	0.506225470990089
128169010	0.500258807381167
128173980	0.504944088718633
128174390	0.512439996597143
128175560	0.500308871981664
128178301	0.500474779070648
128179061	0.500204894786047
128179420	0.502316543719897
128183741	0.50013165497352
128186141	0.500145105326825
128191051	0.500140558084019
128193101	0.500274804025186
128194561	0.505021974889665
128195611	0.500138398724507
128195671	0.500219171959222
128197481	0.500944059176819
128199480	0.500152789135569
128218020	0.50025992679269
128218131	0.500344418523823
128229821	0.500131589920047
128231051	0.504967934228904
128236371	0.502283774384059
128237311	0.500123724854508
128237661	0.500123500108292
128239480	0.500413806170474
128241820	0.500425875800777
128243451	0.500146721875258
128245270	0.500312537213579
128245321	0.500182558889695
128246030	0.500210547349603
128246901	0.501518934498007
128248310	0.500134738544457
128254621	0.500120093734292
128257951	0.500614685590914
128258950	0.500163459250952
128264160	0.500161330908318
128276090	0.500348070825593
128276961	0.505505373992605
128292110	0.501149959881403
128294740	0.500431209787696
128298370	0.504626217811154
128305270	0.537540931698413
128305381	0.501866974444384
128307080	0.500143920511087
128319711	0.500181747370674
128321470	0.50026734781431
128325210	0.500504878707423
128333921	0.500281376872373
128339711	0.500130854325485
128348071	0.500203591289952
128349190	0.500203861748899
128350061	0.516330404117012
128355151	0.500167112224889
128358020	0.500668339950237
128359420	0.500292012757167
128363631	0.500178420020493
128370300	0.507278756545313
128372520	0.500579228972609
128376030	0.500876422861384
128376901	0.503741218812665
128379591	0.500293336681919
128381171	0.500139608825853
128383511	0.500220349777234
128398891	0.500191883075658
128399301	0.520235119654517
128408071	0.500434331460381
128409950	0.500253703277828
128411180	0.50017017636787
128413340	0.520113629377798
128413801	0.50100273826897
128419421	0.500220294977968
128432000	0.50017694416102
128439771	0.500118991673473
128446321	0.500434153479276
128448541	0.500139307626488
128455031	0.500137354559341
128455040	0.500190667611187
128458200	0.501451115207385
128460001	0.500516347737426
128464801	0.504692040615424
128467371	0.500318975174932
128473981	0.500295420681488
128474101	0.500680252591886
128475740	0.505496013449788
128490531	0.500169025582629
128495860	0.500655036604592
128503101	0.500137122917811
128504160	0.500751074414806
128505390	0.502430203010299
128513341	0.500699217131662
128514801	0.500171998609945
128524980	0.500206491387858
128525211	0.500142312707855
128525390	0.502804370360927
128526261	0.500532081095584
128529190	0.50026096718039
128536560	0.528698902164087
128539011	0.500304619069119
128542051	0.500213192576803
128546611	0.500134144142957
128549301	0.50250389530813
128551001	0.504755654402664
128557730	0.509169897302461
128559541	0.505085330086232
128569131	0.50019200979679
128569951	0.500425519152262
128573990	0.500173588451807
128574161	0.500194308994304
128574921	0.506061004006065
128576501	0.500290960403528
128577380	0.500210441966904
128589780	0.501746213989898
128592111	0.500161550294909
128593700	0.500681413249535
128609430	0.500141886382283
128613221	0.500137224903605
128617431	0.500727122397349
128618960	0.500216177700814
128629831	0.500140284639709
128640651	0.527030563534757
128648601	0.500192581196516
128649131	0.503022456860169
128651010	0.500156003794913
128653700	0.500758547058981
128660361	0.500180845992286
128666151	0.500179968591318
128677671	0.5006192873007
128683000	0.500513574500388
128686501	0.502281606911425
128698721	0.503249681928967
128713350	0.500253650728913
128713691	0.508258097095523
128719960	0.500480689915698
128724110	0.500257772771909
128724451	0.50013633864668
128730591	0.503424516253321
128734511	0.500668720212038
128734870	0.536331852077993
128735271	0.500163215298463
128739891	0.500171429060644
128748200	0.500181477330309
128766501	0.500178026312247
128774990	0.500215614637552
128781471	0.500188757893835
128785570	0.511500727188614
128792991	0.500175244846395
128798371	0.500254307751395
128799721	0.500122763655338
128802821	0.500160968246874
128806211	0.500158319625407
128817791	0.500201132813523
128818380	0.500561237507168
128821950	0.500462068926178
128828371	0.504093036461434
128830600	0.500476814856534
128853581	0.500166358247672
128873700	0.500256590564025
128876450	0.502389851755919
128878081	0.500137789798334
128881950	0.500158373842228
128882650	0.504012217229778
128889661	0.50684199048765
128901480	0.501123555187979
128902590	0.500177842280615
128907150	0.50018838355354
128909721	0.500432815578159
128913940	0.500539739097818
128929140	0.501218457099539
128930131	0.500383019710051
128931420	0.500629888699192
128937560	0.500160396168237
128941070	0.500567627344218
128951711	0.500142913202757
128952351	0.500623289790626
128956971	0.500225424358577
128957680	0.500179162063708
128958901	0.502005464596787
128962471	0.629915198848485
128962761	0.500196940867771
128965280	0.500584919341889
128968671	0.521872362749162
128973231	0.501966358801988
128973820	0.500621036253987
128980840	0.500203146070413
128982240	0.500500736846893
128983240	0.50072096568757
128989251	0.500207224602392
128996160	0.500429580942222
129000661	0.500176989280611
129001660	0.535630137957133
129002591	0.500218236155936
129006681	0.500432623371026
129008620	0.502893930500036
129010430	0.500312279247203
129018500	0.500564488987186
129020601	0.507474949560316
129027911	0.500130067096658
129031011	0.500175292715065
129045571	0.500271967610539
129045631	0.500848138136663
129047911	0.500164255212906
129053820	0.500131368127458
129053991	0.500541100520986
129054461	0.500167768300067
129056801	0.505363225366475
129060481	0.500153817814858
129066681	0.500159751066626
129068210	0.50867391613823
129071241	0.5006689981607
129071660	0.500384505768652
129073180	0.500138488785617
129073820	0.500136183700582
129084871	0.500233462501976
129086570	0.500374078735763
129087800	0.500433577418026
129097971	0.50011518415074
129104401	0.500161698832074
129106681	0.505629671627507
129121541	0.500186624805393
129122540	0.500173857597403
129123411	0.500494169464576
129131780	0.50015624979405
129136810	0.500396657356409
129153650	0.500169692908824
129160670	0.500821904582823
129167151	0.500405362299663
129168381	0.500178313459865
129175051	0.50054403899305
129177271	0.50126682449344
129180661	0.50031626646877
129190490	0.500290231500053
129190610	0.500154311154366
129191481	0.500206902322286
129193291	0.520856279617502
129201310	0.500210253540874
129203010	0.500132265708989
129211421	0.500155431372508
129213351	0.500234643977713
129217980	0.500846203768194
129220730	0.500148847942046
129222301	0.500179041898576
129224350	0.50024398968527
129229961	0.500131754072821
129235751	0.511767735228819
129236451	0.501557194110768
129236921	0.500311693064744
129241840	0.500230847705623
129244461	0.500516514996274
129249841	0.500544122552771
129258321	0.500280038166395
129271071	0.500663332526925
129281541	0.500161221763145
129302071	0.51256823436671
129348501	0.500236973442421
129352370	0.501977005086246
129369910	0.500498044860492
129389381	0.500224751949753
129447280	0.503745811246056
129456631	0.520963795278573
129464061	0.500180936771834
129472131	0.501251997964095
129483600	0.500198334908101
129508920	0.500226567855319
129510090	0.500178125225672
129564590	0.500149423023483
129566000	0.50012329118476
129568041	0.500199922135669
129568561	0.500444486730927
129580261	0.5013929631912
129606521	0.500743000142656
129613950	0.502047799965172
129627810	0.500190321553347
129629791	0.50092038990972
129639211	0.500691416112041
129642541	0.500394886124886
129653651	0.500304773904881
129656461	0.500124311075585
129660791	0.613277644478074
129664941	0.500207153149917
129668861	0.500220360358259
129670611	0.500200511965126
129673071	0.500162240840592
129678271	0.500637428212554
129682020	0.504923981076003
129689851	0.500157712034122
129699681	0.500448401531973
129701551	0.500130766930423
129703600	0.508186565428536
129703660	0.500148965115438
129704420	0.50050660153881
129707341	0.500323578002276
129707691	0.500142169916921
129710150	0.500149394672667
129711371	0.500390152430337
129726290	0.500141291519561
129728050	0.500235853502063
129731910	0.500984394840998
129733190	0.500318896707151
129739160	0.554435235213542
129740671	0.500160915672542
129753891	0.501742894057826
129755770	0.500125070032764
129767981	0.500275448358579
129771081	0.50018125206492
129781491	0.500139829379565
129782550	0.500144381987532
129784531	0.50183093785145
129787290	0.500166671248879
129788571	0.505718147568641
129801141	0.500147497707017
129815061	0.500559306578928
129816470	0.500156132344463
129822550	0.503668311181749
129828161	0.50121136831719
129829971	0.500174613641202
129830040	0.500215989603298
129834181	0.500126560257991
129836641	0.500185854077535
129839630	0.568193281490826
129842431	0.50023996360627
129844361	0.500251286701411
129846350	0.500164538038348
129855471	0.500362023415732
129856111	0.500192495737039
129857760	0.500160064600576
129858281	0.500174831090669
129858400	0.500143025886014
129866760	0.500165646718114
129876240	0.500310727749555
129877461	0.500164817330339
129881321	0.500769148378915
129884241	0.50046422043577
129887461	0.500185690008169
129891090	0.500734367307983
129899451	0.500136272538456
129905710	0.500181065861507
129913370	0.503554532519116
129917751	0.500133599301094
129920450	0.500238156381088
129921141	0.500148511330489
129921381	0.521331714342078
129924011	0.50014095728272
129928990	0.500377791201421
129932670	0.50511835655916
129934190	0.50022348860709
129940040	0.500281284434083
129942790	0.503187856416162
129947051	0.500154076240957
129950211	0.504290388489808
129969340	0.500903892906328
129974600	0.500202126254856
129975121	0.500139539452551
129982850	0.500406104995465
129986641	0.500285925271354
129986940	0.500263057190067
129988810	0.500641008696248
129990330	0.500190890971743
129995881	0.500188758741031
129999861	0.500130712958944
130001851	0.500908484131107
130002141	0.500131678775271
130015950	0.50051410177216
130016240	0.500530617220191
130021740	0.500250325031993
130022910	0.500170629994835
130029511	0.500210062925679
130033550	0.500385091237273
130037350	0.504212035365181
130057641	0.500191485281794
130064020	0.500165576306286
130064780	0.50219761056667
130071791	0.500148542803951
130097120	0.500134940847606
130124370	0.500216491628506
130145771	0.500140282322539
130149110	0.500162580557631
130152500	0.555108230148404
130164020	0.500490776241936
130188751	0.500216103967013
130189861	0.500252141152075
130196420	0.500143580736005
130240101	0.500119526421207
130250920	0.503388668641884
130268171	0.500540276441258
130270101	0.501819977032032
130278111	0.502018926622229
130280331	0.506587060513857
130282910	0.500247851852453
130283730	0.559905309889397
130284601	0.500124519967402
130293850	0.500200448761709
130306121	0.500142927189496
130309460	0.500545679398822
130318530	0.500121326259738
130328410	0.500265635742492
130330391	0.50022174660556
130333850	0.500151651987458
130341971	0.500169942693222
130342441	0.50093539720478
130342731	0.500314171728639
130343901	0.506368911025063
130365421	0.501713950782508
130370630	0.500120059728672
130372501	0.500143897909475
130373491	0.500158678081237
130373841	0.503686626246661
130376181	0.50017687869878
130378641	0.53057326206589
130380571	0.500181901760097
130382040	0.500416124598323
130403551	0.500161536132996
130409631	0.500418890985508
130409811	0.500819720662636
130415131	0.500192121195983
130415541	0.500238433774896
130420571	0.500551638649438
130423790	0.500335267905293
130427761	0.500141147692217
130431160	0.500138103169675
130438530	0.500159090376556
130440400	0.50020388764461
130441220	0.500367392296523
130450460	0.500163237322731
130455840	0.500129249397944
130460801	0.500341879253911
130465140	0.509021535082738
130475891	0.500260492304266
130477121	0.500170494509913
130477770	0.516651588957201
130486301	0.5001738467588
130491451	0.500469838441007
130494781	0.505175277351131
130508171	0.503272442130199
130509410	0.500135761649452
130518530	0.500871349318641
130519000	0.500146585924855
130522501	0.500440503863394
130522510	0.500155114568462
130529051	0.500940710747484
130539760	0.500611260342833
130549111	0.500265671235028
130555951	0.527806415275961
130557881	0.500269981054569
130561801	0.500147615574048
130562151	0.50071079342599
130563090	0.500150339111084
130564610	0.504012331172386
130564730	0.500152511549245
130573731	0.500571668529675
130574380	0.500184638281062
130577890	0.500435003058354
130586831	0.501094203391895
130605951	0.500623331510339
130606020	0.50022879219464
130607010	0.500521327827919
130622450	0.500135752847068
130623791	0.502680795630116
130626131	0.500322236614082
130632911	0.500257471076651
130640460	0.503124272702928
130642800	0.500182867404972
130644500	0.501807802605827
130645431	0.500133374169245
130647711	0.500171115337387
130650870	0.50015375986975
130652220	0.500129079926614
130653731	0.518201685723439
130661460	0.501130889860856
130675371	0.503724947149755
130677830	0.500235533560544
130680580	0.500148621895522
130682570	0.588407788859936
130688650	0.503430764735099
130689470	0.50014750763598
130689940	0.5004639124999
130691460	0.506237691980696
130709461	0.50050533808529
130719291	0.500139466118387
130727070	0.500156189022929
130747070	0.50019219416722
130763911	0.500243876344701
130765781	0.500404555173938
130776891	0.500139535439006
130782980	0.500147342244565
130797310	0.500124227843141
130821281	0.501103482538896
130821511	0.500201519972862
130824910	0.505936932694809
130825901	0.500530523368985
130827711	0.500212403299404
130843390	0.500339750977449
130854850	0.50015136862779
130861230	0.500126475437693
130866601	0.500179160071757
130904970	0.500177833005623
130908181	0.500178627873785
130908881	0.50036086151549
130941640	0.500805012670359
130943980	0.500877322751039
130950991	0.500259311923089
130957771	0.500145000280053
130960231	0.500382250173692
130982981	0.500174321214198
130993980	0.500261894876134
130994151	0.500161519441164
130997140	0.500278453944499
130998301	0.500192699914294
130998950	0.51453241010042
130999300	0.500189530951694
131023391	0.500192667013195
131024390	0.500148109667888
131026841	0.500163581050822
131044561	0.50128216863035
131084800	0.506121889077889
131086021	0.500307882909494
131124510	0.50242486233211
131133331	0.500205410610719
131135611	0.500588912208236
131138831	0.500176565903438
131154800	0.507283302217532
131158310	0.500150500699456
131162230	0.500213486462774
131169061	0.500206327330783
131189360	0.50069884004575
131199181	0.537681967385976
131201871	0.50030467447742
131201880	0.500150248670063
131206670	0.500180471899061
131208780	0.500268566737893
131210291	0.500309949760208
131211461	0.500160686843201
131220240	0.500407173161194
131226380	0.503750253138381
131244450	0.50057733735045
131245441	0.500337973110437
131248131	0.500369951439801
131254980	0.500154855686471
131283981	0.556939073991259
131287371	0.500133321285764
131288080	0.50151231663062
131298840	0.500401961168055
131306090	0.531923294547537
131306321	0.500756658561035
131311931	0.500205083933585
131312350	0.500318539693487
131313050	0.509387852731338
131316141	0.500260115758199
131317371	0.501168432542544
131325031	0.500198727284793
131325911	0.500588666989357
131330360	0.50045781922255
131336961	0.500144122927404
131339310	0.500131408938361
131345151	0.500141734736661
131356731	0.501500258452502
131363340	0.500158013873207
131366440	0.500559249575785
131367960	0.500191728652489
131373050	0.500141924331554
131378541	0.501320371035794
131410241	0.500234186194833
131411120	0.500131482572312
131418490	0.500389462582687
131423460	0.500141334978533
131427491	0.500221113723853
131432401	0.50929271114858
131440471	0.510686066598291
131441120	0.500151922063155
131447551	0.500323815071389
131455800	0.504111919909872
131467841	0.500123423639939
131469301	0.501190148126735
131470181	0.500663123675277
131471180	0.500113320672701
131471291	0.500164237117689
131473631	0.500318076048194
131474161	0.501455427026555
131482171	0.500122214475631
131489660	0.500562545201415
131496671	0.504178392946217
131498840	0.501039746488526
131501940	0.500165039826707
131505450	0.50025373294533
131508251	0.500398178016587
131510420	0.502004591187183
131512871	0.50242501323815
131519891	0.500295600369542
131521360	0.500426197095775
131525741	0.500288094595915
131531360	0.500149378881709
131531821	0.500163805992071
131532470	0.501742150220175
131536620	0.50197064837151
131537141	0.500318904157516
131554690	0.500239015317336
131562350	0.500318629141881
131563700	0.51406003238851
131570181	0.500145916747678
131577901	0.501228154085897
131585570	0.500330340358925
131587210	0.500179608649591
131589840	0.500242284674152
131592701	0.500820235157256
131603811	0.500444263239568
131608380	0.500271692558873
131611181	0.500379571632476
131639661	0.500185632462867
131642590	0.500717208162772
131643000	0.500129694022245
131643290	0.500245733982106
131652171	0.500233551076641
131660301	0.500121605373301
131661420	0.500139252308619
131672880	0.500425707200277
131689311	0.500150816899224
131689550	0.500126764275117
131697090	0.500256688116766
131706791	0.500143731052233
131711300	0.500145826630874
131722001	0.500202112629869
131726911	0.504655845282976
131733521	0.500201930652333
131734110	0.500152017640997
131735280	0.501465839447876
131767560	0.500164055017093
131773350	0.502365222250511
131802351	0.500446416432619
131802821	0.500959702957717
131813060	0.500155819529713
131822411	0.500175952685304
131836980	0.500206596308239
131873000	0.500139135758492
131875340	0.500406767506672
131879431	0.500861600682491
131880191	0.501787531415329
131886160	0.502502897958962
131890840	0.500228651586878
131895870	0.500139130079069
131911830	0.500361617375483
131920900	0.500307276399067
131924230	0.500556915183543
131929200	0.500138530273957
131940020	0.500112869985814
131941011	0.500183974947386
131942821	0.500531394608443
131947390	0.501133688108802
131949781	0.504490975365455
131950131	0.501844983349821
131968321	0.500694612004689
131971071	0.50012445298044
131972941	0.500534606809321
131981481	0.511325945692043
131988261	0.500883116408535
132009141	0.500225660296358
132017851	0.500430936656066
132019790	0.505347922263885
132020140	0.500165700483047
132023701	0.514406594686068
132024410	0.500249004298886
132028321	0.500580199657877
132030541	0.502709741088597
132033001	0.500160070050955
132033120	0.500639127971734
132035981	0.500127611943908
132046050	0.502920240598569
132055930	0.500385531896156
132056801	0.500592824619036
132057851	0.504388838543635
132059201	0.500992811947821
132065401	0.5002823088627
132072950	0.500480144738374
132075050	0.500135386260588
132076690	0.500129866840837
132097800	0.50026117260083
132098680	0.500767379882923
132112241	0.500132327501413
132113471	0.500220649905343
132116050	0.500457885097688
132116340	0.501887782825459
132118620	0.500582810988197
132119380	0.500328555397287
132121430	0.500630724660753
132122181	0.500164236689938
132122190	0.533883981286151
132128560	0.608056869225598
132137681	0.500161779337751
132142771	0.500144106793571
132143710	0.500313736825061
132151481	0.539857692482087
132151720	0.500155628467331
132153701	0.500213196083247
132161601	0.502676229215408
132161831	0.501937142131556
132162241	0.500158711282909
132177920	0.502241185139877
132187160	0.500253788781423
132190021	0.50014852971611
132192181	0.500352061998403
132192190	0.50017014854974
132211191	0.500353648133702
132211481	0.500174046345226
132214000	0.500191001771522
132215990	0.50643691459258
132222720	0.500142448009054
132224880	0.500503101241403
132225111	0.500136172232928
132232190	0.500134848666125
132233471	0.500168192496051
132234761	0.510646513251531
132236631	0.500132788067682
132238911	0.500164195748074
132249270	0.500181079534763
132251071	0.500281652991922
132255350	0.501001742530674
132258091	0.500136756442482
132261490	0.506499296418263
132263411	0.501255789332952
132270200	0.500650340201625
132270260	0.500484522375269
132284351	0.500708955656551
132287340	0.500174981959544
132293420	0.500742663355479
132296170	0.500440237931057
132296281	0.500173112186622
132300730	0.500184999206266
132304991	0.500129449687795
132310440	0.500277774610799
132312720	0.53377092149843
132314180	0.500163941501056
132318450	0.500157724277153
132321191	0.500489452305695
132322361	0.51710407410182
132323070	0.500196983588643
132332831	0.500344763243551
132332891	0.500251772934733
132333241	0.500315481360376
132335060	0.500217503261224
132336990	0.588328048532957
132337570	0.506212614408972
132344710	0.500307295632752
132345290	0.500162873228486
132346751	0.500200703869145
132349270	0.50015605198314
132351490	0.500257523289936
132353480	0.500575429646506
132357451	0.500287672785959
132358040	0.500153833970347
132359321	0.500274861245278
132360491	0.500404042023679
132362011	0.500163573227299
132368920	0.509157118660769
132370440	0.500507904306347
132370500	0.500192346822559
132376811	0.50032762937811
132385461	0.500140373334455
132395581	0.500300742040678
132400961	0.502455756847468
132430850	0.649127116331145
132432310	0.500590375861354
132435760	0.500130267972906
132435931	0.500734098657551
132442891	0.530678653749046
132443890	0.500198641757776
132472131	0.500530820986315
132486760	0.500130104983474
132495530	0.500174824078852
132504531	0.523738951524165
132512550	0.501081711105494
132517400	0.502269822613414
132525931	0.500450630846055
132535240	0.500188010000561
132545991	0.500136507445157
132549381	0.50724407961148
132580910	0.502128285904481
132584070	0.500803278408831
132592960	0.500399065335976
132609621	0.500775634678235
132612311	0.502035765844619
132616051	0.501880523033437
132620680	0.500625189067809
132636700	0.503471655812426
132640210	0.500755317206782
132650910	0.500515826627088
132659040	0.507532352352925
132659920	0.513684268622301
132664360	0.500144485525423
132687990	0.500652212180965
132751090	0.500144527347215
132765701	0.508458178732964
132781440	0.501768499824088
132784591	0.527241931973871
132793900	0.500172068862407
132802610	0.500311690970439
132814250	0.500145781695149
132815061	0.500131097848741
132815761	0.500624600427186
132826410	0.501382218664614
132826931	0.500334967311041
132829741	0.501347641485341
132837931	0.50027026708452
132840851	0.500584111786306
132841910	0.500135544996859
132857871	0.500153389469268
132860740	0.500167247916941
132866351	0.50440117486056
132871551	0.50022741514927
132873721	0.500962058525077
132876001	0.500487435583069
132879451	0.50151089969607
132881671	0.500226779754218
132890091	0.501422414092193
132891090	0.500294784286695
132892670	0.500857712327035
132896530	0.500251157708448
132912081	0.500185261258039
132917060	0.500441411753604
132920911	0.50026133039059
132923721	0.500150180648672
132924301	0.500142640181297
132926120	0.500177947665007
132930510	0.500473568700426
132930980	0.500122706569144
132931330	0.500252402319427
132937120	0.501148665936707
132943260	0.500145826617425
132946471	0.500212032481282
132960920	0.502976077441468
132961321	0.510882005323817
132962141	0.500171459037036
132970860	0.500265666105802
132985830	0.503410273062095
132987760	0.500152627461559
132988930	0.500279465408699
132989340	0.501520830400295
132991560	0.500155897965413
132992320	0.500347879613246
132994601	0.500153425302355
132997470	0.500392286184146
133011740	0.500149411804844
133011800	0.500201438080735
133014541	0.500161375035822
133016180	0.500215165084985
133018221	0.504129870693038
133018461	0.567426083096049
133020271	0.500143369849898
133022141	0.540633213312354
133023200	0.5002186830474
133024020	0.509483588009593
133025941	0.502624237155472
133029460	0.500162209345796
133035301	0.500128872577379
133050630	0.500224254755416
133052440	0.500199138440539
133054490	0.502774337730034
133056240	0.500197575964975
133058631	0.500180473705589
133062141	0.500630933883797
133071731	0.510567259791997
133084550	0.500254510786082
133089400	0.502059246002406
133096360	0.500226873123124
133099281	0.505866653758476
133111091	0.501979952288503
133119101	0.500167223983185
133134191	0.500149071985057
133134490	0.500154891403671
133138461	0.500239775358379
133152850	0.500169780186658
133163721	0.500417658431322
133164661	0.500725700059468
133168461	0.500202229974183
133179921	0.500156017092695
133180690	0.50020236688598
133181621	0.502293875885692
133188060	0.500478168018073
133188640	0.500444294915706
133192090	0.500304438355225
133193431	0.513228950306651
133193440	0.500216344253384
133193850	0.500284318556826
133195361	0.500149170216414
133196941	0.500185835263488
133198350	0.50016318686334
133203781	0.500140501948093
133203961	0.500198247371917
133204020	0.502180556770902
133204080	0.500249358956417
133204550	0.500180585263478
133209400	0.508264016018119
133212671	0.500716670925376
133222671	0.500174317377733
133222731	0.500253812274374
133223320	0.500245884243613
133225310	0.500272439625358
133238931	0.500140077178556
133239990	0.500159303135734
133240690	0.500132256439771
133241040	0.500229538444105
133241621	0.50782879580829
133244900	0.50020482117457
133253841	0.500180495844007
133265250	0.500306619488959
133267940	0.500212356946352
133275541	0.502301575558343
133281630	0.500155445246826
133285250	0.500171415189841
133288700	0.50014794282577
133288871	0.500235119171114
133292210	0.500262411972634
133296130	0.500283702000302
133296540	0.500137368050819
133309640	0.500304279736775
133312560	0.500150885577874
133339051	0.500145541288804
133342911	0.500152835316839
133350221	0.500612035737863
133350511	0.50014051354286
133351920	0.513656868570836
133365661	0.500235146233687
133366361	0.500205963413309
133369000	0.500154556315833
133379111	0.503635068485118
133381160	0.510655693012819
133393961	0.500564196641783
133407420	0.500140433751018
133410460	0.500298265213038
133426890	0.500134159826406
133427061	0.50030792700877
133428530	0.500187350508391
133429580	0.500121587876416
133466011	0.500325855538362
133466301	0.500184992126754
133466310	0.500160432233321
133466421	0.500134494174964
133466660	0.500174112435058
133466831	0.500164641780334
133469811	0.528026942186326
133473791	0.50018555378887
133481220	0.535090830311573
133492570	0.500507543906941
133499581	0.500460786915745
133508880	0.500281352784084
133512561	0.500140131808957
133512740	0.500173223465546
133513381	0.500125875708401
133513671	0.500470589147305
133523611	0.500329373495514
133529060	0.500321148105249
133530520	0.500150760861428
133533731	0.500666072491198
133543851	0.50127028797248
133561331	0.50169106730795
133564380	0.500265033610446
133568471	0.50015416875453
133576541	0.50018518778304
133583390	0.500553271204326
133588121	0.50319441838945
133591460	0.500661524524478
133598590	0.50013140939526
133599760	0.500355969499958
133600051	0.510042287122204
133602621	0.500132942845338
133604790	0.50014589058235
133604910	0.500131952152099
133621511	0.50030667050034
133626191	0.500291512976742
133627771	0.500127551973513
133632630	0.500167375995125
133644090	0.509103515812703
133645140	0.500195540810942
133664261	0.500200458848774
133681110	0.500306483739657
133683450	0.500171546874499
133686020	0.500173534060305
133698710	0.504465795311998
133717421	0.500141879152385
133726721	0.500416585304242
133732280	0.500535401891164
133746251	0.500145101851023
133749761	0.501393841448363
133750470	0.500246581470555
133753510	0.500857058835991
133755021	0.50116486938054
133769821	0.50015809282975
133781230	0.502265541888384
133786601	0.506457035398565
133790871	0.508295066224078
133798301	0.500150290566558
133815901	0.500136306190875
133819701	0.500215145307529
133820051	0.500987626527412
133820060	0.50249763691243
133825910	0.500805279635393
133832690	0.502861346481307
133834501	0.500163737393643
133849001	0.502159008092459
133854390	0.500433193870337
133861520	0.500162963718112
133865901	0.500222376534324
133867541	0.500257055178397
133868941	0.50030955403135
133871230	0.518489404195055
133871640	0.501705256674885
133876490	0.50149413136131
133878651	0.500364832370342
133881631	0.500131885708864
133883220	0.500177595803597
133891110	0.500133930015236
133894321	0.500360803440392
133898011	0.500166632610554
133900111	0.500597756575137
133907131	0.500154516830027
133914680	0.501299397351845
133920000	0.500183005303199
133927660	0.500147929876395
133929420	0.500310721289792
133931691	0.508218098303547
133941000	0.500169183570197
133942870	0.500119476272265
133950581	0.501846545951283
133952750	0.500140144751314
133953690	0.500120025955295
133955620	0.500195488884871
133956380	0.500133789886211
133956431	0.50019327612699
133958950	0.500713908897872
133959070	0.524081367292636
133968651	0.501218961229608
133972400	0.500313431358864
133976081	0.500198783902322
133977780	0.500191878860876
133983630	0.500694536900285
133984800	0.500495068414192
133989941	0.501036361154569
133993570	0.500177493280874
134000120	0.500251460539635
134003160	0.502026546681685
134008011	0.500526189670801
134009480	0.500178137514256
134015321	0.501651767138459
134015731	0.500227968753154
134016440	0.500159463314575
134019070	0.500682730848501
134026670	0.500502706679215
134034680	0.500126664253431
134038950	0.500165198425381
134040581	0.500513917782168
134040820	0.501378457429616
134041461	0.500181202765313
134044971	0.500183978413146
134049300	0.501023468405535
134051000	0.500195610861281
134061290	0.500147383985676
134061461	0.500111552932833
134062990	0.50159961774101
134067780	0.500527416515254
134083741	0.500128249255588
134085031	0.500469085669229
134088660	0.500964801192589
134088780	0.502161974679291
134095791	0.500372612151564
134101820	0.500194444029307
134104100	0.500174283885381
134111581	0.510096042518646
134119480	0.500189876049841
134122281	0.500136202581649
134123460	0.500889434404457
134128020	0.52139086272425
134135150	0.500157460375665
134137670	0.500372246245327
134137951	0.566132315598637
134138771	0.500522787066007
134142691	0.500279522006068
134149830	0.500124513111809
134149950	0.500691704572342
134152051	0.500356463664774
134152341	0.500307066882243
134152751	0.500193512666758
134159600	0.611685736336366
134166500	0.500223471678306
134167550	0.501018100548101
134169010	0.502459238775841
134171700	0.500523009573134
134172401	0.500133181547107
134174040	0.504066443359859
134176491	0.500160953899603
134177670	0.502294074193007
134181760	0.50012169141582
134184160	0.500357645732929
134192870	0.500155653646682
134203870	0.500149910096402
134207311	0.500453477099216
134212401	0.513400916698905
134213340	0.500192472846013
134237081	0.500137205425986
134242461	0.500232700970882
134245501	0.500209806640579
134258140	0.500647865966634
134293451	0.50023382444859
134295100	0.500293481883898
134297440	0.500155485583588
134306381	0.500126734974805
134312760	0.500149765321705
134323861	0.500169664857534
134337730	0.50020366878645
134356031	0.500450372953181
134358430	0.502920271222227
134366560	0.500183922713806
134372111	0.500208180404249
134379310	0.500204421645455
134385800	0.500166819138712
134387201	0.500152656958731
134395621	0.500699073518084
134403161	0.500246318752398
134405271	0.50014713718746
134406791	0.502936601327743
134406970	0.500298872104962
134407790	0.500150764927174
134415501	0.502618405345778
134418960	0.50050787150911
134425220	0.500771165833565
134430070	0.500592300785248
134432051	0.5002329633073
134435741	0.501572713878924
134449541	0.500244026195264
134454041	0.500127334790301
134458021	0.500288265583771
134458200	0.50056989621068
134464400	0.500278465360409
134464981	0.50015416268015
134473981	0.500180095336784
134478610	0.500488681438026
134479951	0.500254071499369
134486040	0.536902176300866
134487901	0.50011725928585
134488900	0.500540421570194
134500181	0.500278242248823
134501761	0.500209178163293
134502641	0.500756705631572
134504280	0.500130507736194
134519900	0.508617518134559
134526151	0.500143780433449
134529780	0.500136329712936
134530651	0.500216238160188
134532231	0.50013556841422
134533871	0.500364774843132
134537150	0.507973315340908
134549720	0.500264599394904
134550241	0.500124928782546
134554221	0.500473023539593
134557910	0.500181768964336
134561591	0.500166225865972
134566860	0.500171843650906
134567790	0.500194807991729
134577381	0.500908606230127
134581830	0.500127494583516
134584170	0.500499930336475
134589430	0.500244055545908
134591420	0.500145488183927
134595101	0.66507281558871
134600301	0.500159429653838
134602291	0.500283243825017
134612411	0.500538510704379
134613461	0.500136753195134
134613521	0.500264396946055
134617150	0.500154634412909
134619191	0.500125939432983
134622470	0.500279010921799
134623350	0.501197035152212
134628721	0.500455496996978
134638721	0.500225491438201
134644511	0.500285734077905
134644520	0.502977673021865
134662710	0.501163835234991
134665630	0.500304739462059
134665741	0.502188239845297
134679020	0.50074382677349
134681241	0.530395552499208
134681651	0.503674153111415
134682240	0.500123663107674
134687560	0.503064420656896
134701881	0.500141972526809
134703410	0.50015711090113
134703461	0.500988045416681
134709140	0.500480855017413
134711890	0.500197420917716
134713641	0.5003470750269
134721770	0.501580141360763
134723111	0.501277031866252
134735741	0.622762803130202
134750660	0.500826360126391
134750831	0.500367231900115
134757441	0.524692062981207
134764811	0.501658983930567
134771190	0.501019922147791
134774230	0.500163195021053
134777151	0.500195552010449
134804230	0.50104229646261
134813931	0.637593120677979
134820490	0.500331004075859
134821011	0.500193105683137
134830720	0.500461669811742
134833410	0.500195980979229
134872241	0.5092638042849
134915930	0.505974290885398
134951950	0.526854842114944
134953291	0.514806729872101
134957740	0.501222455826043
134962070	0.500253240816067
134962531	0.502281124068346
134977561	0.500248210218023
135055640	0.569560715528732
135069850	0.50013741974761
135070431	0.500155265393837
135081011	0.500129928700908
135100431	0.500157542302329
135107331	0.50013139409294
135108330	0.500138638124478
135126520	0.520501974141562
135135691	0.500263258959548
135139620	0.501021701618654
135154650	0.500339113250858
135174641	0.500563584859488
135176691	0.500363857512234
135185290	0.50014078807802
135209560	0.504563873923076
135210551	0.500265840970399
135218211	0.500792236226776
135225521	0.500500689197153
135235111	0.501623077410571
135237741	0.500313118297981
135239961	0.507143505886973
135254001	0.500290446748134
135256110	0.509964283466144
135256520	0.500264344581993
135274940	0.500679797096582
135278091	0.500135949340561
135283941	0.501216918987532
135290670	0.500182723677789
135293770	0.500191873626387
135294530	0.500349798765023
135298390	0.500282372251928
135301251	0.50014682126206
135304180	0.501068952056206
135306290	0.500163792955278
135308271	0.500347676232836
135308331	0.501750171656578
135322011	0.500362931138909
135325350	0.500453294044257
135333881	0.500233962473701
135335051	0.500351399188971
135344300	0.504683407042507
135345231	0.500390555718616
135347801	0.501128279873807
135369270	0.500169701355371
135370090	0.500724655668022
135377101	0.505381052467662
135391081	0.500262237615498
135391311	0.504321396837956
135395350	0.500903834151275
135396401	0.500169337182934
135412251	0.533617684702804
135412310	0.500737355361393
135416580	0.501172071503067
135423130	0.525501299787808
135423890	0.50772285793233
135433711	0.500594792288188
135441730	0.50026454314963
135445231	0.500203571123605
135445240	0.503584426157324
135460321	0.500285961800364
135465701	0.500136707223363
135469381	0.500154101937007
135472601	0.500338713438026
135472960	0.501807723167918
135486410	0.500376448449919
135488391	0.500288327424626
135492020	0.500183345352363
135492370	0.502072300862674
135492430	0.500128604604748
135523361	0.500201163905394
135530090	0.500187795155903
135530210	0.500943309563863
135530500	0.50320212005923
135553660	0.506132394875871
135554241	0.503384807194511
135557930	0.500788580702811
135558050	0.500149082844795
135558741	0.500158871710171
135563250	0.500155094062128
135577341	0.500437328214782
135577751	0.50015305801802
135595590	0.517343163254183
135595761	0.501624322992554
135597930	0.500372836882671
135601611	0.500181590058122
135606171	0.500339015081852
135607520	0.503097397875257
135607640	0.502025416183569
135613430	0.500914100433995
135613951	0.500175651547418
135628050	0.500122483014282
135643831	0.500383399525196
135648810	0.500693345658539
135651901	0.500135452043775
135657290	0.500483305587704
135658861	0.500816438535006
135659040	0.503260632239633
135659450	0.500143985928131
135665180	0.500200413168907
135675300	0.500136715957933
135691910	0.501590439449156
135692960	0.500232509542577
135699980	0.500169195194846
135706000	0.500142248128004
135706231	0.500239462683069
135716231	0.500436963091389
135717640	0.50028068976553
135720091	0.500141771515573
135721440	0.500161729440067
135726590	0.501866180614575
135727410	0.500152914778062
135730740	0.500493570672121
135731321	0.527618648261199
135740211	0.500702743503019
135741090	0.500175174845955
135745761	0.50015870769487
135746641	0.500159198649808
135757000	0.53651923877627
135760501	0.500123962918567
135762200	0.500163051940169
135763960	0.500906065079827
135769391	0.500383130878026
135775181	0.500150170636717
135781551	0.500176452202027
135787990	0.502979445465697
135788580	0.500451066797119
135789681	0.500172093137736
135790160	0.500427008303046
135790860	0.501572540427498
135790920	0.500622088672633
135793780	0.500318779356916
135797350	0.500202618965538
135798221	0.500222325375276
135799681	0.500630066865052
135802081	0.500285691936452
135803891	0.500144084034294
135810441	0.500507909810467
135810621	0.50097537555984
135811910	0.500344511527333
135819041	0.50014954649998
135826650	0.500283590514382
135828110	0.500169784006236
135835130	0.502209005011619
135836641	0.542674722866009
135838571	0.500114595369067
135846710	0.568376341715728
135848631	0.501067461485883
135849570	0.504006710747717
135855301	0.500142475647489
135855480	0.625084441760898
135860151	0.500190927598974
135860980	0.500386593543007
135865480	0.500522135340156
135865941	0.500194180195367
135868401	0.500251688963355
135873900	0.500130974229701
135877461	0.500156075829845
135878110	0.508842567782198
135880091	0.509648120772404
135883550	0.50013528358737
135890741	0.500118065120389
135895651	0.500205461471916
135903960	0.500201356740237
135913260	0.500182537388584
135920331	0.500883951813121
135925531	0.500205813709829
135927811	0.500757567242574
135929221	0.500155573551734
135930860	0.500655200350496
135936590	0.50023055301029
135937000	0.500178828751777
135952030	0.509738662132262
135952261	0.500138594692666
135962261	0.501010648739894
135964131	0.50045445257591
135967530	0.500162022524326
135969520	0.500375026876122
135970681	0.500199049536428
135974020	0.501889644538316
135976360	0.503341739570348
135986650	0.500176656583241
135996710	0.502988319722933
136002551	0.500165564576602
136005600	0.501904988499999
136013030	0.502587880358983
136016240	0.500154994311125
136017111	0.502384819708622
136021620	0.501068455698761
136023491	0.500167184148278
136031040	0.500635749344076
136032850	0.502066426227063
136034720	0.500143795565886
136039050	0.500158434529359
136058060	0.500442124581395
136077650	0.500834497521263
136099511	0.506480823407208
136120570	0.501038135823546
136135131	0.524470862712633
136138290	0.500538864981614
136138470	0.501946897642466
136140861	0.502287927536214
136147710	0.50023194064516
136147821	0.500136301706668
136160630	0.502070155841731
136166241	0.500443053861762
136174260	0.500265125313401
136174840	0.500158182008314
136180810	0.500659895261974
136183261	0.509648369523561
136189221	0.500151065975578
136198581	0.500329212986841
136210101	0.500147733042962
136215011	0.500142049210334
136216121	0.500115087370823
136227710	0.500331288678691
136232970	0.501677284022729
136234320	0.500291145513041
136244550	0.526284056185298
136256301	0.500302650719184
136256531	0.500133548183587
136259051	0.502462660678634
136259110	0.50015262850233
136262321	0.505974966000166
136265131	0.500915037736187
136270520	0.500486300992081
136270690	0.500122155630623
136281690	0.50023654545141
136283090	0.500273300585993
136283551	0.50029965722902
136288530	0.500180697394908
136297010	0.500796564676647
136301391	0.500200046952584
136311220	0.503370169249616
136315430	0.500337566828945
136317941	0.500128614668244
136324141	0.500237414002376
136325490	0.500656714719254
136327830	0.500568784753971
136330400	0.500882687750425
136331510	0.565519194055976
136332851	0.504669912714045
136333560	0.500130558786028
136335311	0.505846255333309
136336950	0.501093308280023
136337411	0.50059190142685
136347890	0.500910007701277
136349580	0.500254182718398
136368171	0.500127787822243
136369461	0.500130231965344
136369640	0.50020867330448
136378581	0.504241976160142
136383961	0.50013208213052
136390981	0.500317875977367
136395251	0.500296152203828
136397411	0.500146310650779
136398590	0.501172169647485
136401160	0.500271400003454
136405891	0.5002433452885
136406481	0.500398565751759
136406831	0.500320104859529
136407531	0.500851147719959
136424850	0.500142285010939
136426771	0.500151518561717
136427950	0.500342958336463
136428710	0.500254172344544
136431041	0.500265259013923
136431511	0.500120075618458
136443261	0.503503628667538
136444611	0.500141060032653
136445781	0.500146479882632
136461041	0.500500701594658
136462390	0.500766741709872
136463381	0.500212513125328
136477890	0.500265516694032
136480221	0.500162433743822
136492741	0.525993537644163
136494560	0.500767831045781
136501801	0.500200740471883
136502741	0.557666602703395
136503381	0.500145620370559
136521161	0.500174364460019
136550580	0.500130823117089
136551400	0.50026921970165
136563680	0.50014017805981
136581170	0.50012361390921
136582391	0.500231015948682
136587301	0.501055683416623
136587310	0.500211722962603
136589111	0.500469957244844
136590640	0.500461977356237
136591801	0.500198059590436
136602630	0.501371669444105
136607301	0.500828215968611
136612041	0.500366701609753
136616900	0.500392476324811
136619060	0.500742901169799
136623390	0.500224198150384
136623791	0.500141510463691
136624910	0.501289419834687
136626370	0.500470453727496
136627831	0.501150162213971
136629641	0.500212818376155
136630051	0.500444461358131
136637600	0.520958593090256
136648770	0.500562820342372
136648941	0.623065636620075
136664611	0.517452793611761
136668830	0.500165266396893
136675141	0.500234986354619
136676020	0.500138216974663
136677190	0.500163561556653
136677310	0.500126879479024
136678360	0.500132139367666
136691520	0.5001384223986
136695491	0.502476181758235
136698950	0.500229892447526
136703851	0.502418703476021
136715380	0.500161777981417
136729471	0.500301250719669
136731290	0.500212575052171
136736430	0.500239947840375
136738600	0.501239765552945
136745431	0.500752036463068
136751631	0.502014736058242
136770290	0.500679607316282
136770820	0.500195003326676
136773220	0.50091679688355
136788950	0.513732399970774
136793681	0.500131869155937
136802101	0.500133486228091
136820000	0.503817934397496
136830111	0.646827774083842
136830461	0.500276380560563
136840231	0.500231990895626
136842810	0.50059858266177
136846491	0.500208994270205
136857421	0.500304499742662
136858241	0.500521542277663
136859181	0.503182894421034
136859411	0.500177148881153
136869001	0.500498552613659
136885210	0.500655636302501
136886081	0.50460768812642
136893280	0.50037288530641
136901230	0.500462115851525
136902110	0.50029330158825
136905551	0.50014522853759
136907020	0.500233548622382
136910991	0.500156892447273
136915201	0.500251905264043
136917140	0.50031330590367
136917720	0.500178893445692
136917891	0.500323532499077
136923391	0.500165572515316
136934381	0.50050295605737
136939881	0.501945494302554
136942990	0.500204577089632
136946551	0.500204122163963
136976141	0.500151603885906
136978600	0.500150268200595
136986850	0.500481118458181
137000710	0.500186964898457
137034570	0.500750322413517
137055560	0.500192544267579
137093110	0.537405103556569
137100360	0.50428849889104
137110940	0.500140964651839
137124630	0.50118614733571
137126901	0.500156264707278
137126910	0.505550515394572
137131060	0.50016693520566
137135210	0.502840138553525
137138490	0.500181791009269
137140941	0.501964974613883
137147730	0.500189694343604
137149421	0.500177787319768
137153460	0.500515958854065
137168370	0.500420143838134
137174160	0.500193494752236
137174220	0.500257409423284
137176491	0.500118648663762
137177790	0.500227606462242
137179950	0.547431080763621
137185680	0.50013342516946
137187841	0.500154133108491
137193110	0.64274277293585
137196551	0.501443926188488
137208490	0.500191938205184
137211581	0.500331199039235
137218960	0.500329024391779
137228840	0.500375124783764
137236910	0.50016767191335
137239370	0.501672490910843
137242290	0.500459345650181
137245851	0.500334200806201
137246440	0.500550646402951
137249831	0.500141284807235
137252060	0.500168530815913
137258311	0.504580248097773
137264280	0.500210524148289
137264690	0.50470642116617
137266611	0.501673685948602
137266791	0.501501173297281
137273460	0.500134203675448
137274681	0.537587055169978
137278951	0.500168730085872
137280941	0.500685001657584
137281240	0.500175652490329
137281351	0.500120013429009
137286970	0.514048757035768
137291470	0.500159120883187
137297440	0.500746891561755
137302820	0.500975111867284
137308541	0.500174133602253
137315211	0.509139236779962
137316740	0.509264121727511
137323170	0.500200048690066
137335510	0.500213837354964
137342461	0.500130760779959
137343221	0.502962288114553
137352871	0.500197118111575
137353110	0.500202973610458
137366680	0.500386496486363
137369250	0.500162858076193
137379080	0.501475854397241
137382291	0.500632654647192
137382931	0.500778511134786
137386620	0.501409657314787
137388960	0.500239580782989
137391420	0.500511661130886
137392940	0.500174421608195
137398320	0.500212349619958
137399840	0.500138285938654
137405621	0.500201354594237
137406390	0.500182770036482
137407491	0.500262391141668
137412350	0.500192245275084
137415271	0.500177338007856
137428371	0.532467505623202
137433341	0.500169711609528
137433461	0.500146643774966
137434801	0.501120033474131
137435271	0.506404457916307
137435621	0.500226155904349
137445280	0.500175950008352
137451761	0.500318876929213
137458140	0.500360372583346
137459490	0.500157193244191
137465801	0.500499686723472
137466091	0.500233775115178
137469541	0.500411006134818
137470241	0.500287044013766
137476330	0.500822133497062
137485331	0.500174257324411
137488790	0.501126435879523
137500071	0.500124101092693
137501411	0.500383681194999
137542240	0.500251278043472
137561651	0.500688863144286
137603461	0.502759477338198
137625750	0.500815509673516
137647970	0.536775331737452
137680891	0.500255890158983
137700430	0.500615853885993
137705750	0.500146598752312
137710131	0.500165540548055
137714871	0.504441819359364
137715801	0.501307398318008
137717151	0.514751895824175
137718910	0.500122205083869
137721771	0.500284290350344
137725801	0.50016430972128
137728440	0.500207089379724
137728611	0.500189034393859
137731241	0.500177109861288
137734811	0.500122103912191
137735050	0.500138011004084
137750370	0.501124478902836
137752761	0.50031306373136
137755281	0.500135084960012
137758030	0.503420275180735
137759960	0.501080588816786
137761181	0.505885400647407
137766630	0.501689906659547
137772471	0.501587242574589
137786510	0.500651467617011
137798141	0.50019870826327
137799371	0.501635649392496
137806861	0.500433926213288
137814760	0.500674086354325
137818381	0.500130722999046
137819021	0.500602872652051
137824700	0.501105113456243
137833820	0.500578761258698
137835750	0.500384902460725
137837860	0.50236249524769
137839081	0.500136026602624
137840840	0.500285311670298
137842821	0.50064246790441
137849721	0.500609209432106
137856681	0.504539197859268
137862770	0.500418408687283
137868201	0.50019227250687
137878850	0.50036659515712
137879380	0.500155907626924
137880131	0.514288913827327
137881780	0.500172727351412
137886041	0.50233209465736
137906921	0.500194747594225
137913240	0.505448274786554
137915921	0.50214264502227
137916041	0.500204108083195
137919440	0.501186681020518
137922600	0.500203661594494
137923120	0.506719215027336
137929611	0.500417020316851
137939021	0.500806033395457
137943650	0.500171437490629
137945230	0.500188001717493
137948390	0.500154002189336
137949431	0.500167112216697
137961720	0.501873901454809
137963240	0.500256591778611
137964530	0.500695949588084
137964991	0.500196689675065
137971831	0.52129185921165
137971840	0.500205593392787
137981660	0.500210127279048
137987920	0.500207173086999
137996391	0.500178766016994
138002830	0.500183507415427
138024000	0.503291562878953
138032651	0.500236834348879
138035580	0.500385554035805
138037271	0.500312311942281
138039150	0.500203739764782
138039731	0.501129763511941
138043001	0.501422597930157
138043240	0.50018598983094
138043770	0.500126979063039
138045520	0.575761052381047
138046511	0.500349612698579
138057971	0.501079722264633
138066101	0.500181336189622
138066400	0.500244914899396
138068040	0.500124363923778
138069030	0.504892841872397
138077160	0.500371337488783
138080081	0.500489968113825
138084820	0.500402969430004
138085640	0.500292221633368
138086460	0.500569340467052
138089551	0.500637801190179
138092651	0.500167300779529
138094001	0.500300570075422
138097160	0.504683162227128
138105691	0.500222815350716
138114171	0.500135627478317
138116221	0.500271078226758
138117220	0.501939248135323
138126520	0.500575095677178
138128330	0.500143474690669
138132720	0.500267858400362
138133710	0.50161015243154
138136981	0.500176087296067
138140491	0.500157046688303
138156571	0.500590310653246
138157570	0.50035797861093
138161311	0.500240340936221
138166170	0.502930521987143
138169441	0.500161929739405
138173420	0.500151002812835
138186990	0.500610514007285
138199441	0.50052573272126
138199910	0.500213028229544
138210261	0.500170055579138
138217041	0.500389776033048
138217980	0.500427614108448
138222951	0.502376222529855
138228800	0.500142107295762
138238510	0.50014379151748
138242951	0.500158271065223
138248450	0.500502514309548
138248800	0.500248765276022
138249851	0.500548513226103
138250090	0.502219666837002
138252840	0.516318171494994
138258920	0.500141899492056
138259210	0.500780092880269
138259441	0.500189627940004
138260150	0.500467807447936
138264420	0.500705032983217
138266170	0.500182218361662
138270730	0.500903782741672
138274881	0.500282795026523
138279671	0.500185160938269
138281900	0.501497604537636
138282191	0.500124307368318
138291610	0.500186843724382
138296990	0.500159617049476
138297101	0.500161227661494
138304240	0.500325885460057
138305530	0.501337615339948
138311491	0.500163672713084
138314300	0.503189894244324
138316751	0.50015343562352
138317460	0.500227139402129
138318690	0.500192016891029
138319270	0.500315577838171
138329450	0.500128196150812
138341841	0.501192316350349
138343070	0.501341384770336
138344591	0.500221417233762
138347050	0.500375800925347
138361200	0.500365510450901
138363190	0.500309748905017
138367571	0.500173519431971
138372490	0.502096977932098
138373011	0.500198140785382
138375641	0.500352763519756
138380731	0.500234778722714
138381260	0.500219798085292
138382080	0.523646396259275
138386461	0.50015934273345
138387460	0.503165432306084
138400270	0.500148792736761
138404821	0.501427061404997
138414830	0.500181013122649
138414890	0.500201498327481
138415120	0.500213922895518
138415581	0.500549982973003
138416811	0.500507224236946
138420201	0.504192666646861
138426871	0.500366518322243
138433720	0.500674244715918
138439621	0.500234870393539
138442490	0.50073861557674
138447460	0.500602637450884
138450321	0.506274112819434
138452610	0.500440106240773
138456931	0.500543865483814
138464130	0.500136248403146
138479390	0.500273281426067
138480671	0.502422145144219
138509211	0.500276294054935
138529040	0.503038029959006
138553310	0.500475090054431
138556231	0.503249084287277
138568750	0.500523783098997
138606931	0.501350376297311
138611671	0.500169371818209
138641261	0.500174889991012
138644070	0.500165229315806
138644250	0.500881567540433
138657691	0.500196914468473
138677111	0.501985728088314
138775471	0.500290675617386
138788050	0.500158073756169
138790971	0.531581608537419
138800510	0.500323331894022
138811321	0.50016069254453
138819630	0.523455981606298
138823781	0.50027850059924
138825830	0.533131621010414
138827991	0.500226288716474
138832090	0.500206354342997
138902201	0.500328381455053
138912141	0.500194837223039
138928930	0.52677289894918
138931270	0.516741187178942
138941620	0.500227041508795
138970801	0.500149469526552
138974951	0.500151095403999
138989050	0.500215875488766
139074721	0.500329427038484
139076830	0.520156477864733
139078000	0.500194240222301
139111860	0.50033420918279
139114200	0.500155243567782
139152441	0.502394083449867
139164601	0.534982874190487
139166420	0.500220130956163
139167531	0.500153377482567
139203380	0.500179811240817
139227941	0.502662526426079
139231510	0.502639361299646
139254781	0.500156202620063
139263210	0.500141671392958
139272791	0.500238333189993
139284320	0.500133884932988
139287881	0.500297726421123
139290110	0.500158113274094
139290400	0.500342721265435
139290580	0.500663258546638
139299171	0.500252906850921
139300990	0.547152211052551
139360810	0.500386016928139
139366430	0.500370443765187
139380230	0.503545287382417
139382160	0.500958822911631
139382271	0.500184885866779
139408701	0.500929349438739
139441741	0.501962925987828
139463091	0.500217958246891
139466541	0.500154748250321
139538650	0.50082496647016
139543040	0.500121571008131
139547720	0.500627757751297
139567190	0.500362854802027
139603911	0.50454329235814
139612980	0.500180993228614
139637950	0.500180396482079
139643920	0.501022019243883
139645961	0.500137630167922
139710461	0.500138671392332
139724791	0.500160857297768
139755321	0.500190582603294
139773971	0.500682779011993
139775850	0.500166219067429
139804441	0.501026852127342
139836371	0.500192128511594
139869821	0.500330086827268
139893920	0.500224691043603
139970940	0.500183007155422
139977601	0.507722281299876
140012990	0.501058666831589
140042290	0.500379722190483
140045620	0.52981656325196
140055210	0.500389616413283
140064690	0.500354766655505
140066081	0.500204308898912
140066141	0.500311864248895
140081111	0.503009289538291
140103281	0.500153678271501
140105450	0.500134536738452
140105911	0.500195126510258
140107380	0.503959978350019
140118430	0.500651928546273
140122401	0.500146428142372
140131581	0.500330626602471
140132521	0.506636095071601
140134621	0.500138657689716
140135800	0.500571920999132
140143281	0.500224008597708
140143981	0.500769350804192
140145510	0.500191153200433
140151171	0.503539315864551
140151581	0.50019553024759
140156500	0.500402633227851
140165151	0.500134930183214
140168191	0.50014485428204
140168251	0.512661696003657
140169301	0.500164441368969
140171650	0.501011580587622
140177841	0.500148292544722
140182051	0.500601462377175
140191231	0.500126354117871
140192350	0.500159973347461
140198541	0.63903535962039
140208780	0.502625734469285
140222700	0.500619039723243
140224280	0.500341433864623
140230881	0.502001463964637
140236210	0.50113108503989
140238670	0.500147024451504
140242060	0.500371082597664
140243401	0.50070923823985
140244980	0.51617417101941
140262931	0.510022341831581
140264101	0.500195112792975
140269370	0.505832876497015
140270531	0.504176597489626
140272350	0.591440577996559
140281351	0.500144380331857
140282461	0.500221586754452
140284981	0.500212085548091
140289720	0.500269451267038
140291710	0.500196714491345
140292051	0.500151993117547
140292060	0.500485642745735
140295100	0.500468885740408
140297261	0.500241945619212
140298191	0.501544912904983
140302820	0.500113352365477
140305800	0.506583753996629
140306330	0.500137701795389
140308601	0.500524819972088
140326851	0.506884246063805
140330660	0.500155123636873
140332231	0.500243532687611
140332701	0.500485028412993
140339011	0.500166471558411
140339490	0.500280395029562
140341821	0.500148142381599
140342171	0.500121228530366
140344041	0.502688121160472
140344340	0.500133852366995
140351181	0.500296100244708
140352350	0.500462600252053
140356151	0.500258773858564
140358081	0.500208940289121
140360421	0.501709116855792
140367961	0.500141538254054
140371181	0.500150798698526
140371471	0.50017077347994
140378260	0.500337344785904
140382590	0.501700009727718
140385621	0.50244489386952
140396100	0.506433298337575
140396791	0.500809077932845
140403281	0.500142141688988
140406390	0.500253703644534
140410071	0.500512280569152
140421941	0.517673742492279
140424870	0.502284809666689
140428021	0.500555828790233
140428030	0.504493828482485
140438901	0.5003568011586
140439200	0.500239244166333
140443111	0.500224589567605
140460071	0.500131046758436
140461890	0.500165238776923
140471540	0.500510317864836
140476390	0.50302944654567
140481890	0.50112775394529
140487261	0.502344770017299
140490301	0.500228454672394
140492061	0.500745117790819
140495801	0.500128335071134
140504230	0.500241549549289
140508090	0.500244514045379
140521540	0.500567194391116
140525511	0.501042680750317
140527671	0.500226195533845
140540711	0.500205765071477
140542351	0.500177592394965
140542880	0.517397951264253
140543051	0.522566822302895
140543931	0.500138473616501
140551881	0.500145240221793
140560131	0.503347562208023
140562821	0.505907947049433
140566160	0.501010970165874
140568440	0.500299983336788
140579840	0.500132220049892
140595340	0.500201305023291
140596450	0.500450262628396
140597501	0.500749491826962
140598961	0.50426161769905
140601010	0.502416577582913
140603581	0.507128712857544
140604930	0.50079915732344
140614811	0.500283900655559
140616621	0.500136794908674
140620951	0.566347380471864
140621361	0.504396037281564
140623641	0.500151003542856
140633760	0.500145385137153
140636040	0.500169398198408
140638491	0.500223506843792
140638901	0.5001823991569
140641420	0.500139685320749
140641890	0.500147967932947
140642941	0.500208013516613
140643940	0.500166793489414
140663000	0.500976187796071
140664401	0.500211905778977
140669431	0.502662962869629
140673940	0.500500024794713
140676271	0.500154844294841
140678090	0.500173035076622
140679960	0.501485183570895
140687450	0.500175116397712
140694930	0.504860493695976
140697971	0.504271933995738
140699781	0.501185956611093
140701011	0.500379507998743
140712881	0.501306189390073
140714751	0.526093366469356
140721890	0.500252163631071
140724871	0.517153439635202
140727971	0.500623174126415
140729721	0.514797895556367
140732070	0.500230397211632
140732300	0.50017447339641
140733001	0.501745949486685
140734751	0.500428711610595
140736280	0.501506241438941
140743351	0.500146011769933
140749320	0.500254697307049
140763231	0.500173379057007
140770840	0.500122718439418
140772121	0.51259787689312
140776331	0.500187264839883
140786630	0.502544011059536
140787621	0.500365908170174
140788500	0.500884584538127
140789141	0.500184456965665
140789260	0.500155209752643
140793061	0.50014981077257
140799021	0.500206394278109
140802301	0.517010708793329
140809440	0.500176277911589
140816570	0.506459742917893
140822711	0.500162786880662
140824640	0.500371780961979
140830541	0.500201660772237
140834051	0.520315131497594
140837151	0.501688026059524
140856571	0.500210037181691
140857980	0.500175018534966
140859431	0.500233456299951
140859611	0.502407566785288
140862121	0.50018474028346
140862881	0.500129385258695
140866511	0.501334066755304
140866801	0.505078623067342
140874120	0.501041772428655
140877450	0.500665252073316
140877911	0.500281499414266
140881771	0.500664628321871
140913701	0.501852795109139
140915461	0.501123451663268
140937971	0.500224327498886
140963411	0.500304098821124
140964231	0.500340937678847
140983770	0.500173372327629
141014001	0.500191450779333
141035401	0.500200936335534
141041430	0.50171906635112
141051840	0.50019299660982
141065990	0.500186208968147
141067280	0.500591711286541
141070090	0.500169693813341
141076400	0.500132337560945
141080901	0.500241787814999
141089671	0.500720430230206
141090611	0.500263100408418
141103830	0.500167464815504
141108330	0.500728546215328
141113950	0.500181692554603
141115060	0.5112437098783
141122541	0.50377569030059
141127340	0.500251808524219
141128570	0.50026538169152
141129031	0.500184401082531
141131080	0.500240987620681
141133130	0.500155759519397
141140500	0.500220938975157
141141200	0.50208464005331
141147750	0.500545260735729
141153480	0.500430604744622
141156571	0.500217531572763
141156580	0.500211300875799
141163770	0.50016287843243
141165111	0.500172062351185
141168800	0.501439002299672
141171260	0.500645814123124
141174940	0.500540385498366
141175931	0.500127081537037
141187280	0.500438726624897
141189911	0.500175378938538
141191960	0.500623450424948
141202370	0.500280197014606
141204240	0.500344681471313
141205701	0.50036051527292
141213941	0.500179082694439
141215171	0.500274821279211
141220201	0.500166507417099
141224881	0.500322332125367
141225060	0.500354661340587
141245590	0.507719696045412
141252490	0.50016280516472
141253480	0.500343373354493
141261431	0.535723371936027
141261901	0.501159822824303
141269680	0.500291287843951
141270380	0.500154571933087
141270440	0.500382979380139
141283771	0.500149267031218
141285180	0.500181709957386
141294770	0.505219241920937
141298451	0.500750255822691
141303600	0.502646016192645
141316111	0.500363673805828
141316700	0.500407628387574
141321081	0.500138587855771
141322430	0.500311918058848
141333130	0.500161974671778
141333421	0.504551580226287
141348220	0.500565748037763
141349441	0.502917839629654
141350611	0.50015416938302
141357691	0.500872675787957
141362140	0.500135337542764
141362840	0.5001980837321
141371440	0.500326032131535
141378681	0.500180207127381
141383011	0.50014532913815
141389971	0.504987402259195
141404941	0.500232361997702
141408220	0.500130721284256
141420560	0.500385703389787
141422140	0.500237560914107
141423421	0.50157140446573
141442311	0.500224778636653
141451141	0.503098729745778
141456231	0.500234108329339
141462200	0.500216461512873
141466641	0.50015219187571
141469860	0.505803700058971
141470270	0.500532357858675
141470970	0.50036076321079
141479040	0.500170467076414
141479151	0.508572935650633
141489980	0.509973166739604
141498280	0.500205830736035
141499980	0.500167779931407
141500040	0.500202437028953
141510620	0.500285161041651
141515010	0.5015133114224
141521551	0.500562804109408
141522380	0.500244441888709
141538631	0.500619051086048
141555010	0.500526882384979
141590381	0.500149126837017
141590441	0.50014124453404
141590851	0.500198797798378
141602371	0.501514821297423
141616171	0.500143680816749
141624950	0.507215303801853
141629861	0.500205850775521
141637811	0.502773328684148
141638930	0.500187930536742
141656291	0.500526732515954
141662841	0.500223062336236
141666001	0.500243606387247
141666061	0.500185927182679
141666710	0.500120878125099
141667521	0.500291434857272
141667700	0.500164557052217
141667760	0.500386101473312
141669980	0.500200298377612
141670570	0.502082441396278
141681321	0.501977588399599
141682901	0.500565239695372
141687000	0.509462456912151
141697120	0.501248102245383
141708640	0.50052265263795
141712781	0.501504120841273
141721031	0.500350912161521
141726761	0.504362161106588
141737470	0.500369075671974
141740501	0.500219577522462
141747111	0.500535302477689
141750211	0.500203389247732
141750860	0.500146653362286
141750920	0.500138105048933
141757120	0.500937575994461
141767111	0.500165881488248
141778221	0.500133023850769
141781381	0.500230631435606
141786360	0.500792254639759
141786420	0.500176790103132
141789750	0.500117817949269
141799460	0.500189611274364
141800971	0.500190568380814
141801800	0.50040694282006
141813320	0.502297429422483
141814370	0.502023337018131
141821731	0.500369469933737
141826010	0.500169315522684
141842440	0.50020826797226
141844310	0.500153310878611
141850621	0.500201746973462
141862620	0.500613338263443
141868691	0.500176220069277
141874020	0.500165154011017
141880621	0.506576257347148
141883491	0.500263934518107
141886830	0.500574023394067
141891911	0.50015920617205
141892381	0.500448059883295
141897701	0.501171694359623
141903200	0.500142020233639
141914311	0.500904817023532
141915301	0.500170021167513
141917701	0.513907471326208
141924601	0.500120877668593
141926130	0.500340478786103
141934251	0.501467606919981
141938760	0.500135977798774
141940690	0.500321124943082
141942150	0.50017694547482
141944891	0.500683865302701
141951851	0.501483968559517
141953610	0.500154388129776
141965771	0.501085862329707
141968700	0.500132376356628
141970511	0.50089585624329
141981570	0.501078891934243
141984191	0.500764930200661
141988470	0.500382621130666
141992970	0.500293023607114
141993431	0.500181233925086
142000810	0.500620962935669
142003850	0.604816639811902
142010391	0.500569662517945
142019161	0.500188456830344
142030630	0.501976597120818
142048811	0.500286973306039
142054371	0.502058399345511
142057351	0.500772031415497
142058111	0.500185992713736
142060340	0.500549578804529
142064781	0.500587736740202
142067881	0.500151952341575
142068350	0.500146039294019
142078940	0.52391937422442
142084311	0.5002317228114
142086130	0.50018428215265
142098410	0.500188403404781
142113141	0.501238024583395
142128871	0.500200680625949
142130801	0.500144472003425
142132270	0.500309167533833
142133611	0.500166998143807
142139290	0.501001949553525
142141211	0.500140856364082
142141271	0.500194851364673
142147240	0.503747493686761
142148410	0.501160106081007
142158880	0.507146627681874
142163620	0.500128626495128
142170221	0.502478725588546
142173090	0.500258786758958
142185191	0.50027472404413
142186421	0.500181938481572
142191220	0.531121820140289
142200981	0.500258674132847
142205900	0.532838647676347
142206301	0.500163814472971
142211271	0.500146576186014
142212100	0.500204139130915
142212800	0.500157187356727
142213791	0.500120905579347
142215140	0.508071662484927
142215610	0.503633635183034
142215780	0.500151332029094
142219341	0.500132042629332
142225601	0.500314114105315
142246771	0.500375006724875
142249051	0.500273033559522
142261511	0.500150160331342
142266131	0.500799279654022
142266310	0.500329784159932
142270230	0.500455775480716
142276011	0.500167735772472
142286131	0.50017208190437
142288120	0.500169810278949
142307130	0.500142929206071
142308300	0.500187858316262
142312980	0.500669629527993
142330870	0.502809989951937
142331630	0.500649462662845
142347531	0.500665957818291
142356310	0.500243328711
142367130	0.503049155054492
142367480	0.500194177778612
142372800	0.500271242347943
142373911	0.500200513967165
142375960	0.501011416750696
142381511	0.50018886447989
142397190	0.500759399327149
142399871	0.502843211471592
142400691	0.500322472808124
142402100	0.500174682433328
142404440	0.501776990372637
142431810	0.500144920491129
142437250	0.500115687117559
142439931	0.53310957263576
142441041	0.500139311569375
142448821	0.500172626415212
142450760	0.500165260960672
142455670	0.500357225661187
142456951	0.503469947850471
142462220	0.500198665432267
142466661	0.500128140006321
142493501	0.500926139315282
142501981	0.500197888136674
142506891	0.500154479527284
142508651	0.500156896420385
142513860	0.50017383703584
142541110	0.500348993226945
142563151	0.500165206794091
142571161	0.502892768663886
142585901	0.500588169686228
142588651	0.500174147503822
142588881	0.50014733647883
142592750	0.520553728173483
142599821	0.500214563124312
142610171	0.50015105396848
142617421	0.500149385848137
142624150	0.500137328444914
142629940	0.500162217588527
142637490	0.500169312216408
142647361	0.500879143617167
142654381	0.50025442620917
142665560	0.500158311092684
142666730	0.501013715551311
142672391	0.502223399741162
142681990	0.500163135122453
142685141	0.500467581825378
142689650	0.501727742454478
142693971	0.500183919308114
142715380	0.500327061824527
142718241	0.500221358853189
142720521	0.500291461575187
142720931	0.500206965921927
142723280	0.500398848437628
142729480	0.500132354163742
142734791	0.500631501467142
142741760	0.500175708093405
142753681	0.500217669544122
142754680	0.507363712631077
142791341	0.500286876681723
142794501	0.500131355976965
142801410	0.500129639326462
142807900	0.500949070941461
142814330	0.500184610425333
142817020	0.500227551365559
142823681	0.500261183800971
142826141	0.500131696616817
142831991	0.500132096841706
142834561	0.500232444526103
142847840	0.540291377856556
142849190	0.50027188088523
142853570	0.501012742472205
142855671	0.500288252563755
142861350	0.521371309236568
142864330	0.500216060465878
142865441	0.500426808199945
142870231	0.500806204292011
142884621	0.511159934423845
142895441	0.500359698831442
142899420	0.500550967210501
142901231	0.503920994030395
142901760	0.500403488181671
142904741	0.500134973760174
142905210	0.500149227089298
142919181	0.5458182581926
142924911	0.50025951516173
142926551	0.598132087775199
142928720	0.502209831414561
142928831	0.500295568699731
142940881	0.500209239572782
142941000	0.510065616726174
142941410	0.536808790706634
142944510	0.504276083126332
142945501	0.500252089621968
142946431	0.501955564613533
142947601	0.500165820822799
142949010	0.500587776358247
142953041	0.500216372313196
142958490	0.520894317650381
142962580	0.511884551097856
142965911	0.505173035110468
142968831	0.50078031495473
142970701	0.500392539245018
142973690	0.50028399661305
142974621	0.500274230974273
142979070	0.501008375828474
142991521	0.500153397834278
142991991	0.504075113570777
142993050	0.500154533973381
143001111	0.500223451081857
143015971	0.501035456022238
143028131	0.500178153596395
143040061	0.500371109193334
143042230	0.500146296204894
143043451	0.500179548512971
143055791	0.500169342536141
143058601	0.500175412833713
143059720	0.501422838922804
143073170	0.500271345372155
143077790	0.503227389247222
143077841	0.508406357805179
143082811	0.500510585973524
143086910	0.500143130577226
143093161	0.500311732102215
143100881	0.500166521724084
143106680	0.501254303219797
143120651	0.500354202238571
143124280	0.509021002143145
143124681	0.500174205242381
143126970	0.500249735153245
143128840	0.500432491171852
143135330	0.500385436529641
143135740	0.500137746604232
143136671	0.500422638017691
143147551	0.500141064060899
143149541	0.533052811371683
143150540	0.50015482154406
143155100	0.500208340493496
143160070	0.502233796063995
143168900	0.500154059123171
143173110	0.500227715146327
143184460	0.500538111514137
143186150	0.500123512630097
143187201	0.500151702168161
143199080	0.500161010452494
143207021	0.500263425462142
143210950	0.500161635044007
143215211	0.500141099640181
143216731	0.501990881402553
143217380	0.500556510092691
143232811	0.507104091399227
143233811	0.50021737745803
143240250	0.503547133613114
143241360	0.500648683361626
143245911	0.500535291996426
143251001	0.500165146606567
143252521	0.501666224289679
143259891	0.50111200831969
143261701	0.500247458822899
143265920	0.502246400149477
143273230	0.502361781827197
143276911	0.500133675467962
143277901	0.500170688390411
143278371	0.505026085277849
143286800	0.500257512460576
143288610	0.500160051320325
143299251	0.500319442339662
143302180	0.500203829510187
143305220	0.505290385725628
143308730	0.500344230113914
143314050	0.503956101326118
143316040	0.500983132915065
143348260	0.500270412956678
143362060	0.501312019875427
143363350	0.500341824177619
143364631	0.511738659036243
143365041	0.513569256963239
143382060	0.516740404818126
143390421	0.512625284408795
143397961	0.50038324580242
143405400	0.50114330773455
143405570	0.629184496180712
143428491	0.500174834022698
143444580	0.500144415924681
143447210	0.500714551105364
143447560	0.500338541203064
143448850	0.500130245321596
143452411	0.500270298309844
143457270	0.500127887854618
143464401	0.522072771294079
143467680	0.500145891867687
143468491	0.500331818204578
143500250	0.500157294059423
143509490	0.500192130903311
143593991	0.500200259631007
143597740	0.501267680181761
143655460	0.500737403069327
143664051	0.500475230583345
143678210	0.502449558263031
143691780	0.500140626764559
143692480	0.5001658097861
143693650	0.50025990796475
143696861	0.500140326626644
143703411	0.500696557954287
143706801	0.500209237973525
143707040	0.500178118459678
143708330	0.500190657087139
143710140	0.500482133649095
143713590	0.502240528730338
143716101	0.502092385981463
143719260	0.500178791260844
143719850	0.500161160368539
143726810	0.559329894267995
143730140	0.500654875782561
143733530	0.501881526811135
143737510	0.500162981370145
143744880	0.500137232199975
143744991	0.500364916727619
143745631	0.500201326911905
143754410	0.500181694373709
143756690	0.50062040554634
143758330	0.500159548276142
143767740	0.528889609292374
143768791	0.500215578778275
143781711	0.510847482498694
143787561	0.501183621926082
143789431	0.500121915346336
143794461	0.500324804958421
143809030	0.500185516726148
143809081	0.512719639226135
143811660	0.501778940171762
143831131	0.50021610345968
143832711	0.531016801134004
143838210	0.500136540087931
143843650	0.500253069307641
143843830	0.500210173868608
143844581	0.501147758655118
143857801	0.502006573172951
143863181	0.503563747257271
143867450	0.504158208123061
143869790	0.500235286080822
143899210	0.50016804980699
143902070	0.500202840492674
143905170	0.500893856618926
143926810	0.501323943116831
143927980	0.501603882191175
143937041	0.500182310157961
143939440	0.500851599521736
143951891	0.500149692067102
143954240	0.502570656331766
143964060	0.500525656086138
143977391	0.500311389485554
143981951	0.505759286779941
143985410	0.500611518192518
143988450	0.500772447653974
143990491	0.500703128928039
143993540	0.641323448250525
143996631	0.502303103615505
143998160	0.500430708993369
144004581	0.500379942261166
144007921	0.505214587473159
144022301	0.502430288025327
144024641	0.500395193643755
144024821	0.500280077944042
144025760	0.500742615773215
144027400	0.501271316952162
144028561	0.500200806636194
144033360	0.500826747001124
144033890	0.500195486408947
144036640	0.500156363693122
144043600	0.500360846209077
144044991	0.501162301514313
144055401	0.51751350696655
144070440	0.500186734098751
144073010	0.500543470172215
144082600	0.500222429433694
144083250	0.504031434693166
144084821	0.500222346488714
144086981	0.500672111267959
144094240	0.500320252406996
144097511	0.510722071265825
144099031	0.500659479124384
144102951	0.504727909326414
144122430	0.500161383288466
144127801	0.502764078746809
144130841	0.510444838820203
144140321	0.50444439108232
144144761	0.506580735583022
144156990	0.501388775657633
144165701	0.500119862643712
144167101	0.500797566835881
144168621	0.500134163736587
144169620	0.500577557918318
144176520	0.500171589385548
144179800	0.500741718755071
144186930	0.50019279035079
144188391	0.500359011848055
144191610	0.500210901173323
144197101	0.50021041777574
144200910	0.500125035219362
144204061	0.500567333494416
144204941	0.500263099184171
144205931	0.500762504437596
144209851	0.500131199721835
144213540	0.500353917526862
144219791	0.500275608971635
144221841	0.500674725091342
144230090	0.500432637318515
144239441	0.50247919694596
144242131	0.502676817531106
144243831	0.500289857252858
144251380	0.500124194289045
144252951	0.504047430839743
144256931	0.500177314695201
144264941	0.500170793590014
144269510	0.500191814313221
144271730	0.500133939794263
144281850	0.501352578755982
144287460	0.505202867474679
144296820	0.596225083443335
144297050	0.500153385080854
144308160	0.500607680329925
144310090	0.500186253190995
144310150	0.500301757894322
144311841	0.50034213875728
144315641	0.500437446599735
144324061	0.500195135572044
144335710	0.501411968733218
144340620	0.500205506308254
144341021	0.500900219062703
144343891	0.500333635988748
144356410	0.500309617200777
144367341	0.500132094615574
144367580	0.502038232259421
144372781	0.504143123813786
144373020	0.500232783797721
144374301	0.500169478065336
144379450	0.504884088562718
144388391	0.500146740421668
144388810	0.50064989718776
144391380	0.500474283608151
144394600	0.501737573754554
144402550	0.500171952154775
144410441	0.500164770727867
144414890	0.50015768107153
144415411	0.500570394449411
144420381	0.50023555542399
144421671	0.500135113614533
144421841	0.584431998570755
144424361	0.500178332816338
144427870	0.500156487842894
144433011	0.500312632652924
144434771	0.500149025663883
144438801	0.500713466159592
144452251	0.500333499164589
144454421	0.519902413382778
144454480	0.500849236064983
144460381	0.504618190793867
144463020	0.500159119618972
144463601	0.500141400597353
144464771	0.500584837648155
144479801	0.500572355860706
144486641	0.500162110855869
144487521	0.500181288611427
144489160	0.501251344685075
144489451	0.500330526798291
144492661	0.59868709136334
144497410	0.500469042364722
144502610	0.500510929152206
144504071	0.500471138639925
144509211	0.512581062156737
144512670	0.500270902460197
144519451	0.589904438356528
144521961	0.500141449830404
144521970	0.500195952231421
144525821	0.500237143999722
144528520	0.500160016273663
144530971	0.500207265198916
144547760	0.51452039838564
144548281	0.504923587958865
144549510	0.500792491848095
144553951	0.5002501584819
144560501	0.500148098897545
144563960	0.504687750740401
144565821	0.500174973610502
144566240	0.500231580729172
144568101	0.500324440635215
144569690	0.500672806478632
144573191	0.500146607895498
144579570	0.510037561282727
144579861	0.528826516502247
144599921	0.500172731877945
144603541	0.500177690794264
144611791	0.509706646250991
144612371	0.501082512628965
144614950	0.50014029273879
144627350	0.500267819068984
144629511	0.502482698324988
144631150	0.50018875306761
144633840	0.50015856025329
144653200	0.515668941962899
144661740	0.500536423659289
144664720	0.502151067935348
144674131	0.50049886162919
144697470	0.502762395137351
144702611	0.500131546004457
144705241	0.500177618201968
144705591	0.500596678009318
144706881	0.500230967991562
144711040	0.587583881799073
144716761	0.500268378558114
144733371	0.500182985934314
144735181	0.500286529220376
144739631	0.500369789138291
144741210	0.500119513135407
144754481	0.503609425871307
144759801	0.500159670257055
144760860	0.501659506777701
144762440	0.501465441495313
144772261	0.500142386082443
144778930	0.643599208548542
144784421	0.500224982336506
144789110	0.50017182710681
144792551	0.500172395155139
144792611	0.50016690065601
144796821	0.501209749487442
144798640	0.500240521315908
144800630	0.500658459511867
144805950	0.50018181001185
144808230	0.501623566457441
144813960	0.500986762728768
144818410	0.500319065496083
144819520	0.500278870412811
144819580	0.501119511882011
144821091	0.500175369438838
144823200	0.50014529796335
144826591	0.500306508767599
144832150	0.501058421163369
144832261	0.611220172194357
144836411	0.500213524512785
144870331	0.503949246844839
144870570	0.500380775618193
144876770	0.500781513024189
144879981	0.501317614756883
144889921	0.500303905898862
144891971	0.5003906630129
144897231	0.504023657017535
144908051	0.500119330755199
144910801	0.500185039508362
144913320	0.500268966364738
144913380	0.500140254305462
144913781	0.501096506638455
144922851	0.5004378630686
144927360	0.50030838551569
144930801	0.500253835649976
144933081	0.502375007295699
144992671	0.500458652190797
145004900	0.50092305187067
145006250	0.500566917702477
145010520	0.500200499320137
145010810	0.500442226879584
145013081	0.500226746702782
145020750	0.501541631039646
145024841	0.506053169508978
145025481	0.500269935948331
145026301	0.500445258724867
145032800	0.500192324514023
145052501	0.533877505850598
145251331	0.503621584605953
145255960	0.500159943188812
145267190	0.500150649398511
145271101	0.51730275362443
145278291	0.500315947766751
145278650	0.500255508666995
145279581	0.500186954657855
145291101	0.500148147771461
145303740	0.500964780602788
145310640	0.501751647081169
145319641	0.50024133816263
145320281	0.504617458405516
145322271	0.512058199517453
145323970	0.500148826860205
145334380	0.504631899911576
145334500	0.500225250821169
145335200	0.500189893051358
145335781	0.500901479590063
145336900	0.500184341209834
145344261	0.50205249823077
145350871	0.500943416505896
145351451	0.500164396420994
145361981	0.50146890407572
145368941	0.500154721231433
145369940	0.500443400439899
145378881	0.5002404540548
145380170	0.50022123014879
145382041	0.500166978135635
145393621	0.500188456116116
145394270	0.500341339592714
145396071	0.500243236019345
145403501	0.500823185883252
145404201	0.500170365838908
145406541	0.500194959080817
145414551	0.500776556356969
145421750	0.503972568789596
145424321	0.500122391932476
145431990	0.500266450455618
145436490	0.500193037850147
145439821	0.501092282995959
145449120	0.500211183616947
145452980	0.500209141661846
145453271	0.501012033258577
145458010	0.503732837197687
145462690	0.500160440770966
145464731	0.500136791433875
145470410	0.500388400609731
145470470	0.500244558817842
145474321	0.500228678471638
145482810	0.500326830874911
145491691	0.500233411562781
145501170	0.500157484004931
145503091	0.500200257600688
145507301	0.500200057699244
145511990	0.501787750619376
145513510	0.500203428824403
145514031	0.500295919763449
145517011	0.502345758151315
145521401	0.500130293262179
145522460	0.500279528537669
145538651	0.503414518754193
145539701	0.500510035632025
145546251	0.500501013957386
145552741	0.504305777450663
145556260	0.540491389508418
145559001	0.500311566019617
145561290	0.500297341911285
145562391	0.500170207244494
145562750	0.500196653010778
145568241	0.500250017830456
145569240	0.50036632755687
145580581	0.505531115003258
145585901	0.502911690595289
145590291	0.50014170999862
145594501	0.50016330238186
145596960	0.500767642667191
145603220	0.500168959505835
145605841	0.641000416439184
145612520	0.500139456215669
145615081	0.500302542447851
145617191	0.500734830678946
145619300	0.500438246052803
145625491	0.500167247992799
145628361	0.500193477391129
145630760	0.50234129443065
145634450	0.502772457325002
145643690	0.5078162187484
145644270	0.500307154250901
145652861	0.500147502887761
145660590	0.500140038098497
145660641	0.500731442810416
145667311	0.580414188756728
145672221	0.500200258773953
145679001	0.501667511121009
145684791	0.500267316723074
145685150	0.500205145332383
145693570	0.502604681020024
145704040	0.504323605412848
145704800	0.501589612897681
145707541	0.500630897645323
145718421	0.50120639094963
145722161	0.500170181095303
145723570	0.500411997643838
145784501	0.500280732871912
145784681	0.50016936890926
145791051	0.501358261010872
145797021	0.500256768446087
145797200	0.500226679949782
145825150	0.501336186910709
145827251	0.500206488825457
145830411	0.534281322888264
145835791	0.500172433952727
145839941	0.500200897778929
145840710	0.50023805225972
145845731	0.500404347414195
145848891	0.500195348970361
145849711	0.504467086278391
145853630	0.500937102226659
145856090	0.500255319182457
145866201	0.500154720211558
145871871	0.505725329834203
145871880	0.500140697237124
145872341	0.657423280075302
145877730	0.500723036138774
145905501	0.503018094097048
145917371	0.500262638861564
145917550	0.537679551642008
145920710	0.500251472282508
145921820	0.500247118920603
145923930	0.510240866079502
145931820	0.500221598542557
145936850	0.500727530956477
145937431	0.504484769973713
145942051	0.500261651145131
145942230	0.500826396631251
145942401	0.500477740946178
145943451	0.501014318761451
145946910	0.500428567435601
145948020	0.501943801050221
145951231	0.500180128419418
145952341	0.504608438587458
145952401	0.500274265355172
145953511	0.5003400090555
145958490	0.500167335712103
145961530	0.500165956419314
145964630	0.500225691086397
145967081	0.50057415329347
145967901	0.545869550273546
145970471	0.500182868674541
145972111	0.50016167104679
145975791	0.50297676360078
145976201	0.50021255663451
145976671	0.50024250544413
145981931	0.500404079538019
145984750	0.513716864920907
145991120	0.500576381500634
145995031	0.50058327713075
145997901	0.500195087948183
146012410	0.503651739755656
146031821	0.537006456597651
146032051	0.500839012202189
146043341	0.500488232780863
146045040	0.500191527021202
146067901	0.50016528641246
146077090	0.500328696929062
146077500	0.50040399176472
146078490	0.500728969154603
146080471	0.500156805049866
146087850	0.620162289775335
146090881	0.500379667268166
146094861	0.500886204758892
146098840	0.50019135640898
146100941	0.500256764428763
146103520	0.552642922218903
146104220	0.500162965969171
146107551	0.505482742481882
146111821	0.500816239772039
146126680	0.5002768510121
146127850	0.504038774836421
146141770	0.500279859247607
146144460	0.500170338789242
146161650	0.50018304545797
146179071	0.500937734165324
146183290	0.500241078254154
146196151	0.500288273500581
146200711	0.500903684952846
146208320	0.500256956195795
146210660	0.503103714093113
146214981	0.5001821319791
146228670	0.500290392638588
146230651	0.500418840127331
146230711	0.501100741498474
146230771	0.500167941226742
146247560	0.500332264109107
146248721	0.500182444645088
146254631	0.500477468529424
146255271	0.500533419405559
146260480	0.500485621825901
146261531	0.500543821970836
146262060	0.500278277508894
146264221	0.500147751745328
146267500	0.500874519307194
146269951	0.500285297154238
146273931	0.503008515640174
146279900	0.502331365881378
146284990	0.500742010696127
146286151	0.500152818212908
146294520	0.500290677481783
146295331	0.500320385574772
146302240	0.500148204235093
146306390	0.501176281880703
146312581	0.500160798342377
146324691	0.50127005604364
146345681	0.504330307691113
146359661	0.500161830571081
146364810	0.500270541035988
146368961	0.513386070470382
146372710	0.50097330896144
146376681	0.500203798186583
146389951	0.500204730182692
146398201	0.500497196217681
146398380	0.536735068988069
146416920	0.500191569388101
146427270	0.500256117841464
146456971	0.500208813725636
146529721	0.500174863209444
146537151	0.500168324703466
146588321	0.500231035068133
146604230	0.50015051448661
146619491	0.504462880962196
146628270	0.530622767632611
146638381	0.502830958383951
146663061	0.500184023003892
146684521	0.500375526124678
146694350	0.506392579754853
146697211	0.500179522947494
146701011	0.500494003204682
146705571	0.500179564909051
146705990	0.500848100480706
146707860	0.500207959244055
146708671	0.500372004558582
146710601	0.50199878437102
146722600	0.500369981325253
146732070	0.500272254099841
146733291	0.500162257724031
146738620	0.500151704511956
146740021	0.502813006703515
146743411	0.605215816745847
146747160	0.500143539306454
146752250	0.50017534830391
146752591	0.500235862116469
146752830	0.50046488642233
146754530	0.500342654239591
146759141	0.500219233925282
146760371	0.500266665214144
146767971	0.500221397387178
146768740	0.500183029228137
146770140	0.500172373053903
146776981	0.501627113086264
146780721	0.580807528927555
146784350	0.500134399010332
146785751	0.502090280979552
146791310	0.501855005212905
146793531	0.500133037351744
146797561	0.500141593042747
146802011	0.503139332382114
146811780	0.500690730068523
146813650	0.500411569957729
146815281	0.500443852095372
146818620	0.500334909451425
146827801	0.500368406513172
146829500	0.500601779915383
146835341	0.574540952860601
146835990	0.500342349632449
146843531	0.500220677962117
146843830	0.501509110432927
146848450	0.500407665544536
146853821	0.501579503670692
146855760	0.500950382067522
146860200	0.500210940244324
146860721	0.507501247736377
146864411	0.500146657584939
146864650	0.500263504706593
146870841	0.500192880579092
146877510	0.500226189765738
146880380	0.500173089605813
146891430	0.500166308028858
146892361	0.500205010807033
146892651	0.500191414366286
146893061	0.500856097239512
146895000	0.500873229982042
146896571	0.500180476537308
146899671	0.50080156751831
146901370	0.500283520832955
146903121	0.500591314528685
146903300	0.500168309939415
146909910	0.500279807259322
146911020	0.500154328438608
146913121	0.500332204909209
146913420	0.503356166665127
146916580	0.500163077272909
146922720	0.556835604165629
146927101	0.510708258295782
146928211	0.50258001957343
146933241	0.50124376198834
146943360	0.500202941085153
146947921	0.500276925623311
146966640	0.501589427580144
146968681	0.504058212901038
146983070	0.500249696541517
146993600	0.500228917043725
147004530	0.500833583977623
147224651	0.501202589900565
147240560	0.500725687859254
147361910	0.500503598427937
147675711	0.500198519137722
147751450	0.5070967395855
147912031	0.510125561507148
147979170	0.50022591818849
148002211	0.50066414193215
148048880	0.500434451764316
148063620	0.50042438468554
148210811	0.500480788886509
148435730	0.502314931356318
148448890	0.501274948051569
148459940	0.500598221320734
148536721	0.500289023457403
148560760	0.597211441816491
148714681	0.500350744443765
148740300	0.500294957163127
148765791	0.500216818252625
148803110	0.500640394263318
148882111	0.500336779818665
148889071	0.50014239970028
149053930	0.500462138417387
149090190	0.500687138704013
149093170	0.500155541773511
149115570	0.500235108339138
149121420	0.500188533185398
149192701	0.500477268468911
149217551	0.500822787045486
149393880	0.500883165891399
149425520	0.550487027305163
149451711	0.504406073526941
149488970	0.547226456436169
149601660	0.500308667071861
149642480	0.500384921995533
149747570	0.500446610184122
149930081	0.504399802521132
150133011	0.50075227349005
150286530	0.500330418961346
150450271	0.501041368810768
150494430	0.501372702982657
150592030	0.500188523697028
150600690	0.500157278742515
150689520	0.503042160822057
150722731	0.501691768766669
150725831	0.50016998369883
150726471	0.500401341350282
150815951	0.503060258847646
150816190	0.500186548277407
151004961	0.500215137875206
151054790	0.50062746734652
151068530	0.500299209366665
151195140	0.500220968521299
151207480	0.50077958901566
151224620	0.500187286261432
151270760	0.500301579735925
151300760	0.503053200457547
151389360	0.507624645336454
151427430	0.500129763708256
151488310	0.500159816106485
151530641	0.503578396963011
151537191	0.500603542115466
151602921	0.527591619855707
151836961	0.500300227408363
151869891	0.50019633170665
151926210	0.504966757781485
151956740	0.500380902774697
152039080	0.500168150274087
152040130	0.500339032547769
152043290	0.500217341511848
152049840	0.50222903519907
152055450	0.500205643787107
152056270	0.500530369261986
152058730	0.50016669873617
152122231	0.500263808600086
152124520	0.500224782389569
152126091	0.501146081482707
152126390	0.500149555669572
152130421	0.500236585360115
152204990	0.500126044692113
152206510	0.5010123702377
152207150	0.501627018845498
152207381	0.500166942955307
152208901	0.500607751670713
152210250	0.500160602659857
152210430	0.500458307651742
152211061	0.50018589456726
152212180	0.500224371469816
152215570	0.500449963374539
152227031	0.500157575196095
152229951	0.500161787325375
152240020	0.500176922767578
152247330	0.500126244971602
152262590	0.50040214204004
152263991	0.504098856119864
152268431	0.500275664564187
152273051	0.500239635353003
152276681	0.500186071617392
152279610	0.515652272079256
152281651	0.503085478293497
152286971	0.500174693630677
152320071	0.500418133582
152321480	0.500158273744735
152323000	0.500219667316044
152329260	0.500148292491072
152339610	0.50032179024465
152347381	0.500216745443996
152348560	0.501098385529575
152349320	0.500134398105753
152350370	0.500306495315272
152350891	0.500223641544599
152354290	0.500127362634693
152354401	0.500183749971908
152356160	0.500187970388417
152357620	0.500192802168932
152364410	0.500323834795413
152376801	0.500182000276265
152379670	0.500681679905997
152383120	0.500314678935275
152384691	0.504933835347853
152397330	0.500140753438358
152399141	0.500123677101231
152413291	0.500246255059187
152421310	0.50096784237236
152421831	0.504675054651089
152423940	0.500237171532947
152432130	0.500183385699354
152434931	0.500162047500428
152440370	0.500144328449832
152446391	0.500231236942546
152455050	0.500356365855357
152458381	0.502450028276031
152458611	0.500347914757215
152463641	0.501325160959292
152484410	0.500201231224447
152486331	0.50016738453021
152486570	0.500194191705472
152486630	0.50024766428724
152487151	0.500486022504421
152490490	0.501256468762648
152498620	0.5002616805395
152518500	0.500721390479056
152528150	0.500416575795109
152529910	0.500205167597308
152531891	0.505953483349916
152533061	0.501578083273281
152535691	0.501660175525708
152536451	0.500165275937663
152539611	0.527906059544505
152540021	0.500199034176471
152546801	0.50099728646243
152547160	0.500161163045617
152557331	0.506024117799492
152558620	0.500126023115267
152560320	0.500300804717439
152562711	0.500640817149072
152563291	0.500834949369704
152566801	0.530321324721826
152566981	0.502381903824642
152569261	0.50043864660505
152570080	0.500223102756795
152573590	0.511504444308961
152578270	0.506345451186675
152580721	0.501974535015289
152585290	0.500708496076097
152585350	0.500192745026777
152586451	0.500447478909651
152587160	0.500160692800574
152588851	0.500202724036295
152590670	0.50175574856034
152600721	0.500168748836962
152604180	0.507589742305504
152606690	0.500968440658434
152606801	0.500778958615501
152610721	0.501055990786939
152610960	0.500179123995305
152627220	0.503061435742479
152635700	0.500205025333808
152639970	0.500948205107362
152640781	0.500796069908936
152642011	0.50017150939364
152644060	0.50060809388932
152648620	0.500193047368266
152655760	0.501653330678522
152658450	0.50017947504902
152660841	0.504456580429955
152661310	0.500587237554689
152661490	0.500150883298302
152779731	0.559095665001963
152780901	0.500148125970943
152786341	0.500159812418592
152794821	0.500183056871229
152800961	0.500213452047745
152801490	0.500490619076078
152806691	0.51146915461768
152809671	0.500170149960232
152810030	0.500147609056159
152810261	0.5003174364127
152816921	0.500302515258027
152852720	0.507834170481276
152862011	0.500245965671075
152863250	0.604273572541013
152864881	0.5108340811031
152867391	0.500444380882015
152871021	0.500167804215505
152875530	0.500149380567252
152881311	0.50159737848337
152881601	0.501030641860046
152895931	0.50015528524686
152902080	0.500161744429861
152907041	0.500305662847654
152912720	0.505483511647995
152916290	0.503411955795425
152916700	0.500642620553377
152924830	0.502010824231505
152929680	0.50017789636743
152933421	0.500164322414538
152939270	0.500474475735911
152944070	0.503521515319059
152948100	0.500134206967551
152949390	0.500156497844961
152949740	0.500187568490463
152953130	0.500168653379212
152955240	0.500135924535968
152956871	0.500576636681902
152957511	0.505674067461523
152960611	0.500298716326797
152969911	0.500466297191463
152970731	0.500223118516655
152971371	0.504233161771794
152972900	0.500223081316856
152979390	0.500293584516836
152988621	0.500819422000085
152992020	0.639915944608665
153004480	0.500175758677836
153022490	0.500192315238373
153023130	0.501930655325482
153028391	0.500143634829201
153040210	0.501157766338283
153042840	0.500358446550233
153049040	0.50039173884282
153053481	0.568464892966123
153056880	0.500976271968487
153059800	0.500174922482895
153062131	0.50046438123561
153064190	0.505404151947875
153064591	0.503378469220905
153065701	0.500142189726365
153066811	0.503543996316175
153067870	0.500496758841562
153068630	0.500487313174643
153073720	0.500158581342479
153079040	0.500164319122837
153091961	0.500187553114548
153093370	0.500169795765667
153095530	0.500131651330309
153095641	0.500190163818337
153100150	0.500138619777208
153103310	0.50015742029395
153105291	0.501472560795548
153110031	0.500191885788827
153112311	0.524011964378448
153113840	0.500141093834959
153115061	0.508959883032064
153117640	0.500242277245929
153125821	0.521256145184552
153128630	0.500689865911603
153130381	0.500337504544142
153138571	0.506267881966695
153141150	0.500161397784794
153142021	0.504030420807612
153143660	0.50024833611347
153149621	0.500195642283935
153152080	0.507617417963095
153156461	0.500612668611392
153162320	0.504866697144134
153165590	0.500173167543515
153168810	0.500136139366044
153187221	0.500255876937085
153194420	0.500395924830381
153201671	0.500422508906579
153203011	0.500884322225191
153203370	0.500384243645181
153218690	0.500543048746128
153221611	0.500355606876605
153224070	0.5001484181031
153225830	0.527662576588703
153229860	0.500287640259097
153232311	0.500559905507009
153235121	0.502922027553063
153235181	0.500277317391708
153240151	0.500640775967505
153240680	0.500149747564027
153243430	0.504703413211486
153244241	0.500846207212136
153245351	0.503792059116305
153250860	0.503972621925471
153255360	0.500219717833761
153259331	0.5043817638207
153263840	0.500203324000854
153268110	0.500168374026566
153268981	0.500196872647726
153269570	0.500264293791028
153271201	0.503960522941295
153281150	0.500285681508781
153282781	0.500154778014811
153288691	0.504591544239347
153289681	0.501895349486004
153293080	0.500218108756816
153294071	0.50023911755546
153294481	0.500162328768923
153306761	0.500130192023355
153314950	0.500145957303841
153315531	0.500614068698166
153321381	0.500190349514336
153323960	0.500200423054129
153331150	0.503706860523794
153335070	0.503868834898207
153336880	0.50804133518375
153337640	0.553799759793051
153350390	0.502986352866679
153351671	0.505704221471627
153352380	0.500467099749009
153353541	0.500198568663927
153356701	0.501736466253988
153380330	0.502475167478131
153428110	0.500135017701987
153511151	0.500537210095952
153519981	0.500236973074825
153535771	0.526339591677349
153537530	0.500443021880063
153560741	0.517881262110234
153582850	0.500178577241896
153603081	0.500228668193794
153634550	0.500167843180735
153636420	0.500188593197391
153642620	0.500192578041993
153645720	0.500132926902697
153648811	0.505977961012069
153653850	0.500166683986248
153662031	0.500144363170744
153667351	0.500181699592638
153672671	0.507153234871862
153676360	0.500193840347861
153678521	0.507564589772851
153679751	0.51024580235311
153687411	0.500277558815226
153693790	0.500168164478799
153713081	0.503834709181614
153717710	0.50013521536945
153722390	0.500184977075396
153738410	0.500739239975557
153739170	0.500144612289028
153739811	0.500155405728594
153740741	0.60182407339301
153757821	0.527548257054977
153759170	0.501176324168392
153764021	0.50210876653806
153784610	0.500182328478222
153786890	0.500841598682577
153788701	0.500309436266076
153793731	0.500561122700144
153799520	0.500245456562168
153801741	0.500714229049689
153807821	0.501236215969285
153812330	0.500194272391269
153817420	0.5002232644312
153824661	0.500220573857444
153839111	0.500195858465233
153840161	0.500225377292769
153841211	0.55269693656645
153844610	0.506707721731796
153850170	0.500162736627016
153859230	0.500703321778675
153866130	0.500367846420636
153882851	0.500739309776654
153886651	0.503363912305768
153887010	0.500154275038996
153889751	0.500170201571618
153890921	0.500227814392187
153909871	0.504576544149354
153912441	0.500236776383071
153938351	0.500490299888786
153939401	0.500894770845591
153943150	0.500857739464917
153945840	0.500397916577318
153947770	0.500152483385062
153959811	0.504977227087526
153964611	0.500569412260765
153987070	0.500170551354172
153988300	0.500386153763012
153996771	0.541696668627262
153997471	0.500136626817744
153997480	0.500183676660114
154006430	0.502528331747428
154013210	0.500300617872409
154020520	0.500145177775118
154030221	0.500430014808349
154035730	0.500760934769593
154040051	0.500446654769292
154050350	0.500366295759744
154055200	0.558842714329206
154061460	0.500936707731798
154075251	0.500235211984088
154077890	0.500203029468803
154083441	0.601401747058984
154087660	0.500280615558523
154099880	0.500271938708315
154107660	0.504061073426503
154109521	0.500487165770541
154121101	0.50016048340908
154124321	0.501057248315388
154132570	0.500303224918338
154138070	0.502280223571608
154139180	0.500181606777422
154141511	0.598216922927607
154148531	0.501758536373995
154151691	0.500315519645305
154151810	0.500395427026475
154154790	0.500212541916815
154168181	0.501028118101875
154170461	0.500211109314712
154182801	0.501647303784597
154184381	0.504545865098432
154209300	0.502040297683665
154213151	0.500357118952012
154219710	0.501160127816402
154233911	0.500144038515187
154239710	0.500151215367584
154241050	0.501415999651607
154250000	0.500880614766255
154258130	0.502365081236108
154258420	0.500171901280283
154259300	0.500729759133434
154263040	0.500210702982528
154266200	0.501477565733029
154276251	0.500231437908698
154278070	0.504110217115819
154279940	0.501561269304936
154284560	0.500390319596402
154297370	0.500662804614511
154307421	0.500172749603498
154310530	0.501292110869346
154315380	0.500187813674765
154316900	0.500227736391707
154318830	0.500129903176895
154321870	0.500666535764402
154334970	0.500409381963
154337011	0.500488654160908
154339650	0.500189545517529
154342460	0.502843084177936
154343391	0.500154584069557
154344680	0.502314501422163
154350000	0.500584045002456
154352050	0.500139338797305
154353920	0.500161202880244
154358591	0.500225047686986
154359411	0.502231574703275
154369010	0.500206294030807
154373271	0.501042563979032
154375491	0.500144041703166
154377131	0.500150733667132
154378301	0.501591894974473
154385380	0.508101803088231
154386251	0.501428672704345
154386491	0.500225117692558
154387661	0.500153724295424
154389351	0.500161644494896
154389881	0.500305340535207
154390351	0.500137674540178
154392571	0.500843934105436
154394860	0.500394331560294
154396900	0.50018631416371
154396960	0.500302911722804
154398310	0.500453842187416
154399121	0.541604602011686
154404911	0.500166164769274
154406550	0.500281156454905
154408540	0.500160905093869
154411640	0.501327259448742
154422221	0.501659687520819
154425321	0.500153837754095
154426030	0.507750521329882
154430940	0.500239956437885
154435611	0.501424450282221
154436320	0.501796054421161
154438890	0.500148660149753
154447370	0.501228243612029
154473570	0.501216375131973
154474920	0.50038459956863
154475500	0.51083053331206
154484680	0.500222627326114
154487960	0.500179076481443
154490291	0.500154064911391
154494791	0.500276178205004
154510880	0.500303598353251
154512110	0.501303956275658
154512400	0.500174867808774
154521461	0.500736766108119
154523690	0.500206448984224
154525441	0.500155177173609
154539010	0.50051325681733
154539890	0.500310661601941
154541120	0.500852824186807
154542631	0.501109387889709
154562460	0.514243858009747
154562990	0.50026615872689
154564561	0.502596842322552
154573331	0.501544914043464
154574920	0.50230154599317
154575910	0.501811173566581
154589301	0.50159146582383
154637721	0.501403746327488
154648951	0.503409378388968
154661521	0.503097680716738
154668310	0.501480720115492
154677140	0.500274083066683
154680240	0.500302326903605
154683400	0.505076682093907
154686380	0.511417467825576
154688840	0.500784828626116
154691880	0.500700227406277
154695740	0.508626869180473
154708550	0.501044915520102
154714041	0.502275224938512
154715091	0.500394435690158
154716551	0.500282165857042
154724980	0.501005728996295
154726790	0.500209108267309
154729591	0.500144567868616
154736551	0.500188432644917
154736970	0.500182379139374
154746270	0.525933587970924
154747491	0.501130626642158
154751991	0.500396007569037
154755800	0.500302941654894
154757030	0.500125585710743
154760130	0.646788186756689
154766671	0.500157462794047
154770821	0.500164696343519
154773631	0.501035750649259
154773930	0.500419907591978
154773981	0.500776554917812
154779950	0.500154401890629
154781291	0.50025412516892
154783230	0.500145975258388
154790010	0.501978786310952
154791991	0.502008436856122
154792341	0.500385575805459
154794340	0.506478145135232
154801821	0.500317383310493
154809771	0.546947712143882
154813050	0.500241149216877
154815330	0.501699563176266
154818311	0.500163819690337
154818951	0.500142591882975
154824681	0.500601941469168
154838490	0.571042583258445
154839481	0.544445343420959
154846091	0.500164825493618
154847141	0.503549100355938
154849891	0.501136789480333
154863870	0.500136661912924
154866671	0.50017988376645
154881411	0.500166426209349
154888200	0.500430172443333
154888550	0.500153687102161
154893290	0.500224296294938
154896620	0.500231281310108
154900190	0.500207830880466
154905100	0.500157255485151
154908080	0.500202922480737
154914221	0.500159115231508
154922470	0.501191523791507
154922641	0.500415807275689
154922820	0.500177682757932
154926800	0.502996897376899
154940241	0.500400656110236
154949011	0.500624628227578
154950941	0.502842930561222
154958841	0.500233350772487
154960241	0.501073700172203
154966911	0.500287041816582
154967380	0.505297447560382
154969891	0.500393937125375
154984101	0.501004694779003
154988081	0.50022463901949
154996851	0.504719968793004
154999421	0.50045077393414
155001360	0.501691868191197
155002641	0.500160511746701
155003401	0.500135636222847
155003871	0.500258702705667
155015041	0.500202484691615
155017030	0.501890470139175
155018200	0.501242562334
155026450	0.500171857399723
155031650	0.506922203820382
155035690	0.500783013889183
155038551	0.500133232234404
155042231	0.50013787331388
155042240	0.500440494069737
155042581	0.501277806450031
155044930	0.504457011040564
155046211	0.500686908670538
155050660	0.500171852866481
155058320	0.500171626224365
155068781	0.500333428526778
155081480	0.503921329134671
155084691	0.500165310955873
155096271	0.500335761186575
155099200	0.500163370929564
155099260	0.500743402404772
155099721	0.500191899454977
155106151	0.502404220158531
155114921	0.500162200009229
155117210	0.500351240950551
155120071	0.500436367177976
155122641	0.501362312251855
155123111	0.500160046021246
155128021	0.500253083924611
155140190	0.50014574303382
155146390	0.500359945032561
155163581	0.500124949045472
155171711	0.500237862082544
155173000	0.502013145328251
155179670	0.500147396684856
155197680	0.501224693637315
155197851	0.50229473093634
155201480	0.503194395513804
155215280	0.500186031628727
155215340	0.500283612019871
155215810	0.502384694824717
155223590	0.500822350682259
155227560	0.507878945910733
155227740	0.500306050898765
155233171	0.500181095244382
155233760	0.500789988730766
155251771	0.500974636936073
155252061	0.501219723002811
155257040	0.500324283367418
155265631	0.500554711347914
155277911	0.500253882151832
155280020	0.500240501632215
155283991	0.500310353408323
155286690	0.500195187824625
155291250	0.500179215578191
155299371	0.500543924477941
155301130	0.519747782758538
155302941	0.500270199677945
155326621	0.500147115790035
155328850	0.500196875454245
155331950	0.500617644005715
155333931	0.501067598740579
155341130	0.505788805852318
155354990	0.50019665728233
155357860	0.502904694956359
155359030	0.500157027396093
155360490	0.500171476667727
155364470	0.500274468192637
155364521	0.500143193789755
155365981	0.501061047757273
155369850	0.500156272361662
155383761	0.50117832907271
155388261	0.50017074787942
155390490	0.507345718729739
155414060	0.500121776918009
155415640	0.500153956904743
155428381	0.503105504732777
155428970	0.500179184199959
155433710	0.500908741517189
155434231	0.500165271173284
155438611	0.501094921557481
155446391	0.5001914036576
155461840	0.505925583051873
155463180	0.500718052783154
155463471	0.500198083135932
155468390	0.5122661519278
155472420	0.506989903047059
155475571	0.50019038757936
155489440	0.501770161615621
155489790	0.50647979852048
155491490	0.507654131458614
155492890	0.503440569322261
155509090	0.500209955274638
155511250	0.500146764549558
155511771	0.500174607288543
155512540	0.50077571874749
155514410	0.503649473221597
155521490	0.500211867663444
155536511	0.500404972257388
155549201	0.502475557027531
155573001	0.502833725523008
155574880	0.500296153522682
155580661	0.500182732044683
155581541	0.500147173821991
155585281	0.50014638229727
155587041	0.501104707995294
155589850	0.50039089643179
155604590	0.501499034023922
155604701	0.50034898606667
155607391	0.500122718693549
155617211	0.501598497975685
155637630	0.500131185559134
155642301	0.515878678120623
155652310	0.501171675568753
155659850	0.500531419671766
155666101	0.500174186884538
155688510	0.512048742851736
155699500	0.50025051529386
155706230	0.500162273938849
155708091	0.501133718391928
155711260	0.500163887965198
155719740	0.500692475528883
155726990	0.501194620605111
155729560	0.500213981463786
155733420	0.50016026302919
155738040	0.501122610583167
155742071	0.500344105733212
155753301	0.50784954242425
155756981	0.501707043982523
155782131	0.502705748532379
155795470	0.500643031640299
155800730	0.500136477074186
155801311	0.500157422800051
155802071	0.500288234103038
155809330	0.501090274083619
155816751	0.500185955161025
155830201	0.502179382313349
155835000	0.504546033955998
155839381	0.500149979753656
155854300	0.500173686477388
155859450	0.50057256046547
155860500	0.51179007038002
155862840	0.512577272075089
155865060	0.500217352563289
155876230	0.500232898075038
155879091	0.5001749736969
155894480	0.500122416966537
155897571	0.500221635766433
155898340	0.500740073464771
155917580	0.500178711486026
155918681	0.50032549345186
155933011	0.500154128217493
155933310	0.500360657659034
155940321	0.500622641442944
155942960	0.500192584069719
155961491	0.501011275978732
155963301	0.5002984075877
155965411	0.500202443042344
155966401	0.501071594041762
155975641	0.500523617270723
155978690	0.531639864752024
155986521	0.50020998020195
155991260	0.500418480715094
155991790	0.500282019879118
155991901	0.500840408280376
155999160	0.500129312424541
156005880	0.500279223749158
156009501	0.638036332177495
156036530	0.502648992445176
156040740	0.520529373256069
156053891	0.500646748119967
156063020	0.500155402844729
156069271	0.500154481852927
156070381	0.500420509218249
156076111	0.502114129649586
156096291	0.500296893292638
156106530	0.50018946974827
156107631	0.500207278173662
156109630	0.500145866896673
156111961	0.501398284022744
156134771	0.500414868578876
156143370	0.500214584656668
156146931	0.50025417416968
156154651	0.500338270392844
156156880	0.500185665093803
156164421	0.50038253155255
156169980	0.502105918519871
156181261	0.500143217742182
156183900	0.500281933532166
156184130	0.500837169869909
156193951	0.500171831563567
156194711	0.537466774376306
156194771	0.500410533148571
156195070	0.500175999815835
156206410	0.500148811810391
156208870	0.501955665719028
156232260	0.500221542890159
156247521	0.500166421061195
156252030	0.500417493326374
156258460	0.500130048168889
156268990	0.50021385027207
156280160	0.500139456432195
156292021	0.500185346185613
156311261	0.500216444739303
156318631	0.502804073726789
156321560	0.501115166309305
156333490	0.50038328591956
156337641	0.501455684777197
156339750	0.500147157976356
156358870	0.500783194935322
156360911	0.500151823379898
156365121	0.500855500330026
156367641	0.500285251627822
156377871	0.500283233843836
156383601	0.50017441160814
156395651	0.500211799217303
156398170	0.500160769208651
156402671	0.500355904040144
156403251	0.500154244359189
156409921	0.500289546059
156410271	0.503082723411304
156417940	0.500538231924064
156419631	0.502117351369996
156427171	0.502919627487827
156427991	0.500239434754316
156430801	0.502767195759147
156431740	0.500169456576322
156441620	0.500170925303336
156441860	0.500512273051009
156470570	0.503629943404905
156474831	0.500183147574329
156485310	0.500423098072978
156498401	0.500202796151261
156499281	0.500153413136226
156500220	0.500168263597035
156501851	0.500924763301084
156508521	0.50023266157623
156519990	0.598495808996024
156529990	0.516200261800184
156531330	0.500175955143293
156531621	0.500268314804765
156536890	0.500319926031541
156555310	0.501639531194021
156555771	0.500238317102109
156556471	0.50025582499617
156556770	0.643507852409057
156557231	0.512239356196956
156570160	0.50060213330838
156577940	0.500182225589121
156577991	0.5506424733889
156579921	0.500126856024731
156581971	0.500144546522496
156595421	0.501391065699432
156596190	0.503786975680686
156596711	0.500174754679517
156598171	0.500151813406848
156598811	0.556827917992985
156601211	0.512267515074122
156618530	0.532040028558659
156619810	0.500161459058436
156620921	0.500293741578298
156654260	0.500352646637615
156658051	0.500876822767744
156661450	0.500290129767083
156663320	0.500211246222495
156677061	0.506858888520908
156693961	0.500175363797747
156708590	0.500273707367244
156715951	0.500280871723565
156719000	0.500247246123053
156724670	0.500344426347139
156726540	0.500128451533274
156745550	0.501098055426331
156760750	0.500172506605652
156761980	0.509180409139364
156762501	0.500231770045283
156767010	0.500234166743262
156776361	0.502831747224132
156778060	0.50049875098129
156787471	0.502285896115056
156799521	0.500138695774742
156801160	0.500231590531838
156801681	0.542570583982639
156805891	0.500194831343316
156806600	0.500146796118996
156811621	0.500175180900138
156831271	0.500155299017208
156832800	0.501614312628736
156839230	0.500208581589744
156842501	0.500246095442491
156852501	0.500168102480987
156864260	0.500179870227182
156866891	0.580612802135126
156879171	0.500580895645996
156879871	0.500280766076631
156882740	0.500223261804379
156893791	0.589126516729247
156896481	0.500137680073496
156897881	0.503615005667918
156899120	0.500154960989538
156903031	0.506375696521195
156909470	0.500986567702534
156910170	0.500191941685064
156923680	0.501907846581534
156927130	0.510781958568597
156928761	0.500134818745366
156928821	0.500245540514937
156935260	0.503324692200928
156937121	0.500169075153479
156946071	0.500264898156262
156946080	0.500251286783764
156948821	0.500235613565474
156949120	0.594545040545565
156953381	0.500159868193462
156959700	0.500205389017718
156960981	0.500133776621924
156961630	0.502171205446011
156967130	0.500171477130764
156986370	0.518187081545457
156992040	0.500182107892977
156993970	0.500966527440241
156997600	0.500190605925346
157001391	0.500749190699863
157006251	0.500139039991049
157013330	0.500177628672226
157024901	0.500522563040255
157024970	0.500212266500844
157030751	0.500292412834475
157035960	0.503876458836264
157045081	0.561694222691605
157045141	0.500235928263887
157047190	0.500201884501656
157061921	0.500251196249939
157062271	0.500122208290559
157067771	0.649004703968884
157069581	0.500364031117354
157073381	0.501629719037654
157088531	0.500296996833725
157093800	0.597613456725872
157099180	0.500573929680749
157113031	0.509651778387866
157123740	0.504753291859402
157127361	0.500204060470018
157154441	0.500149732440742
157158360	0.500355390055123
157164210	0.500205509688303
157166840	0.500764155213099
157197020	0.500285243898048
157202861	0.501791620318274
157217071	0.500183907455775
157222511	0.500145511201948
157226080	0.500244396606156
157227600	0.509192974242129
157230291	0.500168545050547
157251110	0.50178363832657
157262741	0.502799899215617
157262870	0.500154444657516
157263040	0.500313020605181
157264671	0.500613941116412
157266781	0.500461617391566
157276200	0.500847678791366
157276721	0.50030714660446
157284911	0.500234102488174
157305150	0.500179526998939
157308070	0.500188206125176
157313510	0.500160646055534
157313621	0.500153012406803
157318711	0.500248370966869
157327421	0.501334197489146
157331000	0.500183655120266
157331691	0.50075293765632
157340470	0.500868648771319
157342571	0.500133383476664
157350820	0.500372550339215
157354441	0.500402363250944
157356960	0.520169497743855
157357131	0.500209752177064
157363741	0.5001425088476
157365500	0.500144538047619
157367080	0.500162922567565
157379001	0.500168205768398
157386081	0.50023784400798
157388720	0.500148775319535
157393391	0.500441700399943
157396790	0.508088673210858
157401640	0.500367295506012
157407370	0.500164304753757
157407661	0.500485354122427
157411931	0.500408859755846
157414561	0.50018270254304
157416670	0.500176447185545
157427900	0.500157883658097
157429420	0.500265778724809
157429480	0.500745733788991
157435261	0.500389317625908
157435611	0.500338088936364
157436380	0.500515228982403
157437780	0.50048664839224
157448421	0.500631985683332
157455090	0.500241070965041
157455201	0.500290147187642
157457430	0.500166085424991
157460761	0.500257849239708
157466901	0.500184561943651
157474390	0.500287933236344
157488310	0.501468810891706
157490641	0.501259293264406
157496910	0.502398000330426
157516431	0.500235858272392
157521530	0.500180394629515
157535731	0.535198989722988
157537661	0.500747350467309
157545501	0.621707198535525
157547841	0.500479855833352
157548250	0.500810128457307
157550761	0.500469505917699
157560411	0.502659038045918
157563110	0.510287044287722
157566970	0.50037087741123
157572520	0.50070554999011
157580770	0.501787641628965
157590881	0.500218069427608
157610070	0.500849514690534
157610881	0.501069684641236
157612990	0.500171058213887
157614561	0.500129931111429
157619651	0.500164089661114
157629130	0.500126972466815
157633511	0.500387447474413
157674621	0.508450508252096
157679310	0.500151927410582
157681880	0.500143283838808
157682111	0.500255153921195
157683221	0.500162699449311
157683691	0.500246962545315
157691300	0.500237895848398
157691641	0.500718707962453
157694570	0.500157297261975
157698601	0.50013212779067
157706731	0.500312461852746
157718430	0.500300792327998
157719071	0.500154776979716
157738200	0.500742296579294
157745971	0.500142736239034
157751001	0.500198905979564
157757670	0.500167102705238
157762931	0.50055000264278
157767090	0.500194424172236
157767491	0.500380312257006
157777670	0.50023584172954
157792350	0.500198773941654
157796270	0.505239645073522
157820770	0.50015612192202
157825390	0.500282041105649
157829370	0.502136382863642
157835100	0.500423817271354
157837261	0.629082188091869
157838260	0.500260080038005
157840250	0.50046690101006
157842060	0.500284670401374
157843751	0.500469991163776
157844571	0.500251685449942
157845681	0.500168620504011
157850070	0.522836732574572
157853981	0.500398790865304
157855160	0.500266972061182
157858371	0.50016451121733
157862350	0.500327954047138
157871300	0.500143218193256
157874400	0.500702322293044
157882060	0.500361848104201
157884460	0.501372311406076
157886970	0.5053263513795
157888960	0.500213484776717
157891761	0.500347643226834
157898721	0.50027103253477
157905741	0.500318383471634
157911001	0.500398747380293
157923930	0.501689246018521
157935860	0.500418197297142
157938260	0.500343280208914
157940660	0.501991204429674
157947731	0.500181877457556
157956971	0.500166247730426
157959831	0.554583464825905
157965750	0.500226862936156
157980421	0.500707636984439
157980771	0.500175588788751
157991651	0.500668882008264
157992351	0.500167290238283
157994400	0.603215280321093
157996271	0.503029324089663
157998260	0.502091238845796
157999661	0.500264079523305
158010421	0.500286181257794
158023700	0.500178679417273
158026330	0.500167397358273
158028090	0.500213705301702
158028841	0.500151701556708
158034751	0.50038142901165
158064170	0.500256498868951
158066220	0.500216081548131
158067680	0.500150577190398
158079550	0.500153636220377
158088961	0.500125621024941
158099021	0.614685208405179
158103820	0.504099611967239
158104930	0.500872914942096
158110011	0.500145217543343
158115280	0.500267822306628
158115861	0.501454181107782
158115921	0.501304947173162
158144811	0.505592995117723
158160660	0.50022873233604
158172070	0.500203899101153
158180900	0.50045963183647
158182650	0.500266193976898
158184290	0.500212297696718
158188261	0.502365312587091
158190840	0.500135079266791
158194640	0.500290280488879
158197151	0.500190286935298
158198210	0.500453613461146
158204350	0.500224519135726
158204461	0.500235693965619
158208500	0.500193638667056
158213940	0.500162595244819
158216860	0.500309903528157
158218790	0.500232080414518
158220080	0.500983267168548
158222411	0.500915920654266
158224811	0.500367641305974
158234990	0.500732394511695
158237390	0.500446475272727
158237561	0.56214407286936
158239960	0.500671210542668
158240490	0.500164953392405
158246220	0.50130085832091
158249790	0.5029038597706
158250831	0.500129193226434
158277330	0.500247590898376
158277450	0.503766892364163
158286750	0.50013883770315
158286861	0.500534614410018
158311780	0.500122910743739
158315341	0.501204492980242
158324401	0.50698602445708
158333180	0.500259975092707
158333991	0.50017328839567
158339961	0.503281208523492
158343761	0.500157390614176
158348620	0.500141023687844
158352360	0.500272968205334
158380251	0.500207067770988
158381951	0.501180666894951
158386041	0.500254821112152
158391891	0.500315349843418
158392070	0.500260721477031
158393061	0.500206104057061
158400670	0.500162564885908
158404180	0.500253863123306
158407100	0.52052189350482
158407220	0.500171774207865
158409730	0.500154668256269
158412301	0.500137621023514
158414871	0.500208746789603
158419491	0.509481528870428
158421020	0.500452428154299
158435051	0.504687480918759
158437860	0.501559442412528
158439841	0.500179459761408
158444120	0.500153778913698
158455341	0.500133791708095
158456511	0.500203097934902
158458381	0.500162425366373
158462181	0.500447993126679
158467331	0.500269165468956
158468091	0.500296443448663
158490550	0.500182948526586
158493710	0.500546213149771
158501071	0.501273762024187
158503830	0.500148855356176
158510790	0.500217682837642
158511370	0.500443448939026
158515051	0.500171914986502
158525461	0.500306121029378
158531140	0.500232032500426
158532071	0.55615323532686
158540440	0.500313972102698
158546281	0.501544714469423
158547920	0.500184695645246
158568100	0.50015978385121
158569680	0.510480877103362
158589381	0.501711829945529
158590090	0.500354151139096
158591140	0.500364525847797
158593881	0.500247708870924
158597400	0.500258377095806
158619031	0.50046291662571
158619150	0.500614263042789
158636110	0.500169291551968
158639321	0.500268214872733
158641080	0.500755308047807
158651610	0.500196469388914
158651840	0.500191843543809
158653711	0.512402107542694
158654120	0.500688549430293
158655290	0.500152202583057
158655880	0.503206437984833
158662421	0.500165886154869
158667630	0.500360900126639
158667861	0.573789216370614
158673890	0.633156581301322
158676401	0.500137086119218
158678211	0.500278106721205
158682720	0.500408725005471
158688621	0.500454286712663
158690790	0.500197948759741
158713540	0.500196811097968
158715521	0.500236866443145
158732891	0.500299494039675
158746751	0.502397764978266
158785581	0.5004573883772
158792430	0.501242828813485
158793600	0.500141138730866
158803950	0.500562622267436
158806290	0.501103680429616
158808681	0.502990480445009
158812131	0.500196876593424
158829800	0.500197592873127
158838801	0.500456611087297
158854890	0.500524620525463
158864411	0.50487984745301
158869561	0.510838312863839
158872370	0.500261109766308
158879271	0.500143616830731
158880210	0.500465273203481
158890261	0.500221029434788
158892020	0.51013831374907
158892191	0.500170213047174
158903711	0.500360373031889
158907580	0.500504327200916
158922490	0.500151746224193
158933020	0.500165362493595
158933370	0.500367660744583
158940321	0.500412780066356
158942191	0.500283986442775
158954360	0.500168676319988
158985010	0.500224186788989
158991090	0.501895365932781
159010560	0.50035877044432
159011030	0.500166688648785
159012311	0.501129065740012
159012320	0.500170489701512
159014711	0.500206963742095
159021551	0.500142603452387
159034190	0.500432575263483
159057401	0.500776074177281
159058101	0.500964384696802
159059271	0.500215924087824
159066120	0.500217451252495
159072841	0.50034034971727
159074600	0.501564576446696
159076171	0.500961205708889
159076410	0.500223226463271
159079630	0.500305737658476
159080330	0.513208694525595
159084310	0.500142198537661
159086171	0.500188951084743
159089041	0.50125446579587
159090151	0.50022604178893
159093951	0.500193404081943
159104241	0.500199175524036
159106351	0.500141771315696
159109220	0.500518438133905
159111901	0.500179784566597
159117401	0.500163596951024
159120450	0.500180724300091
159128110	0.500409651507476
159137401	0.57036331074873
159140031	0.500131673545173
159142081	0.500912853433241
159145121	0.531885249686289
159149630	0.500180781186243
159153601	0.50023414772839
159158571	0.500288270190307
159178631	0.50013902270814
159185181	0.500699316990469
159198921	0.50019882813009
159203541	0.514408935582626
159204891	0.500156064557268
159789811	0.500166275037165
159790751	0.500222305610986
159794021	0.50116037877628
159799000	0.500158125519118
159865960	0.500190955580586
159867250	0.500132125147292
159944850	0.500129712457064
159948001	0.508168316352921
159970230	0.500538116993393
160046960	0.500147545580208
160057711	0.504333950106144
160069470	0.500201015719422
160156550	0.500166264062743
160290820	0.50021515573335
160399651	0.500663172249918
160449121	0.500230063484352
160454561	0.500271278994529
160486030	0.501598143407173
160567610	0.50036064987422
160584510	0.500140830979839
160586620	0.500178360079532
160657090	0.500171156207783
160667901	0.500731640075316
160671701	0.501010795117309
160683170	0.500557590052195
160720890	0.500165425725627
160754511	0.500181699936639
160934930	0.500441203995037
160977381	0.50045883342511
161134871	0.500212013615253
161192420	0.500176791087191
161261771	0.501347407376982
161285631	0.500129575889502
161310610	0.501014570623461
161432301	0.514831647917485
161480491	0.50021550052671
161562831	0.500170328102776
161690551	0.500264547845554
161702140	0.500128789818229
161775701	0.501865432423366
161840031	0.500161024310503
161842721	0.500189160528491
161873660	0.501080525088753
161877341	0.553446799591084
161877870	0.500196518312789
161898630	0.500374394690547
161899681	0.500232896303603
161901021	0.500180821974476
161905881	0.502311899740322
161909220	0.500254567413671
161931141	0.501744581434125
161939911	0.500279976983462
161941090	0.50051753216493
161941141	0.500277195810859
161955240	0.500201395495735
161961030	0.524323355592612
161962320	0.501543436009599
161970040	0.500176731615044
161989621	0.500658213473506
161996701	0.500662590623259
162003831	0.500770022145137
162031901	0.500683659164454
162035241	0.623686633433655
162037401	0.500148547865168
162038281	0.500924130989954
162046521	0.500146648675209
162054481	0.500254600772435
162066701	0.500229434095441
162080271	0.500464011624798
162080561	0.500228293723195
162084071	0.501893838954375
162084720	0.500364406440663
162092030	0.501571667628735
162094720	0.50024732636489
162098631	0.500370878315837
162134250	0.500171232418096
162158870	0.500842054075872
162163721	0.501755694722252
162167060	0.500189145090596
162173080	0.612702968356564
162176240	0.500605663063424
162182081	0.515510503956814
162183140	0.500326633510014
162268290	0.503492669301669
162295950	0.500217977728359
162305720	0.500146488188446
162321441	0.500437406042142
162331911	0.620614602629433
162332090	0.500234118777328
162338931	0.500517664052397
162375130	0.500199866590843
162375190	0.500505055260955
162393670	0.500711463625623
162396821	0.50020472980084
162416540	0.500167015548011
162438410	0.501395495127043
162449110	0.500209404837251
162463021	0.50015043466774
162464490	0.500229594218701
162466531	0.500240518064735
162467180	0.500910052430989
162473320	0.500193391945076
162483910	0.500199094061209
162491741	0.500271141108797
162492731	0.500192359526307
162502970	0.52237999472174
162506181	0.500812684885645
162506301	0.50297055001456
162511331	0.501276944757208
162522270	0.501867953747098
162533551	0.501705297044253
162538991	0.500196219450189
162541510	0.500267172056774
162548000	0.500185525841477
162549230	0.500162501382496
162561561	0.500175210161937
162563560	0.501477166117113
162569640	0.500656080346674
162581980	0.500303669484968
162585720	0.500200876616345
162587010	0.578632761574002
162603790	0.503491186407422
162605951	0.500788743535862
162610921	0.500183675854017
162611451	0.500168852536392
162612031	0.500164446551646
162612621	0.500479023952115
162620281	0.500231605099394
162624790	0.500332212158981
162626250	0.500198758804138
162635080	0.500192245175829
162638991	0.50039975799895
162640870	0.50477273491591
162647770	0.500200206359995
162649521	0.585069963928017
162658991	0.560775355074343
162674551	0.50019089801949
162680170	0.500486151487057
162680981	0.500166328215258
162693731	0.500490482960809
162694380	0.500166276866735
162704141	0.500188394831359
162704201	0.50016752554712
162707301	0.501025555343331
162707420	0.500159637435012
162707540	0.500218864914003
162716361	0.50028186647554
162726831	0.500136205513087
162727420	0.500346075582655
162729880	0.500158142712349
162740691	0.500143521660389
162750110	0.502391351046099
162750930	0.500967090483763
162753501	0.50071650587623
162773680	0.500161647967048
162809871	0.500147147495338
162810580	0.500468308060621
162815260	0.500475431216024
162815900	0.500245091767374
162822741	0.501392017723384
162826430	0.500185443450839
162886421	0.500206769595961
162900990	0.524285564871368
162901520	0.500842839640058
162904210	0.500395335928773
162905311	0.500140295495275
162908471	0.500367975985759
162910290	0.510895352435488
162912630	0.501023365355759
162924611	0.500204969597998
162926490	0.500775894085588
162927771	0.500143529025264
162930171	0.507769253180517
162930461	0.57331114624868
162934791	0.500252126432403
162936370	0.585613588731558
162938001	0.510740107317064
162938650	0.500161508418504
162943561	0.500184151967735
162950871	0.500412708733271
162951750	0.511075212248561
162956131	0.500842467784967
162956610	0.500165877768477
162970470	0.500247251501963
162972391	0.500162632212014
162977540	0.500154696675818
162981161	0.50022858395168
162994031	0.500269675293326
163002741	0.50027462970703
163007831	0.501457141238095
163008890	0.500164142340058
163012101	0.524622173887568
163038190	0.500325362971107
163052741	0.500632544156947
163067720	0.50177768686928
163074851	0.500233116153273
163077080	0.539799414815124
163088301	0.500246657697374
163089650	0.500314861062716
163095961	0.500272148663367
163103630	0.50023000050954
163124321	0.500406474150556
163125380	0.500346347752398
163125970	0.500153391004876
163126021	0.500859837939935
163126431	0.500162198104554
163152340	0.620621331797403
163266901	0.501236987355768
163454801	0.500686834253047
163484041	0.500458436304305
163583110	0.500790141971908
163785160	0.500152012264813
163860071	0.500747999657538
163995810	0.500353470133995
164099030	0.558917202330276
164386861	0.572580442385785
164520150	0.501086781838313
165008460	0.500145215367543
165029271	0.500337781452523
165040911	0.500173163799352
165076291	0.500146465076403
165237171	0.500172789512669
165537411	0.500343822934937
165565191	0.500344761155956
165689820	0.504040656914884
165709120	0.500243307938215
165950700	0.500176374998874
165960461	0.50023967891341
165974210	0.504517648986834
166015961	0.500194244472681
166030350	0.500434156625086
166030410	0.500199687924507
166075790	0.500299105977447
166159181	0.500318794962182
166204211	0.514368956975251
166234980	0.504646391230987
166236611	0.500163693455486
166298660	0.500142205788468
166396901	0.501596626935089
166446381	0.503039102610837
166486210	0.500507870055722
166574810	0.500659657803922
166655621	0.500165769892281
166670181	0.500137029231497
166671061	0.500171781349102
166734810	0.500173930967201
166788841	0.501020426608318
166801241	0.500226949493117
166838491	0.500803529880231
166938731	0.500558205752221
166970310	0.500351235703166
167097561	0.500195290826651
167141430	0.505985982431227
167151191	0.500145787007941
167152181	0.501115130979561
167167980	0.50015358421564
167187621	0.500152322756627
167201720	0.500204682810055
167228620	0.500157712607048
167231251	0.504546437708306
167238381	0.500170144726325
167247561	0.500183234216648
167311370	0.500165469208666
167347101	0.500158758993164
167485521	0.500144830305636
167518151	0.500563564334122
167523361	0.501504770845753
167623310	0.500914740364416
167641841	0.500198839738402
167644821	0.500226726836413
167889690	0.500797250653824
167990860	0.500326398442743
167994190	0.500212775073962
168003541	0.502238215086821
168003721	0.502975055164978
168014310	0.50019420325142
168015190	0.50026248452387
168031680	0.500228571416124
168045361	0.500194227373067
168046940	0.500505282737152
168049571	0.50019805447179
168049630	0.500417068993143
168054250	0.505834814156639
168054361	0.50014963856471
168057350	0.500238649122702
168057530	0.500278230855211
168060100	0.500447561434854
168083081	0.505694006083257
168087350	0.503087571787782
168103200	0.500197023078478
168116001	0.500752893406298
168131561	0.500131789854041
168140920	0.502337294010402
168150391	0.50207574014919
168151860	0.501033272484044
168163841	0.500209101612647
168167931	0.50029965776894
168177880	0.504478940252955
168178410	0.500390217423717
168185540	0.500149303004391
168188461	0.501635263410956
168198811	0.50020435874046
168200391	0.507252775231678
168206070	0.503313866098264
168210741	0.500226001622829
168210750	0.503145384953671
168220980	0.50016752887435
168234251	0.500513643461
168243260	0.500203950916443
168243371	0.500134245683732
168262090	0.504982672763979
168263090	0.500159373340774
168264430	0.500631218246723
168268931	0.50076513865102
168270451	0.501428005074056
168274311	0.516617781715167
168279930	0.50067720411866
168287180	0.500234708027816
168291911	0.508928037148885
168302501	0.500160352113154
168310750	0.500180434860235
168320460	0.502204910721447
168331561	0.50028940461971
168333500	0.502709410929954
168351630	0.500240624920514
168363440	0.500187543640046
168363611	0.500221814295076
168376241	0.504900474921187
168387710	0.500392157839751
168396600	0.500306594877379
168398410	0.500141697615303
168402321	0.500363194264651
168405780	0.500438680422311
168410400	0.500582957496847
168422851	0.50203304583225
168423560	0.505519571307928
168439401	0.500201681184065
168441160	0.500691591925346
168448530	0.501116558756675
168450861	0.500819696587286
168459751	0.500223242047536
168461980	0.500746587739415
168474260	0.500163373985582
168477941	0.500147119151755
168478410	0.500793028484714
168507010	0.500143991132682
168514260	0.505839939110282
168516481	0.500159456762461
168522740	0.502231562778217
168528530	0.50024137506756
168528650	0.500159078885218
168528761	0.500266315713978
168528880	0.501289895465668
168539521	0.500177549128544
168550341	0.500506061822607
168552160	0.500333013456565
168558231	0.501891950443258
168563910	0.500888679403282
168564090	0.50055499261129
168566250	0.500154353717721
168571161	0.500217479103723
168571690	0.500273266929712
168573031	0.500178777287037
168580631	0.509075566680953
168585781	0.500329585911235
168586771	0.500224894572024
168592740	0.502427386791435
168598411	0.500176184413552
168604961	0.501060713681041
168605900	0.500159198804504
168624671	0.500171142101428
168627420	0.500167880409311
168629811	0.500371954155183
168640580	0.500209254346261
168645371	0.500163962152453
168649880	0.500317172335875
168661750	0.500144834345818
168674030	0.500243414711737
168703911	0.501029136807985
168707830	0.501497758183318
168710700	0.503102505683883
168710760	0.500193449997061
168713441	0.52515268815545
168713911	0.500256834847032
168737890	0.503108462855098
168746661	0.500501937256455
168753851	0.500192384540476
168753860	0.500212347322522
168776191	0.502316988788915
168814970	0.502045014715231
168819821	0.500423497908666
168821580	0.500156028963047
168831161	0.500218821007385
168850931	0.500188934910837
168854270	0.500228233537369
168858301	0.589160402320323
168859530	0.500167442843019
168861520	0.500435298149712
168867421	0.500220376494156
168869120	0.505638345360911
168888181	0.500262530381004
168890811	0.50019627054347
168894321	0.509884184461041
168896251	0.500221481992615
168903331	0.500172880557177
168906490	0.500171628571701
168906670	0.500174036560284
168911580	0.50044776334219
168915611	0.500187804179388
168915901	0.500606335745617
168925090	0.500215458264731
168925491	0.500169887444518
168930171	0.500175878669681
168932741	0.504409232639117
168942041	0.500168890550021
168943450	0.500302305071155
168947361	0.500189628446881
168948591	0.501131705550566
168987131	0.500874580790975
168995380	0.500177050242528
169000120	0.653040765664054
169003681	0.501312104413314
169009761	0.502536320635046
169010880	0.500190994668059
169017891	0.500245779319221
169030590	0.500237741933941
169033860	0.500240739357894
169038540	0.5452039307467
169046841	0.500188337917308
169048301	0.500207924058077
169055321	0.500524542970489
169057900	0.503210511327347
169059650	0.500206340156527
169064031	0.500150852392386
169072101	0.502297545483577
169087191	0.500223035832632
169091401	0.501704474240077
169095201	0.500207112922853
169106440	0.500288093575932
169110940	0.505692513736501
169123271	0.563471827024645
169142050	0.500225251915545
169151640	0.500321210404643
169161931	0.505455631234046
169174220	0.50022690570101
169177021	0.5002811792397
169193861	0.500547483424573
169195381	0.500228488754656
169235911	0.500401163142917
169238780	0.50495903623336
169245321	0.500906593193897
169283631	0.544944640511153
169284100	0.500344230583308
169284741	0.500155982642787
169288080	0.500212429257103
169290061	0.500206492069159
169295501	0.500173266773939
169298541	0.500243661808101
169300300	0.501299428644653
169304630	0.50023817554308
169316210	0.500150835559317
169344331	0.500176811454092
169457790	0.506886840168192
169498601	0.500416990531722
169504391	0.500175483004483
169559900	0.519342670793941
169576851	0.503770308673104
169637551	0.500160068243246
169637560	0.500178245436193
169640831	0.508439860552998
169641061	0.500258017824254
169642880	0.500232657131301
169652240	0.500210530906913
169662650	0.500948539178887
169667150	0.500144439665025
169668311	0.500189613054786
169670651	0.506077449858943
169683931	0.501694042386239
169705861	0.50016666453871
169707441	0.500197101157554
169716330	0.500393670521618
169723470	0.500185748795183
169736510	0.500224117390477
169738440	0.500331145825189
169745690	0.500246181188009
169749191	0.502644740803578
169751711	0.500200009868972
169759781	0.500296437769195
169768901	0.502095961472397
169770720	0.50040057053948
169782761	0.500497395826945
169786621	0.500586378347405
169801540	0.502265029791532
169803120	0.5001834281996
169806040	0.500172276163981
169832590	0.500487383715303
169840720	0.537036063588902
169841190	0.500168950109618
169857800	0.500185492607204
169858210	0.500887115993679
169866860	0.500133100035111
169871830	0.500187712647685
169882300	0.500254301738829
169886570	0.501035736525191
169891540	0.500144739754493
169900131	0.500182245972346
169915921	0.50034592724649
169924820	0.500427105626109
169925340	0.500684331918167
169935750	0.511114433477702
169940140	0.501479152986748
169981771	0.504530789151051
169987040	0.500448172840443
169987100	0.500741679056946
169988680	0.502673662028785
169992821	0.500143346907036
169995170	0.50035411886845
169997151	0.500214995975879
169998330	0.500176876728191
170000191	0.50027068388208
170001771	0.50021739121618
170008680	0.500430472855555
170009021	0.50137271644435
170012480	0.50184518695917
170018910	0.500250734996316
170027561	0.500342157209308
170028270	0.507078091902228
170035230	0.500688043843109
170037390	0.500141179600154
170043411	0.500163277283168
170044581	0.501098728907178
170045990	0.500573902191291
170048031	0.500397562465198
170049431	0.500179129904808
170049440	0.500376702315426
170053590	0.50014633239848
170056571	0.500224372124744
170056810	0.502035197701822
170059500	0.501218247734488
170063701	0.507532933404213
170063940	0.500434197370107
170067741	0.500171546385355
170072181	0.500211127954884
170081361	0.500179645667017
170093010	0.500265558106551
170095580	0.500165764640408
170103701	0.520882814361509
170103940	0.501060046570438
170106110	0.500581348678344
170113291	0.518418783074293
170116110	0.500225233114501
170121020	0.502110793615742
170123590	0.500229892154795
170127040	0.500198740503283
170127450	0.500240491643976
170129090	0.500239075374864
170130900	0.50053547899276
170131080	0.500288893915742
170132361	0.506673991909794
170133061	0.500265636375215
170142651	0.500179345652682
170143360	0.500174481208303
170152421	0.500923096039251
170162651	0.500176632896077
170167630	0.507474219464356
170168851	0.500960897343522
170177220	0.500181585039958
170179671	0.50014043541803
170183001	0.502331761794439
170185350	0.500264664401338
170186161	0.544108518866943
170190781	0.501033373566649
170192480	0.500156075154606
170195111	0.500230941182845
170196451	0.505351006644144
170196571	0.533764441932321
170211200	0.500160895759873
170216981	0.504137227026722
170224991	0.500541442950869
170237451	0.502382571743487
170241311	0.500203372600712
170250841	0.600961000376766
170251541	0.500365876386004
170257271	0.500258635961285
170263651	0.513841406305216
170264240	0.500153235703274
170264820	0.50124393736921
170282011	0.500139665387347
170282020	0.500635552244228
170291951	0.500306377384809
170292131	0.500178473712291
170293531	0.500490146001801
170293821	0.512923014275257
170295751	0.500176932848527
170301020	0.500163851991037
170301371	0.500597046732711
170303710	0.500268765114814
170312600	0.500404057423814
170317980	0.501362995392338
170325871	0.500422200363165
170328091	0.501271004279436
170332421	0.500202596049368
170332430	0.500298545190461
170334710	0.500268141009249
170341140	0.50042985946699
170342250	0.500904588839028
170348040	0.500180727688695
170353480	0.50031983054388
170357861	0.500648747709525
170359210	0.501504218122848
170359321	0.500253784537848
170360491	0.500213057077551
170361251	0.502754768987707
170362481	0.508207091239921
170370090	0.500617612431472
170370201	0.501206926156266
170370261	0.500197057236372
170370320	0.500136079708525
170374590	0.500209444222498
170376221	0.500662782193063
170376230	0.500507240151602
170380150	0.500172654630747
170382191	0.519033276230212
170385291	0.518113687737913
170387391	0.500353095533089
170389381	0.500212073543662
170389390	0.500173847567379
170392840	0.500417949917033
170397861	0.558443831137256
170409671	0.500204803303264
170410961	0.500508371820366
170414940	0.500241221436598
170416580	0.503651196302594
170418271	0.500142287999438
170424411	0.500179661240189
170426051	0.500207245097289
170435111	0.500149187903306
170435701	0.500193685080024
170438280	0.500367619902392
170442490	0.500330878551155
170450491	0.500684100291679
170462020	0.501855358451148
170462310	0.503884278061305
170470961	0.500329131953625
170476410	0.500231941752111
170476700	0.500180353861052
170485931	0.5002867284426
170485991	0.500560334971469
170489151	0.500296084781264
170489501	0.50016196609404
170491721	0.500306135034679
170497460	0.500148476094103
170503600	0.50014160679244
170507460	0.500423117370705
170508331	0.501294691799386
170508510	0.510310331337739
170511260	0.500352966762231
170511551	0.501757988898988
170514710	0.500143645860412
170518630	0.505076461666416
170520030	0.500152071547833
170520090	0.500594600018686
170520671	0.500177937039207
170525701	0.500232613765256
170528980	0.507694208307776
170537221	0.501347519186605
170540440	0.500370007313832
170541141	0.500340367363023
170544061	0.500266746866329
170550321	0.559948945975913
170568690	0.50106606145757
170569851	0.500180097287543
170571021	0.500231606670629
170573950	0.500182998609397
170579621	0.500668514627667
170580330	0.501084119366562
170581841	0.501924284332354
170591901	0.500306995794446
170593310	0.500471063166823
170599390	0.516463777529526
170603720	0.500151773525712
170605240	0.50013190900314
170608400	0.500167383995659
170613011	0.500146790895137
170614540	0.504201395672802
170616171	0.500234482525514
170616760	0.502123218418865
170634121	0.500191654977065
170634130	0.500244770386291
170644830	0.500849245087817
170655360	0.500214201227392
170676940	0.500220108128503
170681611	0.500714316038846
170683310	0.500208464982273
170683951	0.500414046312071
170688921	0.500154368124853
170689160	0.500265780816479
170692781	0.666943802797188
170694361	0.50027345055668
170695531	0.500284984196095
170695821	0.50023717923751
170699220	0.500214424016581
170713780	0.500154856641254
170719681	0.500173865165048
170719911	0.500155690523248
170721551	0.500145952810407
170724181	0.500201701749814
170724301	0.501492482115966
170725471	0.500987436752534
170725710	0.500455910090059
170726461	0.500207101104184
170727170	0.500306108366551
170737640	0.500139741606996
170741491	0.500402006994617
170743421	0.500175771851317
170743481	0.500183460849076
170745761	0.500488861093999
170748520	0.500726332695397
170750620	0.500180040374289
170762670	0.5002863610391
170763720	0.500217460047434
170766000	0.500314564826932
170767410	0.500170259386791
170773370	0.500306909370745
170778400	0.500143658436232
170778451	0.500168189867083
170781731	0.529840304042206
170787000	0.500243594198414
170793430	0.588498819393406
170797350	0.500191045804378
170798691	0.500169468256449
170799211	0.500309006407159
170799690	0.590921468158404
170799980	0.500164057351601
170800100	0.500149137496196
170800510	0.500301910626339
170803430	0.50016402711946
170815001	0.500200205696536
170817350	0.500543496623443
170819220	0.500499556453341
170822260	0.500329034567714
170824370	0.500332192051429
170846001	0.500196906360498
170846470	0.508314973875569
170847700	0.500208619420971
170859331	0.500123262422755
170862551	0.500266979048527
170876581	0.50327767666053
170885010	0.504913058800399
170894250	0.500194925855097
170902781	0.502059117889694
170907931	0.500186272022187
170911381	0.500472585253068
170918341	0.500193608587023
170922090	0.500174976856388
170930510	0.502224179681196
170932021	0.502036143949725
170935600	0.619774891252305
170943431	0.500401836451097
170948230	0.500517390784677
170950501	0.500893795207713
170956770	0.515903808623088
170960501	0.500754102898116
170962790	0.502520450024069
170966471	0.50043095457206
170967051	0.500316626874848
170970160	0.500249325037964
170976010	0.504230675551699
170977461	0.500144620141814
170977991	0.500190573121703
170993601	0.500153940036408
170993661	0.500595431879426
171001441	0.500233725890644
171005950	0.500204807765982
171006531	0.500337865414956
171006770	0.500167343447529
171009801	0.510006613353291
171013670	0.500179993722524
171025011	0.500228406595705
171034131	0.500142236560333
171035241	0.500322818806071
171036821	0.500573332515616
171039921	0.500381226058248
171040801	0.502132921170594
171044310	0.501837837237022
171047931	0.500270238251224
171056821	0.500156482732499
171066761	0.500193023294487
171068281	0.500204000837718
171070100	0.501789580565914
171076240	0.500151479571715
171081270	0.503358453403165
171088290	0.500179468038773
171091450	0.500419220089026
171096360	0.512133653043869
171098290	0.500180725038499
171100570	0.500314062031684
171101211	0.5131408936899
171107291	0.501112176032606
171110041	0.500519367395765
171116420	0.642780021317799
171118350	0.506042312396213
171121270	0.50410750586025
171122500	0.516957669789925
171126010	0.500216583794309
171130271	0.512051043492421
171132440	0.50108688111735
171136181	0.501565264798046
171141271	0.602718865971492
171144140	0.500162938051967
171144601	0.500388524531648
171146540	0.508778345883183
171148060	0.500193911562989
171150570	0.500161986033882
171152961	0.500208574625447
171156411	0.500733209063786
171161561	0.500181657731336
171167530	0.500181064643869
171189691	0.500591880172581
171190340	0.509600846929102
171190451	0.500156606770864
171190750	0.500155800553374
171193850	0.500186588161731
171196301	0.500346018668677
171199161	0.500156467389318
171211091	0.500239818381943
171220331	0.500203200272183
171226010	0.507285693896436
171236420	0.500775425326422
171237530	0.504488932969587
171238470	0.503647118453845
171240630	0.525213657706343
171240741	0.500163508636078
171240801	0.500263699614065
171248111	0.500207500719148
171250810	0.500161308423519
171253090	0.500277168173961
171256301	0.500204519824268
171257121	0.508873927975031
171261040	0.500225477700028
171261561	0.507017930755235
171268171	0.505444146268817
171270391	0.52721766076398
171274490	0.500178292940297
171275831	0.511632706573136
171277061	0.501403837407294
171284260	0.501171262389552
171284781	0.504262495930749
171294021	0.53412243345001
171297761	0.500195560559759
171301800	0.500131730957063
171303910	0.500214264574205
171304140	0.500181233870451
171304900	0.500213040793151
171306651	0.500238198492148
171307061	0.500416879766385
171309110	0.500171780906979
171310460	0.500530717880096
171310921	0.503194688312208
171311630	0.500195467339366
171313671	0.564608898604419
171313970	0.500210452913452
171314781	0.502027148341811
171329930	0.500197510435836
171334371	0.501054561856989
171339640	0.501686781591278
171339691	0.500411658320739
171349401	0.5164586157295
171351160	0.586536502321684
171352381	0.500175371462569
171359640	0.500148197186792
171360631	0.500146919149161
171360750	0.500356386627795
171360930	0.500172644141307
171361340	0.500491094538249
171365191	0.501262477428959
171366130	0.500335188385701
171370170	0.500195808992309
171374200	0.500298818775114
171377821	0.500180856733196
171377941	0.500192431198392
171379290	0.500603141399825
171388120	0.503136294731855
171396540	0.500157247285828
171402100	0.500161164868182
171406071	0.50028430875941
171408300	0.500144984048327
171410050	0.500170460389595
171410341	0.559408023574863
171411220	0.539043396402925
171411280	0.500131167489521
171414141	0.500385847350945
171414311	0.500198253214674
171420631	0.500478911937728
171421160	0.500437988892107
171422450	0.500188342783371
171423560	0.500269372938591
171425840	0.500249613104351
171444721	0.500218115060808
171452441	0.509681277941498
171462450	0.500162580868413
171464081	0.500189783816238
171469231	0.500134784778521
171480170	0.505106592089865
171480640	0.500187597184675
171490640	0.500911713069738
171500990	0.500246472239083
171512980	0.500308316233202
171540981	0.500188236184369
171626080	0.500425499067667
171642681	0.500717715391743
171722041	0.500503592076549
171767780	0.500255465466023
171772101	0.500536753188573
171779300	0.500174610815118
171806960	0.500178563016689
171812161	0.500452438278458
171816251	0.500151733323838
171823911	0.507107641144444
171830760	0.500300027769202
171851700	0.500158134065434
171869881	0.50040225426529
171887071	0.500162292458528
171889351	0.518738647979554
171901170	0.501629374801915
171903570	0.500552171921246
171904970	0.50034239604801
171906380	0.500158991738883
171912801	0.502976402135258
171912861	0.500217001817629
171916491	0.50442680465425
171924441	0.500150410233675
171931281	0.503051932061946
171946021	0.500344599900033
171949710	0.50018914919082
171959770	0.500268544682804
171969001	0.500161615961524
171976311	0.500200538583812
171978831	0.500499446368574
171980650	0.510233199219334
171980880	0.500464591000378
171987720	0.500890188689401
171988421	0.500176434646479
171990931	0.500156278911986
171991111	0.500198578691123
171995791	0.500776777494828
172008720	0.500206412999593
172013570	0.503220661475168
172015201	0.503326589382113
172015680	0.501167300709382
172017020	0.506687186218267
172020001	0.500153190821443
172024561	0.500269901586919
172031470	0.505540342542406
172037371	0.500792216478907
172037661	0.500291482344339
172038011	0.500207610656849
172051350	0.500157621404563
172057080	0.505741457885602
172066790	0.503644408676769
172072921	0.500197280523137
172073161	0.507070139675283
172073391	0.500275908384699
172074501	0.510936438902736
172084621	0.500173297359634
172084740	0.500394505111662
172084911	0.500160982825723
172092571	0.500242712479383
172092631	0.500332431316656
172092921	0.501060021883969
172094800	0.500687895737146
172099420	0.524256168848246
172101581	0.500176239027376
172103340	0.500194934793053
172105381	0.500286966730282
172105671	0.50029805399626
172106081	0.500154541967012
172107490	0.500196845849522
172107721	0.503243572843133
172110351	0.501648441381502
172111811	0.500340254129772
172111871	0.500750885395529
172116141	0.500288852770925
172120701	0.500430582915187
172135321	0.500154657974
172136090	0.500177945670317
172139540	0.500194477207809
172143511	0.500165332954924
172146440	0.503211497369052
172149540	0.500295906166017
172149830	0.517743645039839
172156440	0.500218821172491
172157721	0.592623639544636
172158191	0.500232992894866
172169301	0.50025097953536
172171231	0.503108536099853
172173861	0.50053473856198
172175441	0.500559717754471
172186611	0.500174175485396
172194980	0.500203589626446
172196150	0.500166301769052
172216210	0.500130169755529
172218430	0.500413812837445
172220591	0.500179464033028
172246850	0.500306915456267
172250300	0.500136143272473
172255561	0.500598743138762
172264621	0.500881651740979
172264630	0.500186832206802
172273691	0.501566458627683
172275100	0.500149217495016
172285441	0.50014681567761
172303511	0.504685471061679
172305100	0.500207202838953
172308131	0.500439035632653
172323281	0.501094560050661
172323341	0.500210914976917
172325911	0.500166114944604
172331470	0.504233786631113
172344391	0.500220234445757
172351300	0.500281354866253
172355971	0.502009602952218
172360121	0.500190894768945
172374980	0.500519008769054
172382401	0.500186337350839
172382871	0.500170942163534
172384690	0.500227237393391
172389600	0.50033570351268
172389660	0.500383617267234
172390830	0.519429129850767
172395920	0.500305837134204
172396210	0.501807153290767
172406390	0.500810091722723
172412760	0.540482801556077
172414220	0.506555079131798
172422291	0.500527847700456
172425331	0.502467592676825
172429891	0.500198780762687
172433811	0.500597062537648
172439370	0.500237019720202
172442120	0.500665922045965
174093320	0.50057956393335
174093371	0.503128599394882
174094780	0.500240698731779
174099460	0.500574974028278
174100690	0.500267283290775
174103380	0.500178246490294
174108111	0.512232528640114
174110980	0.54401299658358
174115711	0.500654253159556
174122620	0.500160080912148
174124670	0.500172176954306
174131271	0.500274007123939
174132680	0.500316943184264
174133500	0.502411920685877
174137710	0.500217597454812
174140690	0.501738746347328
174146420	0.500676867072159
174147940	0.500122225204092
174148051	0.500355920977592
174154900	0.507526615605901
174156770	0.503606854596082
174186190	0.502257921983715
174191911	0.50013007042397
174194610	0.503715279212535
174196600	0.571109381789173
174196941	0.500158613306537
174197001	0.500205943902322
174198760	0.507689388672494
174205541	0.502215503547293
174209631	0.500236445921512
174214081	0.500173122661313
174218871	0.511442194365305
174219221	0.500292685249251
174225481	0.501747875616644
174235660	0.50014604625795
174242390	0.500376873382876
174247830	0.5010079253992
174255780	0.501857686928187
174266301	0.500484888237916
174266890	0.5018238677731
174280110	0.500154385580927
174281681	0.500149510886512
174282330	0.50104869502421
174282450	0.500196152818421
174282620	0.50037982791444
174315191	0.501715011202404
174323970	0.500506201084157
174325490	0.50023182204594
174326890	0.500582819416223
174337420	0.500605527511524
174337881	0.500822075086055
174339410	0.562411006086847
174342091	0.500167095931909
174343611	0.501476864467894
174344021	0.500864886085016
174346600	0.500242642048571
174349461	0.504814718672683
174349931	0.501706830379269
174352911	0.500180230865605
174354021	0.501106677487936
174360170	0.500309525876471
174361451	0.512770823542023
174362450	0.526854872442983
174363970	0.505103207944364
174368710	0.5002322105116
174371331	0.500157601519598
174381690	0.500183490027866
174399871	0.500207517055638
174403330	0.500241704524298
174405661	0.500186936450132
174416131	0.500178638449204
174417600	0.500180465905304
174418641	0.502742312570726
174418880	0.500211238476228
174425900	0.500199889003833
174429231	0.501575461026028
174429991	0.500716313498652
174435311	0.500262006241375
174439811	0.500367846896864
174446780	0.537520784512359
174449051	0.501268383462831
174457531	0.500192485827817
174459120	0.500183458521329
174463671	0.500678387175931
174470341	0.500263307631022
174490870	0.500878746864529
174495431	0.500166904174578
174499410	0.500462522081333
174501340	0.500229679122324
174501801	0.503738953963474
174502160	0.627608950673001
174506250	0.500198667728007
174521161	0.500273747312844
174522450	0.500171778345469
174524081	0.500263328447458
174603800	0.501940235080865
174604261	0.500170985021675
174608360	0.500548535673292
174611161	0.50016384906993
174611170	0.500268163058375
174613211	0.502361208879817
174617481	0.500861087470985
174619931	0.500449296274002
174761811	0.50058165141993
174765730	0.501338410944674
174770880	0.500137103146224
174782690	0.500364259568778
175025791	0.500681908290233
175103110	0.500185834959235
175104040	0.505221991202314
175106850	0.506897409687802
175110590	0.524669274759405
175114570	0.500184031318932
175114630	0.501607345650971
175257850	0.514720757291185
175260471	0.515421284781264
175263981	0.500168350166334
175275621	0.500837530846579
175281291	0.50064585920367
175420941	0.500301266072193
175427611	0.500561730457176
175428900	0.500180959857137
175434801	0.500387779295181
175436911	0.501596841640388
175442701	0.500195325381517
175590310	0.50170144280333
175594571	0.500185707825304
175753931	0.500327867628163
175791771	0.500379110934277
175848910	0.500501593782937
175917100	0.500182971659833
175918381	0.504382641100436
175927450	0.500201763868654
176088911	0.500165996502429
176089680	0.500295598608016
176212071	0.500388352178792
176269321	0.500189222635541
176293301	0.502722862740263
176394411	0.502086894533946
176863200	0.500211397743542
176950621	0.500466307658246
177508591	0.500151222663951
177567361	0.50060552928835
177903921	0.501561595241278
177974100	0.500207203893199
178230941	0.500161518153985
178235040	0.500150783242433
178381420	0.500296804299836
178389661	0.50144505564903
178401010	0.500346063567299
178401070	0.500230933948938
178402180	0.501616712161683
178407560	0.501112535179472
178409490	0.500209847016208
178411591	0.500177217046575
178443051	0.50034733244534
178444281	0.513026014413055
178446390	0.500545797781012
178460361	0.500304594715019
178460711	0.500228621538353
178460831	0.500336341926544
178461061	0.500469777679079
178462701	0.500442747597607
178463931	0.500196378449253
178468260	0.504676645268086
178468790	0.500320738870966
178509191	0.503807039731938
178522180	0.50020664227605
178522761	0.500139583478587
178531480	0.501250344617244
178532061	0.53123294369875
178582761	0.500291512508876
178583820	0.50026109946559
178584341	0.500256121751882
178585511	0.500205416317365
178588901	0.500149372588863
178592531	0.500264180393792
178622770	0.501959708340503
178641830	0.500338176213097
178642001	0.500172123250328
178642070	0.500280985288094
178642121	0.500411864489091
178642240	0.500171593719239
178642941	0.50019645009507
178643060	0.500298444756409
178643760	0.500191025058899
178648551	0.500165967908324
178702181	0.50018154460666
178704000	0.500379806991373
178744990	0.500174632451345
178745341	0.500271652881668
178761780	0.593449039418219
178766220	0.500695657207962
178768791	0.500745707128447
178806331	0.50020664682002
178811780	0.500610742957611
178823940	0.502890770099076
178825571	0.500162347373106
178825580	0.500153612487775
178826340	0.500200726546216
178867501	0.500301876920171
178885580	0.500158337282293
178891430	0.549444993254252
178891780	0.500208564622971
178891831	0.500174367112962
178896511	0.50022747589945
178944940	0.500179308853263
178946041	0.500619138113347
178953360	0.500428720723832
178955760	0.500181098768439
178985931	0.500176143279753
178998911	0.501178697411753
179002771	0.503550418196225
179016230	0.506211843011976
179023591	0.503815154077807
179026161	0.500159644594995
179051131	0.500192196071209
179069620	0.500351691177139
179101191	0.500149223408249
179132541	0.500536442653814
179146691	0.500565800497148
179187801	0.500404368757861
179204061	0.501636434466748
179220440	0.500156452807969
179227981	0.501036499766571
179230440	0.500197155132722
179248160	0.500330544197426
179291551	0.500249897382271
179308160	0.500167040446803
179308271	0.500704154414118
179310620	0.500291133278909
179344881	0.500181366401085
179370150	0.500800406368565
179378331	0.500248809840314
179378340	0.500162042204623
179390500	0.500221523979814
179406461	0.500132830140706
179408340	0.502459274677015
179432311	0.500383602253179
179453780	0.500641149668176
179459220	0.502211528843818
179472081	0.500240672142872
179475941	0.500624485185005
179508400	0.501604975153159
179538520	0.500316826312313
179565001	0.500343712009035
179602841	0.500375965485222
179623891	0.500170854712572
179644950	0.500182269482142
179660971	0.500658874734249
179716360	0.500278823500846
179744020	0.512192165829598
179744891	0.50127498402035
179763900	0.500353868993804
179781441	0.501125461975681
179785011	0.524541096816568
179796240	0.501299549287659
179799690	0.504579035427237
179827931	0.501359928252663
179960400	0.501669494126145
179961570	0.500171102087995
179966600	0.500207630573525
179980331	0.500396964516701
180008111	0.512340756636217
180025840	0.500275545354482
180100571	0.500173396615109
180104960	0.500264158176102
180179051	0.500247794002875
180179060	0.500523057477246
180190281	0.503778937889656
180223791	0.500386245855371
180233791	0.500835629357382
180238650	0.500194813886012
180249120	0.500370489837279
180280050	0.501367104963069
180286310	0.500321899342044
180378001	0.500189006588913
180389171	0.51399692055034
180389231	0.500168856204116
180403270	0.500196065516016
180419060	0.504980540425456
180446020	0.562844234299548
180453851	0.500261181209411
180454500	0.502903901277131
180493621	0.501294939385812
180528540	0.583340207417322
180574671	0.500204295683067
180595500	0.500239025603604
180597891	0.500164401748233
180607310	0.50012492230454
180642810	0.500230217804724
180643911	0.5672584175191
180648591	0.500261105503052
180659121	0.500218571310773
180688600	0.500556816124536
180707900	0.500400553885064
180737071	0.502794837816747
180767900	0.500148453909298
180803690	0.500224244269994
180810590	0.500182722680048
180814740	0.50335123427223
180819061	0.563195245675607
180826141	0.500214387630609
180834091	0.500372202470292
180855611	0.510814393171177
180857430	0.500260766867185
180860351	0.50020659359907
180889301	0.501513296324431
180889941	0.500514741715364
180928891	0.500868982275596
180942221	0.501041415125081
180946790	0.50032765086161
180949070	0.500389545752597
180972760	0.500183718900107
180974331	0.501532373259601
180980181	0.500146337803099
180985441	0.500198160058426
181004041	0.500189138673671
181010300	0.500197894785635
181030941	0.520846871963115
181031001	0.500412270299967
181043340	0.500215440814806
181085031	0.500996676352132
181088780	0.500161035982876
181089250	0.500422423062383
181098200	0.500241576297296
181113511	0.502847478241339
181130190	0.500494951696372
181200121	0.510758315593547
181211940	0.516451679643146
181212461	0.500673367667614
181214400	0.50018181825748
181219430	0.508489299434576
181243230	0.503102369185819
181243350	0.500212082846301
181249601	0.500363021021255
181261240	0.500270251100445
181274221	0.505300550576087
181285681	0.500431669188045
181285980	0.500171482504836
181351830	0.500176658747558
181375220	0.501685010292569
181395220	0.500196921950114
181410071	0.500181331939179
181436911	0.514154250004808
181458910	0.501007772052528
181458961	0.500142706819285
181468261	0.500316975436542
181468320	0.502234795890259
181475870	0.500156880055452
181490771	0.500424154645797
181500080	0.509685530993955
181512650	0.500182123427822
181519841	0.500173610486753
181522411	0.500960480462067
181531941	0.500222822813628
181555041	0.500703522876481
181555221	0.50023243522076
181557620	0.500222360847886
181557680	0.500436062875456
181557911	0.500165144826553
181590900	0.500429259004063
181593761	0.500256258416091
181600481	0.500209444794794
181613180	0.500188471136498
181618210	0.503083090561666
181627091	0.501002230879703
181639260	0.5016739305468
181641771	0.500345312563179
181664760	0.501471983028899
181678560	0.500146438187164
181686741	0.500159781263879
181693880	0.500312062356024
181698791	0.500179558247972
181717450	0.503209903705879
181719850	0.500600438490518
182233071	0.501260468554926
182235641	0.504127765414373
182243071	0.500155990839829
182261841	0.500926062600005
182287050	0.500172750185361
182289920	0.500296278404229
182296060	0.500216046308294
182298451	0.502504424303536
182307341	0.500178209963496
182309450	0.501672223854275
182312140	0.501762365317379
182337870	0.500483089426223
182343020	0.500150918134867
182343720	0.500182819418895
182358981	0.514485639795415
182360210	0.500193205947963
182365590	0.500200464069501
182376171	0.500222215143035
182380330	0.504556724518263
182383020	0.502339450972391
182423541	0.500197084799766
182439271	0.50014863750418
182450151	0.500395514344375
182454130	0.547814193286428
182460390	0.500555486583022
182461201	0.500429717414568
182463430	0.50016922098409
182463550	0.50039843942455
182471321	0.506241604027578
182477000	0.500316788739412
182481261	0.501284721917063
182491210	0.500566683427921
182493080	0.500310206380995
182493251	0.500140359227391
182497820	0.503924192661283
182499861	0.500163743445174
182520561	0.500379724757113
182521500	0.500498738642893
182524771	0.502425842121993
182528571	0.500456466400214
182534711	0.500173675627632
182540390	0.500181329645317
182543550	0.504519859754806
182553541	0.500229484420948
182553780	0.520925861776833
182574131	0.523131372549979
182575190	0.50014379276854
182578230	0.500221022425617
182591270	0.500246616937979
182593490	0.500274161346507
182596240	0.506996267145859
182601381	0.50026399459394
182602081	0.500151960650673
182612081	0.500200984588743
182619451	0.502713550918697
182624191	0.500537366997805
182633721	0.500162618122624
182642901	0.500431101517259
182647120	0.500269417665198
182648751	0.500218956689628
182654481	0.502059232207615
182665190	0.500180886606301
182665250	0.500354557362021
182682201	0.500242826226171
182684951	0.500219232093386
182702440	0.501212364049798
182702500	0.502780081153614
182709861	0.500155278994761
182722141	0.501727738812902
182723491	0.500765554609601
182723960	0.500635895020546
182735711	0.507482384739357
182743311	0.500147730732181
182746010	0.500194246507514
182758111	0.500228955312957
183366140	0.500453379482934
183776910	0.50020521354397
183777781	0.500541402413272
183779241	0.500235331799492
183784331	0.533426744217518
183785261	0.500901816384534
183790650	0.500213655486323
183801641	0.534353165816635
183816320	0.500255600924602
183829010	0.500160245427892
183836201	0.500176746133971
183859531	0.539507550889325
183872110	0.505380178592028
183877380	0.506305128866454
183893340	0.500213336466233
183907320	0.501152827903938
183943460	0.500371301540105
183944451	0.500573199193307
183967841	0.500190551800622
183969361	0.507041736000894
184264990	0.500588781680802
184273751	0.503268223231141
184279721	0.500443329664136
184280831	0.500459730996678
184300421	0.609804140059004
184323051	0.500196022124333
184352291	0.504341779359735
184372291	0.50024981046024
184379311	0.500189675843242
184403180	0.500206941050146
184423051	0.512823045862177
184423171	0.500150944014934
184427851	0.500215733293718
184462411	0.500169237797061
184471310	0.500228254829712
184834120	0.504451588486738
185280680	0.500446225694685
185286871	0.500178211825332
185302200	0.500187766160324
185316000	0.500268837175449
185316461	0.500827183785035
185318690	0.502499479752814
185332140	0.500205028903665
185333191	0.500226448646972
185334011	0.500495220910059
185336991	0.501770169776006
185341500	0.500230836308685
185345061	0.50023382444196
185346470	0.500281833081996
185349741	0.500175255195216
185351961	0.500428134028504
185355710	0.504130734621112
185375181	0.50047490148473
185386240	0.500369886636886
185389971	0.502686928624945
185391321	0.500702774668089
185395070	0.500185406606049
185396650	0.500203419680402
185416820	0.500513702703147
185425411	0.502425940337069
185430330	0.510920545073204
185451201	0.500270803531874
185459630	0.500156659816955
185462320	0.500931745652471
185843090	0.500319779031923
185870801	0.500261336204652
185887411	0.500357272799168
185915660	0.500342327154623
185928701	0.500248255665913
185952971	0.500255847085489
185953901	0.500157457399165
185965370	0.501571965376433
185978410	0.500259284797201
186022740	0.502892881407231
186059290	0.535749683630173
186065610	0.501381901367687
186092681	0.500181995978283
186093791	0.500157345726247
186104260	0.501844256702494
186122091	0.501645790950197
186124670	0.500300956945231
186129871	0.500238277672259
186138300	0.501387016625283
186165601	0.500355531294724
186190631	0.500183351978384
186221921	0.500205970061622
186295610	0.500545873373331
186327831	0.500198464828468
186334961	0.500883989320337
186336661	0.500931575960908
186345320	0.50220443101523
186354611	0.500880504255665
186368010	0.500162094651288
186394441	0.500148080480313
186403570	0.501011206339072
186404500	0.500622964916425
186434791	0.50456540406524
186444330	0.501039927723882
186474620	0.500487074550535
186478651	0.500294626381748
186499300	0.500295536175063
186519650	0.500210008150876
186527370	0.500172087628461
186550000	0.651695757636016
186572451	0.500536581168696
186577661	0.500346008389017
186588831	0.50059024882911
186640351	0.501405139945415
186649241	0.500634657634942
186669950	0.502912466642396
186690650	0.502509842914373
186710061	0.500956297860891
186719241	0.500317492362468
186720770	0.500286742807339
186730590	0.500302012239281
186751760	0.506500609020508
186752221	0.500864919479187
186756671	0.501334120436997
186771461	0.502545768794873
186776090	0.501046606634724
186779771	0.500552094438612
186792631	0.50023197542721
186792691	0.500783124773109
186827251	0.501896367763848
186829241	0.500386951291496
186841590	0.500208189440099
186866381	0.500194745644439
186870070	0.500473393759683
186874801	0.504798815499035
186892640	0.500271096519098
186895100	0.500503627880446
186896440	0.500259704824724
186899651	0.500811688334924
186903750	0.500750584803536
186908200	0.500684490586283
186908370	0.50020332349977
186927790	0.500301740001775
187003640	0.500586949523684
187005740	0.513776485747158
187021641	0.500535980159025
187034750	0.500415689886382
187060301	0.500419451785279
187066091	0.50035325483367
187090600	0.50030265106083
187094690	0.504547546585362
187112590	0.500350277304043
187146100	0.501244006362773
187147620	0.502553060527821
187152940	0.500308204779915
187170651	0.500198606660264
187188610	0.500444088430627
187199490	0.500778377147945
187203931	0.500877052827757
187233931	0.500186240877018
187250310	0.501183122708349
187259960	0.500257473685554
187269951	0.500320486847848
187272641	0.506720348659773
187314281	0.501332303709834
187332121	0.50050776781928
187346211	0.501162331911985
187350011	0.501307604073093
187400951	0.503450497582573
187402240	0.50220129581856
187429081	0.500588115556304
187434760	0.500314002446607
187434871	0.502644054808664
187444350	0.501487387080028
187489730	0.500741417715797
187493530	0.503038874612769
187531190	0.505557528849338
187562010	0.500448401445861
187564290	0.501791269613505
187565870	0.500423020785329
187577510	0.501381477945328
187594641	0.500830244602338
187604521	0.501532515669757
187626041	0.502635725701932
187634060	0.500258347474331
187636041	0.500730324022615
187733830	0.501072230098462
187766810	0.500349865011164
187768040	0.503849370049198
187774590	0.501313183270684
187775060	0.500815120914037
187816050	0.501926805708012
187827511	0.501480241268385
187828510	0.503400256143032
187838971	0.503875626277944
187845820	0.507464932450202
187902361	0.508082066173661
187903010	0.506678298580727
187956461	0.507300803183914
187964701	0.504986031970257
187969270	0.50314117025822
187989740	0.504953541699728
188009390	0.506033456277613
188042080	0.504925308516846
188115120	0.502925066640157
188116871	0.500711936332429
